2025-08-20T08:22:09.761Z [INFO]: Request completed {
  method: 'GET',
  url: '/@vite/client',
  statusCode: 200,
  duration: '61ms',
  ip: '127.0.0.1',
  response: undefined
}
2025-08-20T08:22:10.425Z [INFO]: Request completed {
  method: 'GET',
  url: '/src/main.tsx?v=QMaRK6hIUaWoxZlcteiwG',
  statusCode: 200,
  duration: '733ms',
  ip: '127.0.0.1',
  response: undefined
}
2025-08-20T08:22:10.444Z [INFO]: Request completed {
  method: 'GET',
  url: '/@fs/c:/ledgerApp/node_modules/vite/dist/client/env.mjs',
  statusCode: 200,
  duration: '2ms',
  ip: '127.0.0.1',
  response: undefined
}
2025-08-20T08:22:10.522Z [INFO]: Request completed {
  method: 'GET',
  url: '/@react-refresh',
  statusCode: 304,
  duration: '76ms',
  ip: '127.0.0.1',
  response: undefined
}
2025-08-20T08:22:10.539Z [INFO]: Request completed {
  method: 'GET',
  url: '/@fs/C:/ledgerApp/client/src/App.tsx?v=QMaRK6hIUaWoxZlcteiwG',
  statusCode: 200,
  duration: '1ms',
  ip: '127.0.0.1',
  response: undefined
}
2025-08-20T08:22:11.183Z [INFO]: Request completed {
  method: 'GET',
  url: '/@fs/C:/ledgerApp/client/src/components/ui/toaster.tsx',
  statusCode: 200,
  duration: '27ms',
  ip: '127.0.0.1',
  response: undefined
}
2025-08-20T08:22:11.291Z [INFO]: Request completed {
  method: 'GET',
  url: '/@fs/C:/ledgerApp/client/src/components/ui/tooltip.tsx',
  statusCode: 200,
  duration: '1ms',
  ip: '127.0.0.1',
  response: undefined
}
2025-08-20T08:22:11.819Z [INFO]: Request completed {
  method: 'GET',
  url: '/@fs/C:/ledgerApp/client/src/index.css?v=QMaRK6hIUaWoxZlcteiwG',
  statusCode: 200,
  duration: '1279ms',
  ip: '127.0.0.1',
  response: undefined
}
2025-08-20T08:22:11.822Z [INFO]: Request completed {
  method: 'GET',
  url: '/@fs/C:/ledgerApp/client/src/lib/auth-store.ts',
  statusCode: 200,
  duration: '1ms',
  ip: '127.0.0.1',
  response: undefined
}
2025-08-20T08:22:11.966Z [INFO]: Request completed {
  method: 'GET',
  url: '/@fs/C:/ledgerApp/client/src/lib/queryClient.ts',
  statusCode: 200,
  duration: '2ms',
  ip: '127.0.0.1',
  response: undefined
}
2025-08-20T08:22:11.967Z [INFO]: Request completed {
  method: 'GET',
  url: '/@fs/C:/ledgerApp/client/src/components/layout/BusinessAppShell.tsx',
  statusCode: 200,
  duration: '1ms',
  ip: '127.0.0.1',
  response: undefined
}
2025-08-20T08:22:11.986Z [INFO]: Request completed {
  method: 'GET',
  url: '/@fs/C:/ledgerApp/client/src/components/layout/SuperAdminAppShell.tsx',
  statusCode: 200,
  duration: '1ms',
  ip: '127.0.0.1',
  response: undefined
}
2025-08-20T08:22:12.024Z [INFO]: Request completed {
  method: 'GET',
  url: '/@fs/C:/ledgerApp/client/src/pages/business/Login.tsx',
  statusCode: 200,
  duration: '2ms',
  ip: '127.0.0.1',
  response: undefined
}
2025-08-20T08:22:12.084Z [INFO]: Request completed {
  method: 'GET',
  url: '/@fs/C:/ledgerApp/client/src/pages/admin/Login.tsx',
  statusCode: 200,
  duration: '1ms',
  ip: '127.0.0.1',
  response: undefined
}
2025-08-20T08:22:12.093Z [INFO]: Request completed {
  method: 'GET',
  url: '/@fs/C:/ledgerApp/client/src/pages/admin/Dashboard.tsx',
  statusCode: 200,
  duration: '1ms',
  ip: '127.0.0.1',
  response: undefined
}
2025-08-20T08:22:12.130Z [INFO]: Request completed {
  method: 'GET',
  url: '/@fs/C:/ledgerApp/client/src/pages/business/Dashboard.tsx',
  statusCode: 200,
  duration: '2ms',
  ip: '127.0.0.1',
  response: undefined
}
2025-08-20T08:22:12.139Z [INFO]: Request completed {
  method: 'GET',
  url: '/@fs/C:/ledgerApp/client/src/pages/admin/Businesses.tsx',
  statusCode: 200,
  duration: '1ms',
  ip: '127.0.0.1',
  response: undefined
}
2025-08-20T08:22:12.176Z [INFO]: Request completed {
  method: 'GET',
  url: '/@fs/C:/ledgerApp/client/src/pages/admin/Branches.tsx',
  statusCode: 200,
  duration: '1ms',
  ip: '127.0.0.1',
  response: undefined
}
2025-08-20T08:22:12.186Z [INFO]: Request completed {
  method: 'GET',
  url: '/@fs/C:/ledgerApp/client/src/pages/business/Accounts.tsx',
  statusCode: 200,
  duration: '1ms',
  ip: '127.0.0.1',
  response: undefined
}
2025-08-20T08:22:12.196Z [INFO]: Request completed {
  method: 'GET',
  url: '/@fs/C:/ledgerApp/client/src/pages/business/Cashbook.tsx',
  statusCode: 200,
  duration: '1ms',
  ip: '127.0.0.1',
  response: undefined
}
2025-08-20T08:22:12.200Z [INFO]: Request completed {
  method: 'GET',
  url: '/@fs/C:/ledgerApp/client/src/pages/admin/UsersRoles.tsx',
  statusCode: 200,
  duration: '1ms',
  ip: '127.0.0.1',
  response: undefined
}
2025-08-20T08:22:12.203Z [INFO]: Request completed {
  method: 'GET',
  url: '/@fs/C:/ledgerApp/client/src/pages/admin/AppSettings.tsx',
  statusCode: 200,
  duration: '1ms',
  ip: '127.0.0.1',
  response: undefined
}
2025-08-20T08:22:12.206Z [INFO]: Request completed {
  method: 'GET',
  url: '/@fs/C:/ledgerApp/client/src/pages/business/Invoices.tsx',
  statusCode: 200,
  duration: '1ms',
  ip: '127.0.0.1',
  response: undefined
}
2025-08-20T08:22:12.211Z [INFO]: Request completed {
  method: 'GET',
  url: '/@fs/C:/ledgerApp/client/src/pages/admin/Audit.tsx',
  statusCode: 200,
  duration: '1ms',
  ip: '127.0.0.1',
  response: undefined
}
2025-08-20T08:22:12.214Z [INFO]: Request completed {
  method: 'GET',
  url: '/@fs/C:/ledgerApp/client/src/pages/admin/Feedback.tsx',
  statusCode: 200,
  duration: '2ms',
  ip: '127.0.0.1',
  response: undefined
}
2025-08-20T08:22:12.217Z [INFO]: Request completed {
  method: 'GET',
  url: '/@fs/C:/ledgerApp/client/src/pages/admin/Diagnostics.tsx',
  statusCode: 200,
  duration: '1ms',
  ip: '127.0.0.1',
  response: undefined
}
2025-08-20T08:22:12.220Z [INFO]: Request completed {
  method: 'GET',
  url: '/@fs/C:/ledgerApp/client/src/pages/business/Inventory.tsx',
  statusCode: 200,
  duration: '1ms',
  ip: '127.0.0.1',
  response: undefined
}
2025-08-20T08:22:12.224Z [INFO]: Request completed {
  method: 'GET',
  url: '/@fs/C:/ledgerApp/client/src/pages/business/Settings.tsx',
  statusCode: 200,
  duration: '1ms',
  ip: '127.0.0.1',
  response: undefined
}
2025-08-20T08:22:12.228Z [INFO]: Request completed {
  method: 'GET',
  url: '/@fs/C:/ledgerApp/client/src/pages/business/Reports.tsx',
  statusCode: 200,
  duration: '1ms',
  ip: '127.0.0.1',
  response: undefined
}
2025-08-20T08:22:12.232Z [INFO]: Request completed {
  method: 'GET',
  url: '/@fs/C:/ledgerApp/client/src/hooks/use-toast.ts',
  statusCode: 200,
  duration: '1ms',
  ip: '127.0.0.1',
  response: undefined
}
2025-08-20T08:22:12.234Z [INFO]: Request completed {
  method: 'GET',
  url: '/@fs/C:/ledgerApp/client/src/components/ui/toast.tsx',
  statusCode: 200,
  duration: '1ms',
  ip: '127.0.0.1',
  response: undefined
}
2025-08-20T08:22:12.255Z [INFO]: Request completed {
  method: 'GET',
  url: '/@fs/c:/ledgerApp/node_modules/.vite/deps/react-dom_client.js?v=cc0b4581',
  statusCode: 200,
  duration: '1735ms',
  ip: '127.0.0.1',
  response: undefined
}
2025-08-20T08:22:12.256Z [INFO]: Request completed {
  method: 'GET',
  url: '/@fs/c:/ledgerApp/node_modules/.vite/deps/wouter.js?v=87c0ecce',
  statusCode: 200,
  duration: '269ms',
  ip: '127.0.0.1',
  response: undefined
}
2025-08-20T08:22:12.259Z [INFO]: Request completed {
  method: 'GET',
  url: '/@fs/c:/ledgerApp/node_modules/.vite/deps/react.js?v=22212f51',
  statusCode: 200,
  duration: '1413ms',
  ip: '127.0.0.1',
  response: undefined
}
2025-08-20T08:22:12.261Z [INFO]: Request completed {
  method: 'GET',
  url: '/@fs/c:/ledgerApp/node_modules/.vite/deps/react_jsx-dev-runtime.js?v=22212f51',
  statusCode: 200,
  duration: '1807ms',
  ip: '127.0.0.1',
  response: undefined
}
2025-08-20T08:22:12.267Z [INFO]: Request completed {
  method: 'GET',
  url: '/@fs/c:/ledgerApp/node_modules/.vite/deps/@radix-ui_react-tooltip.js?v=de750309',
  statusCode: 200,
  duration: '31ms',
  ip: '127.0.0.1',
  response: undefined
}
2025-08-20T08:22:12.268Z [INFO]: Request completed {
  method: 'GET',
  url: '/@fs/c:/ledgerApp/node_modules/.vite/deps/@tanstack_react-query.js?v=bdd815fa',
  statusCode: 200,
  duration: '1421ms',
  ip: '127.0.0.1',
  response: undefined
}
2025-08-20T08:22:12.286Z [INFO]: Request completed {
  method: 'GET',
  url: '/@fs/C:/ledgerApp/client/src/lib/utils.ts',
  statusCode: 200,
  duration: '0ms',
  ip: '127.0.0.1',
  response: undefined
}
2025-08-20T08:22:12.287Z [INFO]: Request completed {
  method: 'GET',
  url: '/@fs/c:/ledgerApp/node_modules/.vite/deps/zustand.js?v=95ea1fc1',
  statusCode: 200,
  duration: '1ms',
  ip: '127.0.0.1',
  response: undefined
}
2025-08-20T08:22:12.289Z [INFO]: Request completed {
  method: 'GET',
  url: '/@fs/c:/ledgerApp/node_modules/.vite/deps/zustand_middleware.js?v=01b9e7b1',
  statusCode: 200,
  duration: '1ms',
  ip: '127.0.0.1',
  response: undefined
}
2025-08-20T08:22:12.291Z [INFO]: Request completed {
  method: 'GET',
  url: '/@fs/c:/ledgerApp/node_modules/.vite/deps/@tanstack_react-query-persist-client.js?v=7282be0f',
  statusCode: 200,
  duration: '0ms',
  ip: '127.0.0.1',
  response: undefined
}
2025-08-20T08:22:12.293Z [INFO]: Request completed {
  method: 'GET',
  url: '/@fs/c:/ledgerApp/node_modules/.vite/deps/@tanstack_query-sync-storage-persister.js?v=3b327fa3',
  statusCode: 200,
  duration: '2ms',
  ip: '127.0.0.1',
  response: undefined
}
2025-08-20T08:22:12.297Z [INFO]: Request completed {
  method: 'GET',
  url: '/@fs/C:/ledgerApp/client/src/components/layout/LedgerLayout.tsx',
  statusCode: 200,
  duration: '3ms',
  ip: '127.0.0.1',
  response: undefined
}
2025-08-20T08:22:12.300Z [INFO]: Request completed {
  method: 'GET',
  url: '/@fs/C:/ledgerApp/client/src/components/layout/MobileNavDrawer.tsx',
  statusCode: 200,
  duration: '1ms',
  ip: '127.0.0.1',
  response: undefined
}
2025-08-20T08:22:12.307Z [INFO]: Request completed {
  method: 'GET',
  url: '/@fs/C:/ledgerApp/client/src/components/layout/AppHeader.tsx',
  statusCode: 200,
  duration: '1ms',
  ip: '127.0.0.1',
  response: undefined
}
2025-08-20T08:22:12.308Z [INFO]: Request completed {
  method: 'GET',
  url: '/@fs/C:/ledgerApp/client/src/components/layout/SidebarNav.tsx',
  statusCode: 200,
  duration: '0ms',
  ip: '127.0.0.1',
  response: undefined
}
2025-08-20T08:22:12.310Z [INFO]: Request completed {
  method: 'GET',
  url: '/@fs/C:/ledgerApp/client/src/components/layout/MobileBottomNav.tsx',
  statusCode: 200,
  duration: '0ms',
  ip: '127.0.0.1',
  response: undefined
}
2025-08-20T08:22:12.311Z [INFO]: Request completed {
  method: 'GET',
  url: '/@fs/C:/ledgerApp/client/src/components/layout/Breadcrumb.tsx',
  statusCode: 200,
  duration: '1ms',
  ip: '127.0.0.1',
  response: undefined
}
2025-08-20T08:22:12.314Z [INFO]: Request completed {
  method: 'GET',
  url: '/@fs/C:/ledgerApp/client/src/components/ui/button.tsx',
  statusCode: 200,
  duration: '2ms',
  ip: '127.0.0.1',
  response: undefined
}
2025-08-20T08:22:12.318Z [INFO]: Request completed {
  method: 'GET',
  url: '/@fs/C:/ledgerApp/client/src/components/ui/input.tsx',
  statusCode: 200,
  duration: '0ms',
  ip: '127.0.0.1',
  response: undefined
}
2025-08-20T08:22:12.319Z [INFO]: Request completed {
  method: 'GET',
  url: '/@fs/C:/ledgerApp/client/src/components/ui/label.tsx',
  statusCode: 200,
  duration: '1ms',
  ip: '127.0.0.1',
  response: undefined
}
2025-08-20T08:22:12.322Z [INFO]: Request completed {
  method: 'GET',
  url: '/@fs/C:/ledgerApp/client/src/components/ui/card.tsx',
  statusCode: 200,
  duration: '2ms',
  ip: '127.0.0.1',
  response: undefined
}
2025-08-20T08:22:12.325Z [INFO]: Request completed {
  method: 'GET',
  url: '/@fs/C:/ledgerApp/client/src/lib/design-tokens.ts',
  statusCode: 200,
  duration: '2ms',
  ip: '127.0.0.1',
  response: undefined
}
2025-08-20T08:22:12.360Z [INFO]: Request completed {
  method: 'GET',
  url: '/@fs/c:/ledgerApp/node_modules/.vite/deps/lucide-react.js?v=ca19d3b2',
  statusCode: 200,
  duration: '4ms',
  ip: '127.0.0.1',
  response: undefined
}
2025-08-20T08:22:12.362Z [INFO]: Request completed {
  method: 'GET',
  url: '/@fs/C:/ledgerApp/client/src/components/ui/alert.tsx',
  statusCode: 200,
  duration: '1ms',
  ip: '127.0.0.1',
  response: undefined
}
2025-08-20T08:22:12.365Z [INFO]: Request completed {
  method: 'GET',
  url: '/@fs/C:/ledgerApp/client/src/components/ui/skeleton.tsx',
  statusCode: 200,
  duration: '2ms',
  ip: '127.0.0.1',
  response: undefined
}
2025-08-20T08:22:12.368Z [INFO]: Request completed {
  method: 'GET',
  url: '/@fs/C:/ledgerApp/client/src/lib/api.ts',
  statusCode: 200,
  duration: '2ms',
  ip: '127.0.0.1',
  response: undefined
}
2025-08-20T08:22:12.370Z [INFO]: Request completed {
  method: 'GET',
  url: '/@fs/C:/ledgerApp/client/src/components/ui/badge.tsx',
  statusCode: 200,
  duration: '1ms',
  ip: '127.0.0.1',
  response: undefined
}
2025-08-20T08:22:12.393Z [INFO]: Request completed {
  method: 'GET',
  url: '/@fs/C:/ledgerApp/client/src/components/modals/CashEntryModal.tsx',
  statusCode: 200,
  duration: '1ms',
  ip: '127.0.0.1',
  response: undefined
}
2025-08-20T08:22:12.394Z [INFO]: Request completed {
  method: 'GET',
  url: '/@fs/C:/ledgerApp/client/src/components/modals/CreateInvoiceModal.tsx',
  statusCode: 200,
  duration: '1ms',
  ip: '127.0.0.1',
  response: undefined
}
2025-08-20T08:22:12.397Z [INFO]: Request completed {
  method: 'GET',
  url: '/@fs/C:/ledgerApp/client/src/components/reports/StatementGenerator.tsx',
  statusCode: 200,
  duration: '1ms',
  ip: '127.0.0.1',
  response: undefined
}
2025-08-20T08:22:12.400Z [INFO]: Request completed {
  method: 'GET',
  url: '/@fs/C:/ledgerApp/client/src/components/modals/BulkOperationsModal.tsx',
  statusCode: 200,
  duration: '1ms',
  ip: '127.0.0.1',
  response: undefined
}
2025-08-20T08:22:12.404Z [INFO]: Request completed {
  method: 'GET',
  url: '/@fs/C:/ledgerApp/client/src/components/ui/dialog.tsx',
  statusCode: 200,
  duration: '2ms',
  ip: '127.0.0.1',
  response: undefined
}
2025-08-20T08:22:12.408Z [INFO]: Request completed {
  method: 'GET',
  url: '/@fs/C:/ledgerApp/client/src/components/ui/select.tsx',
  statusCode: 200,
  duration: '2ms',
  ip: '127.0.0.1',
  response: undefined
}
2025-08-20T08:22:12.411Z [INFO]: Request completed {
  method: 'GET',
  url: '/@fs/C:/ledgerApp/client/src/components/ui/switch.tsx',
  statusCode: 200,
  duration: '1ms',
  ip: '127.0.0.1',
  response: undefined
}
2025-08-20T08:22:12.414Z [INFO]: Request completed {
  method: 'GET',
  url: '/@fs/C:/ledgerApp/client/src/components/ui/textarea.tsx',
  statusCode: 200,
  duration: '2ms',
  ip: '127.0.0.1',
  response: undefined
}
2025-08-20T08:22:12.417Z [INFO]: Request completed {
  method: 'GET',
  url: '/@fs/c:/ledgerApp/node_modules/.vite/deps/@radix-ui_react-toast.js?v=36d83010',
  statusCode: 200,
  duration: '1ms',
  ip: '127.0.0.1',
  response: undefined
}
2025-08-20T08:22:12.420Z [INFO]: Request completed {
  method: 'GET',
  url: '/@fs/c:/ledgerApp/node_modules/.vite/deps/class-variance-authority.js?v=6222c119',
  statusCode: 200,
  duration: '2ms',
  ip: '127.0.0.1',
  response: undefined
}
2025-08-20T08:22:12.427Z [INFO]: Request completed {
  method: 'GET',
  url: '/@fs/c:/ledgerApp/node_modules/.vite/deps/chunk-WERSD76P.js?v=0047aad4',
  statusCode: 200,
  duration: '6ms',
  ip: '127.0.0.1',
  response: undefined
}
2025-08-20T08:22:12.430Z [INFO]: Request completed {
  method: 'GET',
  url: '/@fs/c:/ledgerApp/node_modules/.vite/deps/chunk-3TFVT2CW.js?v=0047aad4',
  statusCode: 200,
  duration: '1ms',
  ip: '127.0.0.1',
  response: undefined
}
2025-08-20T08:22:12.433Z [INFO]: Request completed {
  method: 'GET',
  url: '/@fs/c:/ledgerApp/node_modules/.vite/deps/chunk-4MBMRILA.js?v=0047aad4',
  statusCode: 200,
  duration: '1ms',
  ip: '127.0.0.1',
  response: undefined
}
2025-08-20T08:22:12.436Z [INFO]: Request completed {
  method: 'GET',
  url: '/@fs/c:/ledgerApp/node_modules/.vite/deps/chunk-PVAG4R55.js?v=0047aad4',
  statusCode: 200,
  duration: '2ms',
  ip: '127.0.0.1',
  response: undefined
}
2025-08-20T08:22:12.438Z [INFO]: Request completed {
  method: 'GET',
  url: '/@fs/c:/ledgerApp/node_modules/.vite/deps/chunk-ZTET5EGT.js?v=0047aad4',
  statusCode: 200,
  duration: '2ms',
  ip: '127.0.0.1',
  response: undefined
}
2025-08-20T08:22:12.441Z [INFO]: Request completed {
  method: 'GET',
  url: '/@fs/c:/ledgerApp/node_modules/.vite/deps/chunk-VT26UALT.js?v=0047aad4',
  statusCode: 200,
  duration: '2ms',
  ip: '127.0.0.1',
  response: undefined
}
2025-08-20T08:22:12.444Z [INFO]: Request completed {
  method: 'GET',
  url: '/@fs/c:/ledgerApp/node_modules/.vite/deps/chunk-XFUAPZYC.js?v=0047aad4',
  statusCode: 200,
  duration: '2ms',
  ip: '127.0.0.1',
  response: undefined
}
2025-08-20T08:22:12.448Z [INFO]: Request completed {
  method: 'GET',
  url: '/@fs/c:/ledgerApp/node_modules/.vite/deps/chunk-HHSGZLSP.js?v=0047aad4',
  statusCode: 200,
  duration: '2ms',
  ip: '127.0.0.1',
  response: undefined
}
2025-08-20T08:22:12.451Z [INFO]: Request completed {
  method: 'GET',
  url: '/@fs/c:/ledgerApp/node_modules/.vite/deps/chunk-YGXLQWI6.js?v=0047aad4',
  statusCode: 200,
  duration: '2ms',
  ip: '127.0.0.1',
  response: undefined
}
2025-08-20T08:22:12.453Z [INFO]: Request completed {
  method: 'GET',
  url: '/@fs/c:/ledgerApp/node_modules/.vite/deps/chunk-AUS37OBF.js?v=0047aad4',
  statusCode: 200,
  duration: '1ms',
  ip: '127.0.0.1',
  response: undefined
}
2025-08-20T08:22:12.455Z [INFO]: Request completed {
  method: 'GET',
  url: '/@fs/c:/ledgerApp/node_modules/.vite/deps/chunk-PFAUAXO7.js?v=0047aad4',
  statusCode: 200,
  duration: '1ms',
  ip: '127.0.0.1',
  response: undefined
}
2025-08-20T08:22:12.457Z [INFO]: Request completed {
  method: 'GET',
  url: '/@fs/c:/ledgerApp/node_modules/.vite/deps/chunk-PLT6GTVM.js?v=0047aad4',
  statusCode: 200,
  duration: '0ms',
  ip: '127.0.0.1',
  response: undefined
}
2025-08-20T08:22:12.459Z [INFO]: Request completed {
  method: 'GET',
  url: '/@fs/c:/ledgerApp/node_modules/.vite/deps/chunk-5SOOSTSW.js?v=0047aad4',
  statusCode: 200,
  duration: '1ms',
  ip: '127.0.0.1',
  response: undefined
}
2025-08-20T08:22:12.461Z [INFO]: Request completed {
  method: 'GET',
  url: '/@fs/C:/ledgerApp/client/src/components/ui/tabs.tsx',
  statusCode: 200,
  duration: '1ms',
  ip: '127.0.0.1',
  response: undefined
}
2025-08-20T08:22:12.464Z [INFO]: Request completed {
  method: 'GET',
  url: '/@fs/c:/ledgerApp/node_modules/.vite/deps/chunk-5S42QOQO.js?v=0047aad4',
  statusCode: 200,
  duration: '1ms',
  ip: '127.0.0.1',
  response: undefined
}
2025-08-20T08:22:12.466Z [INFO]: Request completed {
  method: 'GET',
  url: '/@fs/c:/ledgerApp/node_modules/.vite/deps/chunk-S77I6LSE.js?v=0047aad4',
  statusCode: 200,
  duration: '1ms',
  ip: '127.0.0.1',
  response: undefined
}
2025-08-20T08:22:12.468Z [INFO]: Request completed {
  method: 'GET',
  url: '/@fs/c:/ledgerApp/node_modules/.vite/deps/chunk-ZADDJO6S.js?v=0047aad4',
  statusCode: 200,
  duration: '1ms',
  ip: '127.0.0.1',
  response: undefined
}
2025-08-20T08:22:12.471Z [INFO]: Request completed {
  method: 'GET',
  url: '/@fs/c:/ledgerApp/node_modules/.vite/deps/clsx.js?v=519e524b',
  statusCode: 200,
  duration: '1ms',
  ip: '127.0.0.1',
  response: undefined
}
2025-08-20T08:22:12.473Z [INFO]: Request completed {
  method: 'GET',
  url: '/@fs/c:/ledgerApp/node_modules/.vite/deps/tailwind-merge.js?v=d2d5ee89',
  statusCode: 200,
  duration: '2ms',
  ip: '127.0.0.1',
  response: undefined
}
2025-08-20T08:22:12.475Z [INFO]: Request completed {
  method: 'GET',
  url: '/@fs/C:/ledgerApp/client/src/components/ui/sheet.tsx',
  statusCode: 200,
  duration: '2ms',
  ip: '127.0.0.1',
  response: undefined
}
2025-08-20T08:22:12.477Z [INFO]: Request completed {
  method: 'GET',
  url: '/@fs/C:/ledgerApp/client/src/components/ui/scroll-area.tsx',
  statusCode: 200,
  duration: '1ms',
  ip: '127.0.0.1',
  response: undefined
}
2025-08-20T08:22:12.480Z [INFO]: Request completed {
  method: 'GET',
  url: '/@fs/c:/ledgerApp/node_modules/.vite/deps/@radix-ui_react-slot.js?v=e43715b4',
  statusCode: 200,
  duration: '2ms',
  ip: '127.0.0.1',
  response: undefined
}
2025-08-20T08:22:12.482Z [INFO]: Request completed {
  method: 'GET',
  url: '/@fs/c:/ledgerApp/node_modules/.vite/deps/@radix-ui_react-label.js?v=5a3631cf',
  statusCode: 200,
  duration: '1ms',
  ip: '127.0.0.1',
  response: undefined
}
2025-08-20T08:22:12.484Z [INFO]: Request completed {
  method: 'GET',
  url: '/@fs/c:/ledgerApp/node_modules/.vite/deps/react-hook-form.js?v=c68c784c',
  statusCode: 200,
  duration: '1ms',
  ip: '127.0.0.1',
  response: undefined
}
2025-08-20T08:22:12.486Z [INFO]: Request completed {
  method: 'GET',
  url: '/@fs/c:/ledgerApp/node_modules/.vite/deps/@hookform_resolvers_zod.js?v=83d8d5e2',
  statusCode: 200,
  duration: '1ms',
  ip: '127.0.0.1',
  response: undefined
}
2025-08-20T08:22:12.488Z [INFO]: Request completed {
  method: 'GET',
  url: '/@fs/c:/ledgerApp/node_modules/.vite/deps/zod.js?v=fa3da167',
  statusCode: 200,
  duration: '1ms',
  ip: '127.0.0.1',
  response: undefined
}
2025-08-20T08:22:12.489Z [INFO]: Request completed {
  method: 'GET',
  url: '/@fs/C:/ledgerApp/client/src/lib/photo-utils.ts',
  statusCode: 200,
  duration: '1ms',
  ip: '127.0.0.1',
  response: undefined
}
2025-08-20T08:22:12.492Z [INFO]: Request completed {
  method: 'GET',
  url: '/@fs/C:/ledgerApp/client/src/components/ui/form.tsx',
  statusCode: 200,
  duration: '2ms',
  ip: '127.0.0.1',
  response: undefined
}
2025-08-20T08:22:12.494Z [INFO]: Request completed {
  method: 'GET',
  url: '/@fs/C:/ledgerApp/client/src/components/ui/table.tsx',
  statusCode: 200,
  duration: '2ms',
  ip: '127.0.0.1',
  response: undefined
}
2025-08-20T08:22:12.498Z [INFO]: Request completed {
  method: 'GET',
  url: '/@fs/C:/ledgerApp/client/src/components/ui/loading.tsx',
  statusCode: 200,
  duration: '2ms',
  ip: '127.0.0.1',
  response: undefined
}
2025-08-20T08:22:12.502Z [INFO]: Request completed {
  method: 'GET',
  url: '/@fs/C:/ledgerApp/client/src/components/ui/progress.tsx',
  statusCode: 200,
  duration: '1ms',
  ip: '127.0.0.1',
  response: undefined
}
2025-08-20T08:22:12.503Z [INFO]: Request completed {
  method: 'GET',
  url: '/@fs/c:/ledgerApp/node_modules/.vite/deps/@radix-ui_react-dialog.js?v=7827b946',
  statusCode: 200,
  duration: '0ms',
  ip: '127.0.0.1',
  response: undefined
}
2025-08-20T08:22:12.505Z [INFO]: Request completed {
  method: 'GET',
  url: '/@fs/c:/ledgerApp/node_modules/.vite/deps/@radix-ui_react-select.js?v=6cba6c57',
  statusCode: 200,
  duration: '1ms',
  ip: '127.0.0.1',
  response: undefined
}
2025-08-20T08:22:12.506Z [INFO]: Request completed {
  method: 'GET',
  url: '/@fs/c:/ledgerApp/node_modules/.vite/deps/@radix-ui_react-switch.js?v=b6f6abb9',
  statusCode: 200,
  duration: '1ms',
  ip: '127.0.0.1',
  response: undefined
}
2025-08-20T08:22:12.508Z [INFO]: Request completed {
  method: 'GET',
  url: '/@fs/c:/ledgerApp/node_modules/.vite/deps/chunk-MKRCTFNO.js?v=0047aad4',
  statusCode: 200,
  duration: '1ms',
  ip: '127.0.0.1',
  response: undefined
}
2025-08-20T08:22:12.511Z [INFO]: Request completed {
  method: 'GET',
  url: '/@fs/c:/ledgerApp/node_modules/.vite/deps/chunk-U7P2NEEE.js?v=0047aad4',
  statusCode: 200,
  duration: '2ms',
  ip: '127.0.0.1',
  response: undefined
}
2025-08-20T08:22:12.515Z [INFO]: Request completed {
  method: 'GET',
  url: '/@fs/c:/ledgerApp/node_modules/.vite/deps/@radix-ui_react-tabs.js?v=cb3cfa0d',
  statusCode: 200,
  duration: '2ms',
  ip: '127.0.0.1',
  response: undefined
}
2025-08-20T08:22:12.516Z [INFO]: Request completed {
  method: 'GET',
  url: '/@fs/c:/ledgerApp/node_modules/.vite/deps/@radix-ui_react-scroll-area.js?v=351790b9',
  statusCode: 200,
  duration: '1ms',
  ip: '127.0.0.1',
  response: undefined
}
2025-08-20T08:22:12.519Z [INFO]: Request completed {
  method: 'GET',
  url: '/@fs/c:/ledgerApp/node_modules/.vite/deps/chunk-CXJMC5RA.js?v=0047aad4',
  statusCode: 200,
  duration: '2ms',
  ip: '127.0.0.1',
  response: undefined
}
2025-08-20T08:22:12.521Z [INFO]: Request completed {
  method: 'GET',
  url: '/@fs/c:/ledgerApp/node_modules/.vite/deps/@radix-ui_react-progress.js?v=3a4026c9',
  statusCode: 200,
  duration: '1ms',
  ip: '127.0.0.1',
  response: undefined
}
2025-08-20T08:22:12.524Z [INFO]: Request completed {
  method: 'GET',
  url: '/@fs/c:/ledgerApp/node_modules/.vite/deps/chunk-I7W3VRPH.js?v=0047aad4',
  statusCode: 200,
  duration: '1ms',
  ip: '127.0.0.1',
  response: undefined
}
2025-08-20T08:22:12.526Z [INFO]: Request completed {
  method: 'GET',
  url: '/@fs/c:/ledgerApp/node_modules/.vite/deps/chunk-6ZMM2PAV.js?v=0047aad4',
  statusCode: 200,
  duration: '2ms',
  ip: '127.0.0.1',
  response: undefined
}
2025-08-20T08:22:12.528Z [INFO]: Request completed {
  method: 'GET',
  url: '/@fs/c:/ledgerApp/node_modules/.vite/deps/chunk-QH7Y6EI7.js?v=0047aad4',
  statusCode: 200,
  duration: '1ms',
  ip: '127.0.0.1',
  response: undefined
}
2025-08-20T08:22:12.531Z [INFO]: Request completed {
  method: 'GET',
  url: '/@fs/c:/ledgerApp/node_modules/.vite/deps/chunk-HGJTK426.js?v=0047aad4',
  statusCode: 200,
  duration: '1ms',
  ip: '127.0.0.1',
  response: undefined
}
2025-08-20T08:22:12.702Z [INFO]: Request completed {
  method: 'GET',
  url: '/',
  statusCode: 200,
  duration: '43ms',
  ip: '127.0.0.1',
  response: undefined
}
2025-08-20T08:22:13.142Z [INFO]: Request completed {
  method: 'GET',
  url: '/.well-known/appspecific/com.chrome.devtools.json',
  statusCode: 404,
  duration: '1ms',
  ip: '127.0.0.1',
  response: undefined
}
2025-08-20T08:22:13.322Z [INFO]: Request completed {
  method: 'GET',
  url: '/api/businesses',
  statusCode: 304,
  duration: '721ms',
  ip: '127.0.0.1',
  response: undefined
}
2025-08-20T08:22:15.522Z [INFO]: Request completed {
  method: 'GET',
  url: '/sw.js',
  statusCode: 304,
  duration: '3ms',
  ip: '127.0.0.1',
  response: undefined
}
2025-08-20T08:22:20.230Z [INFO]: Request completed {
  method: 'GET',
  url: '/',
  statusCode: 200,
  duration: '32ms',
  ip: '127.0.0.1',
  response: undefined
}
2025-08-20T08:22:20.259Z [INFO]: Request completed {
  method: 'GET',
  url: '/src/main.tsx?v=4EM7YGSP5ZWsk27_BUGSh',
  statusCode: 200,
  duration: '2ms',
  ip: '127.0.0.1',
  response: undefined
}
2025-08-20T08:22:20.264Z [INFO]: Request completed {
  method: 'GET',
  url: '/@vite/client',
  statusCode: 304,
  duration: '1ms',
  ip: '127.0.0.1',
  response: undefined
}
2025-08-20T08:22:20.269Z [INFO]: Request completed {
  method: 'GET',
  url: '/.well-known/appspecific/com.chrome.devtools.json',
  statusCode: 404,
  duration: '1ms',
  ip: '127.0.0.1',
  response: undefined
}
2025-08-20T08:22:21.153Z [INFO]: Request completed {
  method: 'GET',
  url: '/@react-refresh',
  statusCode: 304,
  duration: '1ms',
  ip: '127.0.0.1',
  response: undefined
}
2025-08-20T08:22:21.156Z [INFO]: Request completed {
  method: 'GET',
  url: '/@fs/c:/ledgerApp/node_modules/vite/dist/client/env.mjs',
  statusCode: 304,
  duration: '1ms',
  ip: '127.0.0.1',
  response: undefined
}
2025-08-20T08:22:21.165Z [INFO]: Request completed {
  method: 'GET',
  url: '/@fs/C:/ledgerApp/client/src/App.tsx?v=4EM7YGSP5ZWsk27_BUGSh',
  statusCode: 200,
  duration: '1ms',
  ip: '127.0.0.1',
  response: undefined
}
2025-08-20T08:22:21.187Z [INFO]: Request completed {
  method: 'GET',
  url: '/@fs/C:/ledgerApp/client/src/index.css?v=4EM7YGSP5ZWsk27_BUGSh',
  statusCode: 200,
  duration: '2ms',
  ip: '127.0.0.1',
  response: undefined
}
2025-08-20T08:22:21.201Z [INFO]: Request completed {
  method: 'GET',
  url: '/@fs/C:/ledgerApp/client/src/components/ui/toaster.tsx',
  statusCode: 304,
  duration: '1ms',
  ip: '127.0.0.1',
  response: undefined
}
2025-08-20T08:22:21.203Z [INFO]: Request completed {
  method: 'GET',
  url: '/@fs/C:/ledgerApp/client/src/components/ui/tooltip.tsx',
  statusCode: 304,
  duration: '1ms',
  ip: '127.0.0.1',
  response: undefined
}
2025-08-20T08:22:21.205Z [INFO]: Request completed {
  method: 'GET',
  url: '/@fs/C:/ledgerApp/client/src/lib/auth-store.ts',
  statusCode: 304,
  duration: '1ms',
  ip: '127.0.0.1',
  response: undefined
}
2025-08-20T08:22:21.208Z [INFO]: Request completed {
  method: 'GET',
  url: '/@fs/C:/ledgerApp/client/src/lib/queryClient.ts',
  statusCode: 304,
  duration: '2ms',
  ip: '127.0.0.1',
  response: undefined
}
2025-08-20T08:22:21.212Z [INFO]: Request completed {
  method: 'GET',
  url: '/@fs/C:/ledgerApp/client/src/components/layout/BusinessAppShell.tsx',
  statusCode: 304,
  duration: '1ms',
  ip: '127.0.0.1',
  response: undefined
}
2025-08-20T08:22:21.214Z [INFO]: Request completed {
  method: 'GET',
  url: '/@fs/C:/ledgerApp/client/src/components/layout/SuperAdminAppShell.tsx',
  statusCode: 304,
  duration: '1ms',
  ip: '127.0.0.1',
  response: undefined
}
2025-08-20T08:22:21.217Z [INFO]: Request completed {
  method: 'GET',
  url: '/@fs/C:/ledgerApp/client/src/pages/business/Login.tsx',
  statusCode: 304,
  duration: '2ms',
  ip: '127.0.0.1',
  response: undefined
}
2025-08-20T08:22:21.219Z [INFO]: Request completed {
  method: 'GET',
  url: '/@fs/C:/ledgerApp/client/src/pages/admin/Login.tsx',
  statusCode: 304,
  duration: '0ms',
  ip: '127.0.0.1',
  response: undefined
}
2025-08-20T08:22:21.221Z [INFO]: Request completed {
  method: 'GET',
  url: '/@fs/C:/ledgerApp/client/src/pages/business/Dashboard.tsx',
  statusCode: 304,
  duration: '1ms',
  ip: '127.0.0.1',
  response: undefined
}
2025-08-20T08:22:21.223Z [INFO]: Request completed {
  method: 'GET',
  url: '/@fs/C:/ledgerApp/client/src/pages/business/Accounts.tsx',
  statusCode: 304,
  duration: '1ms',
  ip: '127.0.0.1',
  response: undefined
}
2025-08-20T08:22:21.225Z [INFO]: Request completed {
  method: 'GET',
  url: '/@fs/C:/ledgerApp/client/src/pages/business/Cashbook.tsx',
  statusCode: 304,
  duration: '1ms',
  ip: '127.0.0.1',
  response: undefined
}
2025-08-20T08:22:21.227Z [INFO]: Request completed {
  method: 'GET',
  url: '/@fs/C:/ledgerApp/client/src/pages/business/Invoices.tsx',
  statusCode: 304,
  duration: '1ms',
  ip: '127.0.0.1',
  response: undefined
}
2025-08-20T08:22:21.229Z [INFO]: Request completed {
  method: 'GET',
  url: '/@fs/C:/ledgerApp/client/src/pages/business/Inventory.tsx',
  statusCode: 304,
  duration: '0ms',
  ip: '127.0.0.1',
  response: undefined
}
2025-08-20T08:22:21.233Z [INFO]: Request completed {
  method: 'GET',
  url: '/@fs/C:/ledgerApp/client/src/pages/business/Reports.tsx',
  statusCode: 304,
  duration: '1ms',
  ip: '127.0.0.1',
  response: undefined
}
2025-08-20T08:22:21.237Z [INFO]: Request completed {
  method: 'GET',
  url: '/@fs/C:/ledgerApp/client/src/pages/business/Settings.tsx',
  statusCode: 304,
  duration: '1ms',
  ip: '127.0.0.1',
  response: undefined
}
2025-08-20T08:22:21.241Z [INFO]: Request completed {
  method: 'GET',
  url: '/@fs/C:/ledgerApp/client/src/pages/admin/Dashboard.tsx',
  statusCode: 304,
  duration: '1ms',
  ip: '127.0.0.1',
  response: undefined
}
2025-08-20T08:22:21.244Z [INFO]: Request completed {
  method: 'GET',
  url: '/@fs/C:/ledgerApp/client/src/pages/admin/Businesses.tsx',
  statusCode: 304,
  duration: '1ms',
  ip: '127.0.0.1',
  response: undefined
}
2025-08-20T08:22:21.247Z [INFO]: Request completed {
  method: 'GET',
  url: '/@fs/C:/ledgerApp/client/src/pages/admin/Branches.tsx',
  statusCode: 304,
  duration: '1ms',
  ip: '127.0.0.1',
  response: undefined
}
2025-08-20T08:22:21.249Z [INFO]: Request completed {
  method: 'GET',
  url: '/@fs/C:/ledgerApp/client/src/pages/admin/UsersRoles.tsx',
  statusCode: 304,
  duration: '1ms',
  ip: '127.0.0.1',
  response: undefined
}
2025-08-20T08:22:21.251Z [INFO]: Request completed {
  method: 'GET',
  url: '/@fs/C:/ledgerApp/client/src/pages/admin/AppSettings.tsx',
  statusCode: 304,
  duration: '1ms',
  ip: '127.0.0.1',
  response: undefined
}
2025-08-20T08:22:21.253Z [INFO]: Request completed {
  method: 'GET',
  url: '/@fs/C:/ledgerApp/client/src/pages/admin/Audit.tsx',
  statusCode: 304,
  duration: '0ms',
  ip: '127.0.0.1',
  response: undefined
}
2025-08-20T08:22:21.255Z [INFO]: Request completed {
  method: 'GET',
  url: '/@fs/C:/ledgerApp/client/src/pages/admin/Feedback.tsx',
  statusCode: 304,
  duration: '1ms',
  ip: '127.0.0.1',
  response: undefined
}
2025-08-20T08:22:21.256Z [INFO]: Request completed {
  method: 'GET',
  url: '/@fs/C:/ledgerApp/client/src/pages/admin/Diagnostics.tsx',
  statusCode: 304,
  duration: '1ms',
  ip: '127.0.0.1',
  response: undefined
}
2025-08-20T08:22:21.264Z [INFO]: Request completed {
  method: 'GET',
  url: '/@fs/C:/ledgerApp/client/src/hooks/use-toast.ts',
  statusCode: 304,
  duration: '2ms',
  ip: '127.0.0.1',
  response: undefined
}
2025-08-20T08:22:21.265Z [INFO]: Request completed {
  method: 'GET',
  url: '/@fs/C:/ledgerApp/client/src/components/ui/toast.tsx',
  statusCode: 304,
  duration: '0ms',
  ip: '127.0.0.1',
  response: undefined
}
2025-08-20T08:22:21.272Z [INFO]: Request completed {
  method: 'GET',
  url: '/@fs/C:/ledgerApp/client/src/lib/utils.ts',
  statusCode: 304,
  duration: '1ms',
  ip: '127.0.0.1',
  response: undefined
}
2025-08-20T08:22:21.275Z [INFO]: Request completed {
  method: 'GET',
  url: '/@fs/C:/ledgerApp/client/src/components/layout/LedgerLayout.tsx',
  statusCode: 304,
  duration: '1ms',
  ip: '127.0.0.1',
  response: undefined
}
2025-08-20T08:22:21.278Z [INFO]: Request completed {
  method: 'GET',
  url: '/@fs/C:/ledgerApp/client/src/components/layout/AppHeader.tsx',
  statusCode: 304,
  duration: '1ms',
  ip: '127.0.0.1',
  response: undefined
}
2025-08-20T08:22:21.279Z [INFO]: Request completed {
  method: 'GET',
  url: '/@fs/C:/ledgerApp/client/src/components/layout/SidebarNav.tsx',
  statusCode: 304,
  duration: '1ms',
  ip: '127.0.0.1',
  response: undefined
}
2025-08-20T08:22:21.281Z [INFO]: Request completed {
  method: 'GET',
  url: '/@fs/C:/ledgerApp/client/src/components/layout/MobileNavDrawer.tsx',
  statusCode: 304,
  duration: '1ms',
  ip: '127.0.0.1',
  response: undefined
}
2025-08-20T08:22:21.283Z [INFO]: Request completed {
  method: 'GET',
  url: '/@fs/C:/ledgerApp/client/src/components/layout/MobileBottomNav.tsx',
  statusCode: 304,
  duration: '1ms',
  ip: '127.0.0.1',
  response: undefined
}
2025-08-20T08:22:21.285Z [INFO]: Request completed {
  method: 'GET',
  url: '/@fs/C:/ledgerApp/client/src/components/layout/Breadcrumb.tsx',
  statusCode: 304,
  duration: '1ms',
  ip: '127.0.0.1',
  response: undefined
}
2025-08-20T08:22:21.287Z [INFO]: Request completed {
  method: 'GET',
  url: '/@fs/C:/ledgerApp/client/src/components/ui/button.tsx',
  statusCode: 304,
  duration: '1ms',
  ip: '127.0.0.1',
  response: undefined
}
2025-08-20T08:22:21.289Z [INFO]: Request completed {
  method: 'GET',
  url: '/@fs/C:/ledgerApp/client/src/components/ui/input.tsx',
  statusCode: 304,
  duration: '0ms',
  ip: '127.0.0.1',
  response: undefined
}
2025-08-20T08:22:21.291Z [INFO]: Request completed {
  method: 'GET',
  url: '/@fs/C:/ledgerApp/client/src/components/ui/label.tsx',
  statusCode: 304,
  duration: '1ms',
  ip: '127.0.0.1',
  response: undefined
}
2025-08-20T08:22:21.293Z [INFO]: Request completed {
  method: 'GET',
  url: '/@fs/C:/ledgerApp/client/src/components/ui/card.tsx',
  statusCode: 304,
  duration: '1ms',
  ip: '127.0.0.1',
  response: undefined
}
2025-08-20T08:22:21.295Z [INFO]: Request completed {
  method: 'GET',
  url: '/@fs/C:/ledgerApp/client/src/lib/design-tokens.ts',
  statusCode: 304,
  duration: '1ms',
  ip: '127.0.0.1',
  response: undefined
}
2025-08-20T08:22:21.296Z [INFO]: Request completed {
  method: 'GET',
  url: '/@fs/C:/ledgerApp/client/src/lib/api.ts',
  statusCode: 304,
  duration: '1ms',
  ip: '127.0.0.1',
  response: undefined
}
2025-08-20T08:22:21.298Z [INFO]: Request completed {
  method: 'GET',
  url: '/@fs/C:/ledgerApp/client/src/components/ui/alert.tsx',
  statusCode: 304,
  duration: '1ms',
  ip: '127.0.0.1',
  response: undefined
}
2025-08-20T08:22:21.301Z [INFO]: Request completed {
  method: 'GET',
  url: '/@fs/C:/ledgerApp/client/src/components/ui/skeleton.tsx',
  statusCode: 304,
  duration: '1ms',
  ip: '127.0.0.1',
  response: undefined
}
2025-08-20T08:22:21.304Z [INFO]: Request completed {
  method: 'GET',
  url: '/@fs/C:/ledgerApp/client/src/components/modals/CashEntryModal.tsx',
  statusCode: 304,
  duration: '1ms',
  ip: '127.0.0.1',
  response: undefined
}
2025-08-20T08:22:21.306Z [INFO]: Request completed {
  method: 'GET',
  url: '/@fs/C:/ledgerApp/client/src/components/ui/badge.tsx',
  statusCode: 304,
  duration: '2ms',
  ip: '127.0.0.1',
  response: undefined
}
2025-08-20T08:22:21.309Z [INFO]: Request completed {
  method: 'GET',
  url: '/@fs/C:/ledgerApp/client/src/components/modals/CreateInvoiceModal.tsx',
  statusCode: 304,
  duration: '1ms',
  ip: '127.0.0.1',
  response: undefined
}
2025-08-20T08:22:21.311Z [INFO]: Request completed {
  method: 'GET',
  url: '/@fs/C:/ledgerApp/client/src/components/modals/BulkOperationsModal.tsx',
  statusCode: 304,
  duration: '1ms',
  ip: '127.0.0.1',
  response: undefined
}
2025-08-20T08:22:21.314Z [INFO]: Request completed {
  method: 'GET',
  url: '/@fs/C:/ledgerApp/client/src/components/reports/StatementGenerator.tsx',
  statusCode: 304,
  duration: '1ms',
  ip: '127.0.0.1',
  response: undefined
}
2025-08-20T08:22:21.316Z [INFO]: Request completed {
  method: 'GET',
  url: '/@fs/C:/ledgerApp/client/src/components/ui/dialog.tsx',
  statusCode: 304,
  duration: '1ms',
  ip: '127.0.0.1',
  response: undefined
}
2025-08-20T08:22:21.318Z [INFO]: Request completed {
  method: 'GET',
  url: '/@fs/C:/ledgerApp/client/src/components/ui/select.tsx',
  statusCode: 304,
  duration: '0ms',
  ip: '127.0.0.1',
  response: undefined
}
2025-08-20T08:22:21.320Z [INFO]: Request completed {
  method: 'GET',
  url: '/@fs/C:/ledgerApp/client/src/components/ui/switch.tsx',
  statusCode: 304,
  duration: '1ms',
  ip: '127.0.0.1',
  response: undefined
}
2025-08-20T08:22:21.323Z [INFO]: Request completed {
  method: 'GET',
  url: '/@fs/C:/ledgerApp/client/src/components/ui/textarea.tsx',
  statusCode: 304,
  duration: '1ms',
  ip: '127.0.0.1',
  response: undefined
}
2025-08-20T08:22:21.326Z [INFO]: Request completed {
  method: 'GET',
  url: '/@fs/C:/ledgerApp/client/src/components/ui/tabs.tsx',
  statusCode: 304,
  duration: '1ms',
  ip: '127.0.0.1',
  response: undefined
}
2025-08-20T08:22:21.328Z [INFO]: Request completed {
  method: 'GET',
  url: '/@fs/C:/ledgerApp/client/src/components/ui/sheet.tsx',
  statusCode: 304,
  duration: '1ms',
  ip: '127.0.0.1',
  response: undefined
}
2025-08-20T08:22:21.331Z [INFO]: Request completed {
  method: 'GET',
  url: '/@fs/C:/ledgerApp/client/src/components/ui/scroll-area.tsx',
  statusCode: 304,
  duration: '1ms',
  ip: '127.0.0.1',
  response: undefined
}
2025-08-20T08:22:21.333Z [INFO]: Request completed {
  method: 'GET',
  url: '/@fs/C:/ledgerApp/client/src/lib/photo-utils.ts',
  statusCode: 304,
  duration: '1ms',
  ip: '127.0.0.1',
  response: undefined
}
2025-08-20T08:22:21.335Z [INFO]: Request completed {
  method: 'GET',
  url: '/@fs/C:/ledgerApp/client/src/components/ui/progress.tsx',
  statusCode: 304,
  duration: '1ms',
  ip: '127.0.0.1',
  response: undefined
}
2025-08-20T08:22:21.336Z [INFO]: Request completed {
  method: 'GET',
  url: '/@fs/C:/ledgerApp/client/src/components/ui/form.tsx',
  statusCode: 304,
  duration: '1ms',
  ip: '127.0.0.1',
  response: undefined
}
2025-08-20T08:22:21.338Z [INFO]: Request completed {
  method: 'GET',
  url: '/@fs/C:/ledgerApp/client/src/components/ui/table.tsx',
  statusCode: 304,
  duration: '1ms',
  ip: '127.0.0.1',
  response: undefined
}
2025-08-20T08:22:21.340Z [INFO]: Request completed {
  method: 'GET',
  url: '/@fs/C:/ledgerApp/client/src/components/ui/loading.tsx',
  statusCode: 304,
  duration: '2ms',
  ip: '127.0.0.1',
  response: undefined
}
2025-08-20T08:22:21.435Z [INFO]: Request completed {
  method: 'GET',
  url: '/sw.js',
  statusCode: 304,
  duration: '1ms',
  ip: '127.0.0.1',
  response: undefined
}
2025-08-20T08:22:21.466Z [INFO]: Request completed {
  method: 'GET',
  url: '/',
  statusCode: 200,
  duration: '14ms',
  ip: '127.0.0.1',
  response: undefined
}
2025-08-20T08:22:21.493Z [INFO]: Request completed {
  method: 'GET',
  url: '/',
  statusCode: 200,
  duration: '13ms',
  ip: '127.0.0.1',
  response: undefined
}
2025-08-20T08:22:21.506Z [INFO]: Request completed {
  method: 'GET',
  url: '/',
  statusCode: 200,
  duration: '11ms',
  ip: '127.0.0.1',
  response: undefined
}
2025-08-20T08:22:21.510Z [INFO]: Request completed {
  method: 'GET',
  url: '/src/App.tsx',
  statusCode: 200,
  duration: '1ms',
  ip: '127.0.0.1',
  response: undefined
}
2025-08-20T08:22:21.512Z [INFO]: Request completed {
  method: 'GET',
  url: '/src/index.css',
  statusCode: 200,
  duration: '1ms',
  ip: '127.0.0.1',
  response: undefined
}
2025-08-20T08:22:21.520Z [INFO]: Request completed {
  method: 'GET',
  url: '/src/main.tsx',
  statusCode: 200,
  duration: '12ms',
  ip: '127.0.0.1',
  response: undefined
}
2025-08-20T08:22:21.601Z [INFO]: Request completed {
  method: 'GET',
  url: '/api/businesses',
  statusCode: 304,
  duration: '170ms',
  ip: '127.0.0.1',
  response: undefined
}
2025-08-20T08:22:21.787Z [INFO]: Request completed {
  method: 'GET',
  url: '/manifest.json',
  statusCode: 304,
  duration: '1ms',
  ip: '127.0.0.1',
  response: undefined
}
2025-08-20T08:22:21.791Z [INFO]: Request completed {
  method: 'GET',
  url: '/manifest.json',
  statusCode: 304,
  duration: '1ms',
  ip: '127.0.0.1',
  response: undefined
}
2025-08-20T08:22:27.316Z [INFO]: Request completed {
  method: 'GET',
  url: '/api/branches/business/biz_najib',
  statusCode: 403,
  duration: '6ms',
  ip: '127.0.0.1',
  response: undefined
}
2025-08-20T08:22:29.051Z [INFO]: Request completed {
  method: 'GET',
  url: '/api/branches/business/biz_mawlid',
  statusCode: 403,
  duration: '2ms',
  ip: '127.0.0.1',
  response: undefined
}
2025-08-20T08:22:29.730Z [INFO]: Request completed {
  method: 'GET',
  url: '/api/branches/business/biz_ismail',
  statusCode: 403,
  duration: '2ms',
  ip: '127.0.0.1',
  response: undefined
}
2025-08-20T08:23:47.029Z [ERROR]: unhandledRejection: Table 'ledger.transactions' doesn't exist
Error: Table 'ledger.transactions' doesn't exist
    at PromisePool.query (c:\ledgerApp\node_modules\mysql2\lib\promise\pool.js:36:22)
    at MySql2PreparedQuery.execute (c:\ledgerApp\node_modules\src\mysql2\session.ts:92:29)
    at QueryPromise.execute (c:\ledgerApp\node_modules\src\mysql-core\query-builders\delete.ts:192:25)
    at QueryPromise.then (c:\ledgerApp\node_modules\src\query-promise.ts:31:15)
    at process.processTicksAndRejections (node:internal/process/task_queues:105:5) {
  error: Error: Table 'ledger.transactions' doesn't exist
      at PromisePool.query (c:\ledgerApp\node_modules\mysql2\lib\promise\pool.js:36:22)
      at MySql2PreparedQuery.execute (c:\ledgerApp\node_modules\src\mysql2\session.ts:92:29)
      at QueryPromise.execute (c:\ledgerApp\node_modules\src\mysql-core\query-builders\delete.ts:192:25)
      at QueryPromise.then (c:\ledgerApp\node_modules\src\query-promise.ts:31:15)
      at process.processTicksAndRejections (node:internal/process/task_queues:105:5) {
    code: 'ER_NO_SUCH_TABLE',
    errno: 1146,
    sql: 'delete from `transactions`',
    sqlState: '42S02',
    sqlMessage: "Table 'ledger.transactions' doesn't exist"
  },
  stack: "Error: Table 'ledger.transactions' doesn't exist\n" +
    '    at PromisePool.query (c:\\ledgerApp\\node_modules\\mysql2\\lib\\promise\\pool.js:36:22)\n' +
    '    at MySql2PreparedQuery.execute (c:\\ledgerApp\\node_modules\\src\\mysql2\\session.ts:92:29)\n' +
    '    at QueryPromise.execute (c:\\ledgerApp\\node_modules\\src\\mysql-core\\query-builders\\delete.ts:192:25)\n' +
    '    at QueryPromise.then (c:\\ledgerApp\\node_modules\\src\\query-promise.ts:31:15)\n' +
    '    at process.processTicksAndRejections (node:internal/process/task_queues:105:5)',
  rejection: true,
  date: 'Wed Aug 20 2025 11:23:47 GMT+0300 (East Africa Time)',
  process: {
    pid: 16644,
    uid: null,
    gid: null,
    cwd: 'c:\\ledgerApp',
    execPath: 'C:\\Program Files\\nodejs\\node.exe',
    version: 'v22.14.0',
    argv: [
      'C:\\Program Files\\nodejs\\node.exe',
      'c:\\ledgerApp\\server\\index.ts'
    ],
    memoryUsage: {
      rss: 197656576,
      heapTotal: 113479680,
      heapUsed: 107172040,
      external: 12775106,
      arrayBuffers: 2205882
    }
  },
  os: { loadavg: [ 0, 0, 0 ], uptime: 306565.734 },
  trace: [
    {
      column: 22,
      file: 'c:\\ledgerApp\\node_modules\\mysql2\\lib\\promise\\pool.js',
      function: 'PromisePool.query',
      line: 36,
      method: 'query',
      native: false
    },
    {
      column: 29,
      file: 'c:\\ledgerApp\\node_modules\\src\\mysql2\\session.ts',
      function: 'MySql2PreparedQuery.execute',
      line: 92,
      method: 'execute',
      native: false
    },
    {
      column: 25,
      file: 'c:\\ledgerApp\\node_modules\\src\\mysql-core\\query-builders\\delete.ts',
      function: 'QueryPromise.execute',
      line: 192,
      method: 'execute',
      native: false
    },
    {
      column: 15,
      file: 'c:\\ledgerApp\\node_modules\\src\\query-promise.ts',
      function: 'QueryPromise.then',
      line: 31,
      method: 'then',
      native: false
    },
    {
      column: 5,
      file: 'node:internal/process/task_queues',
      function: 'process.processTicksAndRejections',
      line: 105,
      method: 'processTicksAndRejections',
      native: false
    }
  ]
}
2025-08-20T08:57:32.881Z [INFO]: Request completed {
  method: 'GET',
  url: '/',
  statusCode: 200,
  duration: '413ms',
  ip: '127.0.0.1',
  response: undefined
}
2025-08-20T08:57:33.247Z [INFO]: Request completed {
  method: 'GET',
  url: '/@vite/client',
  statusCode: 200,
  duration: '358ms',
  ip: '127.0.0.1',
  response: undefined
}
2025-08-20T08:57:33.302Z [INFO]: Request completed {
  method: 'GET',
  url: '/src/main.tsx?v=LBgkJOTThKt-rOcluRUiJ',
  statusCode: 200,
  duration: '91ms',
  ip: '127.0.0.1',
  response: undefined
}
2025-08-20T08:57:34.228Z [INFO]: Request completed {
  method: 'GET',
  url: '/@fs/c:/ledgerApp/node_modules/vite/dist/client/env.mjs',
  statusCode: 304,
  duration: '1ms',
  ip: '127.0.0.1',
  response: undefined
}
2025-08-20T08:57:34.242Z [INFO]: Request completed {
  method: 'GET',
  url: '/@fs/c:/ledgerApp/node_modules/.vite/deps/react_jsx-dev-runtime.js?v=4f48f297',
  statusCode: 200,
  duration: '1ms',
  ip: '127.0.0.1',
  response: undefined
}
2025-08-20T08:57:34.250Z [INFO]: Request completed {
  method: 'GET',
  url: '/@react-refresh',
  statusCode: 304,
  duration: '25ms',
  ip: '127.0.0.1',
  response: undefined
}
2025-08-20T08:57:34.272Z [INFO]: Request completed {
  method: 'GET',
  url: '/@fs/c:/ledgerApp/node_modules/.vite/deps/react-dom_client.js?v=4f48f297',
  statusCode: 200,
  duration: '3ms',
  ip: '127.0.0.1',
  response: undefined
}
2025-08-20T08:57:34.283Z [INFO]: Request completed {
  method: 'GET',
  url: '/@fs/C:/ledgerApp/client/src/index.css?v=LBgkJOTThKt-rOcluRUiJ',
  statusCode: 200,
  duration: '2ms',
  ip: '127.0.0.1',
  response: undefined
}
2025-08-20T08:57:34.288Z [INFO]: Request completed {
  method: 'GET',
  url: '/@fs/c:/ledgerApp/node_modules/.vite/deps/chunk-3TFVT2CW.js?v=4f48f297',
  statusCode: 200,
  duration: '3ms',
  ip: '127.0.0.1',
  response: undefined
}
2025-08-20T08:57:34.316Z [INFO]: Request completed {
  method: 'GET',
  url: '/@fs/C:/ledgerApp/client/src/App.tsx?v=LBgkJOTThKt-rOcluRUiJ',
  statusCode: 200,
  duration: '41ms',
  ip: '127.0.0.1',
  response: undefined
}
2025-08-20T08:57:34.320Z [INFO]: Request completed {
  method: 'GET',
  url: '/@fs/c:/ledgerApp/node_modules/.vite/deps/chunk-4MBMRILA.js?v=4f48f297',
  statusCode: 200,
  duration: '2ms',
  ip: '127.0.0.1',
  response: undefined
}
2025-08-20T08:57:34.331Z [INFO]: Request completed {
  method: 'GET',
  url: '/@fs/c:/ledgerApp/node_modules/.vite/deps/chunk-WERSD76P.js?v=4f48f297',
  statusCode: 200,
  duration: '9ms',
  ip: '127.0.0.1',
  response: undefined
}
2025-08-20T08:57:34.334Z [INFO]: Request completed {
  method: 'GET',
  url: '/@fs/c:/ledgerApp/node_modules/.vite/deps/react.js?v=4f48f297',
  statusCode: 200,
  duration: '2ms',
  ip: '127.0.0.1',
  response: undefined
}
2025-08-20T08:57:34.594Z [INFO]: Request completed {
  method: 'GET',
  url: '/@fs/c:/ledgerApp/node_modules/.vite/deps/@tanstack_react-query.js?v=4f48f297',
  statusCode: 200,
  duration: '1ms',
  ip: '127.0.0.1',
  response: undefined
}
2025-08-20T08:57:34.595Z [INFO]: Request completed {
  method: 'GET',
  url: '/@fs/c:/ledgerApp/node_modules/.vite/deps/wouter.js?v=4f48f297',
  statusCode: 200,
  duration: '1ms',
  ip: '127.0.0.1',
  response: undefined
}
2025-08-20T08:57:34.624Z [INFO]: Request completed {
  method: 'GET',
  url: '/@fs/C:/ledgerApp/client/src/lib/auth-store.ts',
  statusCode: 200,
  duration: '25ms',
  ip: '127.0.0.1',
  response: undefined
}
2025-08-20T08:57:34.637Z [INFO]: Request completed {
  method: 'GET',
  url: '/@fs/C:/ledgerApp/client/src/lib/queryClient.ts',
  statusCode: 200,
  duration: '36ms',
  ip: '127.0.0.1',
  response: undefined
}
2025-08-20T08:57:34.641Z [INFO]: Request completed {
  method: 'GET',
  url: '/@fs/C:/ledgerApp/client/src/components/layout/BusinessAppShell.tsx',
  statusCode: 200,
  duration: '16ms',
  ip: '127.0.0.1',
  response: undefined
}
2025-08-20T08:57:34.657Z [INFO]: Request completed {
  method: 'GET',
  url: '/@fs/C:/ledgerApp/client/src/components/layout/SuperAdminAppShell.tsx',
  statusCode: 200,
  duration: '32ms',
  ip: '127.0.0.1',
  response: undefined
}
2025-08-20T08:57:34.658Z [INFO]: Request completed {
  method: 'GET',
  url: '/@fs/C:/ledgerApp/client/src/components/ui/tooltip.tsx',
  statusCode: 200,
  duration: '59ms',
  ip: '127.0.0.1',
  response: undefined
}
2025-08-20T08:57:34.667Z [INFO]: Request completed {
  method: 'GET',
  url: '/@fs/C:/ledgerApp/client/src/components/ui/toaster.tsx',
  statusCode: 200,
  duration: '70ms',
  ip: '127.0.0.1',
  response: undefined
}
2025-08-20T08:57:34.681Z [INFO]: Request completed {
  method: 'GET',
  url: '/@fs/C:/ledgerApp/client/src/pages/admin/Login.tsx',
  statusCode: 200,
  duration: '36ms',
  ip: '127.0.0.1',
  response: undefined
}
2025-08-20T08:57:34.715Z [INFO]: Request completed {
  method: 'GET',
  url: '/@fs/C:/ledgerApp/client/src/pages/business/Login.tsx',
  statusCode: 200,
  duration: '83ms',
  ip: '127.0.0.1',
  response: undefined
}
2025-08-20T08:57:34.736Z [INFO]: Request completed {
  method: 'GET',
  url: '/@fs/C:/ledgerApp/client/src/pages/business/Accounts.tsx',
  statusCode: 200,
  duration: '1ms',
  ip: '127.0.0.1',
  response: undefined
}
2025-08-20T08:57:34.738Z [INFO]: Request completed {
  method: 'GET',
  url: '/@fs/C:/ledgerApp/client/src/pages/business/Cashbook.tsx',
  statusCode: 200,
  duration: '1ms',
  ip: '127.0.0.1',
  response: undefined
}
2025-08-20T08:57:34.740Z [INFO]: Request completed {
  method: 'GET',
  url: '/@fs/C:/ledgerApp/client/src/pages/business/Invoices.tsx',
  statusCode: 200,
  duration: '2ms',
  ip: '127.0.0.1',
  response: undefined
}
2025-08-20T08:57:34.743Z [INFO]: Request completed {
  method: 'GET',
  url: '/@fs/C:/ledgerApp/client/src/pages/business/Inventory.tsx',
  statusCode: 200,
  duration: '1ms',
  ip: '127.0.0.1',
  response: undefined
}
2025-08-20T08:57:34.747Z [INFO]: Request completed {
  method: 'GET',
  url: '/@fs/C:/ledgerApp/client/src/pages/business/Reports.tsx',
  statusCode: 200,
  duration: '2ms',
  ip: '127.0.0.1',
  response: undefined
}
2025-08-20T08:57:34.751Z [INFO]: Request completed {
  method: 'GET',
  url: '/@fs/C:/ledgerApp/client/src/pages/business/Settings.tsx',
  statusCode: 200,
  duration: '1ms',
  ip: '127.0.0.1',
  response: undefined
}
2025-08-20T08:57:34.752Z [INFO]: Request completed {
  method: 'GET',
  url: '/@fs/C:/ledgerApp/client/src/pages/admin/Dashboard.tsx',
  statusCode: 200,
  duration: '0ms',
  ip: '127.0.0.1',
  response: undefined
}
2025-08-20T08:57:34.753Z [INFO]: Request completed {
  method: 'GET',
  url: '/@fs/C:/ledgerApp/client/src/pages/admin/Businesses.tsx',
  statusCode: 200,
  duration: '0ms',
  ip: '127.0.0.1',
  response: undefined
}
2025-08-20T08:57:34.768Z [INFO]: Request completed {
  method: 'GET',
  url: '/@fs/C:/ledgerApp/client/src/pages/business/Dashboard.tsx',
  statusCode: 200,
  duration: '32ms',
  ip: '127.0.0.1',
  response: undefined
}
2025-08-20T08:57:34.770Z [INFO]: Request completed {
  method: 'GET',
  url: '/@fs/C:/ledgerApp/client/src/pages/admin/Branches.tsx',
  statusCode: 200,
  duration: '2ms',
  ip: '127.0.0.1',
  response: undefined
}
2025-08-20T08:57:34.811Z [INFO]: Request completed {
  method: 'GET',
  url: '/@fs/C:/ledgerApp/client/src/pages/admin/UsersRoles.tsx',
  statusCode: 200,
  duration: '0ms',
  ip: '127.0.0.1',
  response: undefined
}
2025-08-20T08:57:34.812Z [INFO]: Request completed {
  method: 'GET',
  url: '/@fs/C:/ledgerApp/client/src/pages/admin/AppSettings.tsx',
  statusCode: 200,
  duration: '1ms',
  ip: '127.0.0.1',
  response: undefined
}
2025-08-20T08:57:34.816Z [INFO]: Request completed {
  method: 'GET',
  url: '/@fs/C:/ledgerApp/client/src/pages/admin/Audit.tsx',
  statusCode: 200,
  duration: '3ms',
  ip: '127.0.0.1',
  response: undefined
}
2025-08-20T08:57:34.818Z [INFO]: Request completed {
  method: 'GET',
  url: '/@fs/C:/ledgerApp/client/src/pages/admin/Feedback.tsx',
  statusCode: 200,
  duration: '1ms',
  ip: '127.0.0.1',
  response: undefined
}
2025-08-20T08:57:34.820Z [INFO]: Request completed {
  method: 'GET',
  url: '/@fs/C:/ledgerApp/client/src/pages/admin/Diagnostics.tsx',
  statusCode: 200,
  duration: '1ms',
  ip: '127.0.0.1',
  response: undefined
}
2025-08-20T08:57:34.906Z [INFO]: Request completed {
  method: 'GET',
  url: '/@fs/c:/ledgerApp/node_modules/.vite/deps/chunk-ZADDJO6S.js?v=4f48f297',
  statusCode: 200,
  duration: '1ms',
  ip: '127.0.0.1',
  response: undefined
}
2025-08-20T08:57:34.907Z [INFO]: Request completed {
  method: 'GET',
  url: '/@fs/c:/ledgerApp/node_modules/.vite/deps/chunk-S77I6LSE.js?v=4f48f297',
  statusCode: 200,
  duration: '1ms',
  ip: '127.0.0.1',
  response: undefined
}
2025-08-20T08:57:34.909Z [INFO]: Request completed {
  method: 'GET',
  url: '/@fs/c:/ledgerApp/node_modules/.vite/deps/zustand.js?v=4f48f297',
  statusCode: 200,
  duration: '1ms',
  ip: '127.0.0.1',
  response: undefined
}
2025-08-20T08:57:34.921Z [INFO]: Request completed {
  method: 'GET',
  url: '/@fs/c:/ledgerApp/node_modules/.vite/deps/zustand_middleware.js?v=4f48f297',
  statusCode: 200,
  duration: '1ms',
  ip: '127.0.0.1',
  response: undefined
}
2025-08-20T08:57:34.922Z [INFO]: Request completed {
  method: 'GET',
  url: '/@fs/c:/ledgerApp/node_modules/.vite/deps/@tanstack_react-query-persist-client.js?v=4f48f297',
  statusCode: 200,
  duration: '1ms',
  ip: '127.0.0.1',
  response: undefined
}
2025-08-20T08:57:34.928Z [INFO]: Request completed {
  method: 'GET',
  url: '/@fs/c:/ledgerApp/node_modules/.vite/deps/@tanstack_query-sync-storage-persister.js?v=4f48f297',
  statusCode: 200,
  duration: '0ms',
  ip: '127.0.0.1',
  response: undefined
}
2025-08-20T08:57:34.935Z [INFO]: Request completed {
  method: 'GET',
  url: '/@fs/C:/ledgerApp/client/src/components/layout/LedgerLayout.tsx',
  statusCode: 200,
  duration: '5ms',
  ip: '127.0.0.1',
  response: undefined
}
2025-08-20T08:57:34.954Z [INFO]: Request completed {
  method: 'GET',
  url: '/@fs/C:/ledgerApp/client/src/components/layout/AppHeader.tsx',
  statusCode: 200,
  duration: '19ms',
  ip: '127.0.0.1',
  response: undefined
}
2025-08-20T08:57:34.959Z [INFO]: Request completed {
  method: 'GET',
  url: '/@fs/C:/ledgerApp/client/src/components/layout/SidebarNav.tsx',
  statusCode: 200,
  duration: '24ms',
  ip: '127.0.0.1',
  response: undefined
}
2025-08-20T08:57:34.962Z [INFO]: Request completed {
  method: 'GET',
  url: '/@fs/c:/ledgerApp/node_modules/.vite/deps/@radix-ui_react-tooltip.js?v=4f48f297',
  statusCode: 200,
  duration: '1ms',
  ip: '127.0.0.1',
  response: undefined
}
2025-08-20T08:57:35.021Z [INFO]: Request completed {
  method: 'GET',
  url: '/@fs/C:/ledgerApp/client/src/components/layout/MobileNavDrawer.tsx',
  statusCode: 200,
  duration: '1ms',
  ip: '127.0.0.1',
  response: undefined
}
2025-08-20T08:57:35.022Z [INFO]: Request completed {
  method: 'GET',
  url: '/@fs/C:/ledgerApp/client/src/components/layout/MobileBottomNav.tsx',
  statusCode: 200,
  duration: '0ms',
  ip: '127.0.0.1',
  response: undefined
}
2025-08-20T08:57:35.027Z [INFO]: Request completed {
  method: 'GET',
  url: '/@fs/C:/ledgerApp/client/src/components/layout/Breadcrumb.tsx',
  statusCode: 200,
  duration: '1ms',
  ip: '127.0.0.1',
  response: undefined
}
2025-08-20T08:57:35.028Z [INFO]: Request completed {
  method: 'GET',
  url: '/@fs/C:/ledgerApp/client/src/lib/utils.ts',
  statusCode: 200,
  duration: '0ms',
  ip: '127.0.0.1',
  response: undefined
}
2025-08-20T08:57:35.030Z [INFO]: Request completed {
  method: 'GET',
  url: '/@fs/C:/ledgerApp/client/src/hooks/use-toast.ts',
  statusCode: 200,
  duration: '2ms',
  ip: '127.0.0.1',
  response: undefined
}
2025-08-20T08:57:35.035Z [INFO]: Request completed {
  method: 'GET',
  url: '/@fs/C:/ledgerApp/client/src/components/ui/toast.tsx',
  statusCode: 200,
  duration: '0ms',
  ip: '127.0.0.1',
  response: undefined
}
2025-08-20T08:57:35.036Z [INFO]: Request completed {
  method: 'GET',
  url: '/@fs/C:/ledgerApp/client/src/components/ui/button.tsx',
  statusCode: 200,
  duration: '0ms',
  ip: '127.0.0.1',
  response: undefined
}
2025-08-20T08:57:35.041Z [INFO]: Request completed {
  method: 'GET',
  url: '/@fs/C:/ledgerApp/client/src/components/ui/input.tsx',
  statusCode: 200,
  duration: '1ms',
  ip: '127.0.0.1',
  response: undefined
}
2025-08-20T08:57:35.045Z [INFO]: Request completed {
  method: 'GET',
  url: '/@fs/c:/ledgerApp/node_modules/.vite/deps/lucide-react.js?v=4f48f297',
  statusCode: 200,
  duration: '4ms',
  ip: '127.0.0.1',
  response: undefined
}
2025-08-20T08:57:35.064Z [INFO]: Request completed {
  method: 'GET',
  url: '/@fs/C:/ledgerApp/client/src/components/ui/label.tsx',
  statusCode: 200,
  duration: '1ms',
  ip: '127.0.0.1',
  response: undefined
}
2025-08-20T08:57:35.066Z [INFO]: Request completed {
  method: 'GET',
  url: '/@fs/C:/ledgerApp/client/src/components/ui/card.tsx',
  statusCode: 200,
  duration: '1ms',
  ip: '127.0.0.1',
  response: undefined
}
2025-08-20T08:57:35.067Z [INFO]: Request completed {
  method: 'GET',
  url: '/@fs/C:/ledgerApp/client/src/lib/design-tokens.ts',
  statusCode: 200,
  duration: '1ms',
  ip: '127.0.0.1',
  response: undefined
}
2025-08-20T08:57:35.070Z [INFO]: Request completed {
  method: 'GET',
  url: '/@fs/C:/ledgerApp/client/src/lib/api.ts',
  statusCode: 304,
  duration: '1ms',
  ip: '127.0.0.1',
  response: undefined
}
2025-08-20T08:57:35.071Z [INFO]: Request completed {
  method: 'GET',
  url: '/@fs/C:/ledgerApp/client/src/components/ui/alert.tsx',
  statusCode: 200,
  duration: '1ms',
  ip: '127.0.0.1',
  response: undefined
}
2025-08-20T08:57:35.097Z [INFO]: Request completed {
  method: 'GET',
  url: '/@fs/C:/ledgerApp/client/src/components/ui/skeleton.tsx',
  statusCode: 200,
  duration: '1ms',
  ip: '127.0.0.1',
  response: undefined
}
2025-08-20T08:57:35.104Z [INFO]: Request completed {
  method: 'GET',
  url: '/@fs/C:/ledgerApp/client/src/components/ui/badge.tsx',
  statusCode: 200,
  duration: '0ms',
  ip: '127.0.0.1',
  response: undefined
}
2025-08-20T08:57:35.105Z [INFO]: Request completed {
  method: 'GET',
  url: '/@fs/C:/ledgerApp/client/src/components/ui/switch.tsx',
  statusCode: 200,
  duration: '0ms',
  ip: '127.0.0.1',
  response: undefined
}
2025-08-20T08:57:35.106Z [INFO]: Request completed {
  method: 'GET',
  url: '/@fs/C:/ledgerApp/client/src/components/ui/select.tsx',
  statusCode: 200,
  duration: '0ms',
  ip: '127.0.0.1',
  response: undefined
}
2025-08-20T08:57:35.107Z [INFO]: Request completed {
  method: 'GET',
  url: '/@fs/C:/ledgerApp/client/src/components/modals/CashEntryModal.tsx',
  statusCode: 200,
  duration: '0ms',
  ip: '127.0.0.1',
  response: undefined
}
2025-08-20T08:57:35.109Z [INFO]: Request completed {
  method: 'GET',
  url: '/@fs/C:/ledgerApp/client/src/components/modals/CreateInvoiceModal.tsx',
  statusCode: 200,
  duration: '0ms',
  ip: '127.0.0.1',
  response: undefined
}
2025-08-20T08:57:35.111Z [INFO]: Request completed {
  method: 'GET',
  url: '/@fs/C:/ledgerApp/client/src/components/reports/StatementGenerator.tsx',
  statusCode: 200,
  duration: '1ms',
  ip: '127.0.0.1',
  response: undefined
}
2025-08-20T08:57:35.112Z [INFO]: Request completed {
  method: 'GET',
  url: '/@fs/C:/ledgerApp/client/src/components/modals/BulkOperationsModal.tsx',
  statusCode: 200,
  duration: '1ms',
  ip: '127.0.0.1',
  response: undefined
}
2025-08-20T08:57:35.115Z [INFO]: Request completed {
  method: 'GET',
  url: '/@fs/C:/ledgerApp/client/src/components/ui/dialog.tsx',
  statusCode: 200,
  duration: '2ms',
  ip: '127.0.0.1',
  response: undefined
}
2025-08-20T08:57:35.118Z [INFO]: Request completed {
  method: 'GET',
  url: '/@fs/C:/ledgerApp/client/src/components/ui/textarea.tsx',
  statusCode: 200,
  duration: '0ms',
  ip: '127.0.0.1',
  response: undefined
}
2025-08-20T08:57:35.119Z [INFO]: Request completed {
  method: 'GET',
  url: '/@fs/C:/ledgerApp/client/src/components/ui/tabs.tsx',
  statusCode: 200,
  duration: '1ms',
  ip: '127.0.0.1',
  response: undefined
}
2025-08-20T08:57:35.121Z [INFO]: Request completed {
  method: 'GET',
  url: '/@fs/C:/ledgerApp/client/src/components/ui/sheet.tsx',
  statusCode: 200,
  duration: '0ms',
  ip: '127.0.0.1',
  response: undefined
}
2025-08-20T08:57:35.157Z [INFO]: Request completed {
  method: 'GET',
  url: '/@fs/C:/ledgerApp/client/src/components/ui/scroll-area.tsx',
  statusCode: 200,
  duration: '0ms',
  ip: '127.0.0.1',
  response: undefined
}
2025-08-20T08:57:35.158Z [INFO]: Request completed {
  method: 'GET',
  url: '/@fs/c:/ledgerApp/node_modules/.vite/deps/chunk-PVAG4R55.js?v=4f48f297',
  statusCode: 200,
  duration: '0ms',
  ip: '127.0.0.1',
  response: undefined
}
2025-08-20T08:57:35.159Z [INFO]: Request completed {
  method: 'GET',
  url: '/@fs/c:/ledgerApp/node_modules/.vite/deps/chunk-ZTET5EGT.js?v=4f48f297',
  statusCode: 200,
  duration: '1ms',
  ip: '127.0.0.1',
  response: undefined
}
2025-08-20T08:57:35.165Z [INFO]: Request completed {
  method: 'GET',
  url: '/@fs/c:/ledgerApp/node_modules/.vite/deps/chunk-VT26UALT.js?v=4f48f297',
  statusCode: 200,
  duration: '1ms',
  ip: '127.0.0.1',
  response: undefined
}
2025-08-20T08:57:35.166Z [INFO]: Request completed {
  method: 'GET',
  url: '/@fs/c:/ledgerApp/node_modules/.vite/deps/chunk-XFUAPZYC.js?v=4f48f297',
  statusCode: 200,
  duration: '1ms',
  ip: '127.0.0.1',
  response: undefined
}
2025-08-20T08:57:35.167Z [INFO]: Request completed {
  method: 'GET',
  url: '/@fs/c:/ledgerApp/node_modules/.vite/deps/chunk-HHSGZLSP.js?v=4f48f297',
  statusCode: 200,
  duration: '1ms',
  ip: '127.0.0.1',
  response: undefined
}
2025-08-20T08:57:35.171Z [INFO]: Request completed {
  method: 'GET',
  url: '/@fs/c:/ledgerApp/node_modules/.vite/deps/chunk-YGXLQWI6.js?v=4f48f297',
  statusCode: 200,
  duration: '1ms',
  ip: '127.0.0.1',
  response: undefined
}
2025-08-20T08:57:35.172Z [INFO]: Request completed {
  method: 'GET',
  url: '/@fs/c:/ledgerApp/node_modules/.vite/deps/chunk-AUS37OBF.js?v=4f48f297',
  statusCode: 200,
  duration: '1ms',
  ip: '127.0.0.1',
  response: undefined
}
2025-08-20T08:57:35.173Z [INFO]: Request completed {
  method: 'GET',
  url: '/@fs/c:/ledgerApp/node_modules/.vite/deps/chunk-PFAUAXO7.js?v=4f48f297',
  statusCode: 200,
  duration: '1ms',
  ip: '127.0.0.1',
  response: undefined
}
2025-08-20T08:57:35.174Z [INFO]: Request completed {
  method: 'GET',
  url: '/@fs/c:/ledgerApp/node_modules/.vite/deps/chunk-PLT6GTVM.js?v=4f48f297',
  statusCode: 200,
  duration: '1ms',
  ip: '127.0.0.1',
  response: undefined
}
2025-08-20T08:57:35.175Z [INFO]: Request completed {
  method: 'GET',
  url: '/@fs/c:/ledgerApp/node_modules/.vite/deps/chunk-5SOOSTSW.js?v=4f48f297',
  statusCode: 200,
  duration: '1ms',
  ip: '127.0.0.1',
  response: undefined
}
2025-08-20T08:57:35.176Z [INFO]: Request completed {
  method: 'GET',
  url: '/@fs/c:/ledgerApp/node_modules/.vite/deps/chunk-5S42QOQO.js?v=4f48f297',
  statusCode: 200,
  duration: '1ms',
  ip: '127.0.0.1',
  response: undefined
}
2025-08-20T08:57:35.183Z [INFO]: Request completed {
  method: 'GET',
  url: '/@fs/c:/ledgerApp/node_modules/.vite/deps/clsx.js?v=4f48f297',
  statusCode: 200,
  duration: '1ms',
  ip: '127.0.0.1',
  response: undefined
}
2025-08-20T08:57:35.184Z [INFO]: Request completed {
  method: 'GET',
  url: '/@fs/c:/ledgerApp/node_modules/.vite/deps/tailwind-merge.js?v=4f48f297',
  statusCode: 200,
  duration: '1ms',
  ip: '127.0.0.1',
  response: undefined
}
2025-08-20T08:57:35.185Z [INFO]: Request completed {
  method: 'GET',
  url: '/@fs/c:/ledgerApp/node_modules/.vite/deps/@radix-ui_react-toast.js?v=4f48f297',
  statusCode: 200,
  duration: '0ms',
  ip: '127.0.0.1',
  response: undefined
}
2025-08-20T08:57:35.185Z [INFO]: Request completed {
  method: 'GET',
  url: '/@fs/c:/ledgerApp/node_modules/.vite/deps/class-variance-authority.js?v=4f48f297',
  statusCode: 200,
  duration: '0ms',
  ip: '127.0.0.1',
  response: undefined
}
2025-08-20T08:57:35.187Z [INFO]: Request completed {
  method: 'GET',
  url: '/@fs/c:/ledgerApp/node_modules/.vite/deps/@radix-ui_react-slot.js?v=4f48f297',
  statusCode: 200,
  duration: '0ms',
  ip: '127.0.0.1',
  response: undefined
}
2025-08-20T08:57:35.187Z [INFO]: Request completed {
  method: 'GET',
  url: '/@fs/c:/ledgerApp/node_modules/.vite/deps/@radix-ui_react-label.js?v=4f48f297',
  statusCode: 200,
  duration: '0ms',
  ip: '127.0.0.1',
  response: undefined
}
2025-08-20T08:57:35.190Z [INFO]: Request completed {
  method: 'GET',
  url: '/@fs/c:/ledgerApp/node_modules/.vite/deps/@radix-ui_react-switch.js?v=4f48f297',
  statusCode: 200,
  duration: '1ms',
  ip: '127.0.0.1',
  response: undefined
}
2025-08-20T08:57:35.192Z [INFO]: Request completed {
  method: 'GET',
  url: '/@fs/c:/ledgerApp/node_modules/.vite/deps/@radix-ui_react-select.js?v=4f48f297',
  statusCode: 200,
  duration: '0ms',
  ip: '127.0.0.1',
  response: undefined
}
2025-08-20T08:57:35.193Z [INFO]: Request completed {
  method: 'GET',
  url: '/@fs/c:/ledgerApp/node_modules/.vite/deps/react-hook-form.js?v=4f48f297',
  statusCode: 200,
  duration: '0ms',
  ip: '127.0.0.1',
  response: undefined
}
2025-08-20T08:57:35.194Z [INFO]: Request completed {
  method: 'GET',
  url: '/@fs/c:/ledgerApp/node_modules/.vite/deps/@hookform_resolvers_zod.js?v=4f48f297',
  statusCode: 200,
  duration: '0ms',
  ip: '127.0.0.1',
  response: undefined
}
2025-08-20T08:57:35.197Z [INFO]: Request completed {
  method: 'GET',
  url: '/@fs/c:/ledgerApp/node_modules/.vite/deps/zod.js?v=4f48f297',
  statusCode: 200,
  duration: '1ms',
  ip: '127.0.0.1',
  response: undefined
}
2025-08-20T08:57:35.198Z [INFO]: Request completed {
  method: 'GET',
  url: '/@fs/C:/ledgerApp/client/src/lib/photo-utils.ts',
  statusCode: 304,
  duration: '1ms',
  ip: '127.0.0.1',
  response: undefined
}
2025-08-20T08:57:35.200Z [INFO]: Request completed {
  method: 'GET',
  url: '/@fs/C:/ledgerApp/client/src/components/ui/form.tsx',
  statusCode: 200,
  duration: '1ms',
  ip: '127.0.0.1',
  response: undefined
}
2025-08-20T08:57:35.201Z [INFO]: Request completed {
  method: 'GET',
  url: '/@fs/C:/ledgerApp/client/src/components/ui/table.tsx',
  statusCode: 200,
  duration: '1ms',
  ip: '127.0.0.1',
  response: undefined
}
2025-08-20T08:57:35.202Z [INFO]: Request completed {
  method: 'GET',
  url: '/@fs/C:/ledgerApp/client/src/components/ui/loading.tsx',
  statusCode: 200,
  duration: '1ms',
  ip: '127.0.0.1',
  response: undefined
}
2025-08-20T08:57:35.206Z [INFO]: Request completed {
  method: 'GET',
  url: '/@fs/C:/ledgerApp/client/src/components/ui/progress.tsx',
  statusCode: 200,
  duration: '1ms',
  ip: '127.0.0.1',
  response: undefined
}
2025-08-20T08:57:35.207Z [INFO]: Request completed {
  method: 'GET',
  url: '/@fs/c:/ledgerApp/node_modules/.vite/deps/@radix-ui_react-dialog.js?v=4f48f297',
  statusCode: 200,
  duration: '1ms',
  ip: '127.0.0.1',
  response: undefined
}
2025-08-20T08:57:35.208Z [INFO]: Request completed {
  method: 'GET',
  url: '/@fs/c:/ledgerApp/node_modules/.vite/deps/@radix-ui_react-tabs.js?v=4f48f297',
  statusCode: 200,
  duration: '1ms',
  ip: '127.0.0.1',
  response: undefined
}
2025-08-20T08:57:35.209Z [INFO]: Request completed {
  method: 'GET',
  url: '/@fs/c:/ledgerApp/node_modules/.vite/deps/@radix-ui_react-scroll-area.js?v=4f48f297',
  statusCode: 200,
  duration: '1ms',
  ip: '127.0.0.1',
  response: undefined
}
2025-08-20T08:57:35.210Z [INFO]: Request completed {
  method: 'GET',
  url: '/@fs/c:/ledgerApp/node_modules/.vite/deps/chunk-U7P2NEEE.js?v=4f48f297',
  statusCode: 200,
  duration: '1ms',
  ip: '127.0.0.1',
  response: undefined
}
2025-08-20T08:57:35.211Z [INFO]: Request completed {
  method: 'GET',
  url: '/@fs/c:/ledgerApp/node_modules/.vite/deps/chunk-MKRCTFNO.js?v=4f48f297',
  statusCode: 200,
  duration: '1ms',
  ip: '127.0.0.1',
  response: undefined
}
2025-08-20T08:57:35.214Z [INFO]: Request completed {
  method: 'GET',
  url: '/@fs/c:/ledgerApp/node_modules/.vite/deps/chunk-QH7Y6EI7.js?v=4f48f297',
  statusCode: 200,
  duration: '1ms',
  ip: '127.0.0.1',
  response: undefined
}
2025-08-20T08:57:35.216Z [INFO]: Request completed {
  method: 'GET',
  url: '/@fs/c:/ledgerApp/node_modules/.vite/deps/chunk-I7W3VRPH.js?v=4f48f297',
  statusCode: 200,
  duration: '1ms',
  ip: '127.0.0.1',
  response: undefined
}
2025-08-20T08:57:35.217Z [INFO]: Request completed {
  method: 'GET',
  url: '/@fs/c:/ledgerApp/node_modules/.vite/deps/chunk-6ZMM2PAV.js?v=4f48f297',
  statusCode: 200,
  duration: '1ms',
  ip: '127.0.0.1',
  response: undefined
}
2025-08-20T08:57:35.218Z [INFO]: Request completed {
  method: 'GET',
  url: '/@fs/c:/ledgerApp/node_modules/.vite/deps/chunk-HGJTK426.js?v=4f48f297',
  statusCode: 200,
  duration: '1ms',
  ip: '127.0.0.1',
  response: undefined
}
2025-08-20T08:57:35.219Z [INFO]: Request completed {
  method: 'GET',
  url: '/@fs/c:/ledgerApp/node_modules/.vite/deps/chunk-CXJMC5RA.js?v=4f48f297',
  statusCode: 200,
  duration: '1ms',
  ip: '127.0.0.1',
  response: undefined
}
2025-08-20T08:57:35.220Z [INFO]: Request completed {
  method: 'GET',
  url: '/@fs/c:/ledgerApp/node_modules/.vite/deps/@radix-ui_react-progress.js?v=4f48f297',
  statusCode: 200,
  duration: '1ms',
  ip: '127.0.0.1',
  response: undefined
}
2025-08-20T08:57:35.330Z [INFO]: Request completed {
  method: 'GET',
  url: '/',
  statusCode: 200,
  duration: '22ms',
  ip: '127.0.0.1',
  response: undefined
}
2025-08-20T08:57:35.333Z [INFO]: Request completed {
  method: 'GET',
  url: '/sw.js',
  statusCode: 304,
  duration: '2ms',
  ip: '127.0.0.1',
  response: undefined
}
2025-08-20T08:57:35.367Z [INFO]: Request completed {
  method: 'GET',
  url: '/',
  statusCode: 200,
  duration: '12ms',
  ip: '127.0.0.1',
  response: undefined
}
2025-08-20T08:57:35.374Z [INFO]: Request completed {
  method: 'GET',
  url: '/',
  statusCode: 200,
  duration: '17ms',
  ip: '127.0.0.1',
  response: undefined
}
2025-08-20T08:57:35.377Z [INFO]: Request completed {
  method: 'GET',
  url: '/src/main.tsx',
  statusCode: 200,
  duration: '21ms',
  ip: '127.0.0.1',
  response: undefined
}
2025-08-20T08:57:35.381Z [INFO]: Request completed {
  method: 'GET',
  url: '/src/App.tsx',
  statusCode: 200,
  duration: '2ms',
  ip: '127.0.0.1',
  response: undefined
}
2025-08-20T08:57:35.384Z [INFO]: Request completed {
  method: 'GET',
  url: '/src/index.css',
  statusCode: 200,
  duration: '2ms',
  ip: '127.0.0.1',
  response: undefined
}
2025-08-20T08:57:35.611Z [INFO]: Request completed {
  method: 'GET',
  url: '/manifest.json',
  statusCode: 304,
  duration: '3ms',
  ip: '127.0.0.1',
  response: undefined
}
2025-08-20T08:57:35.618Z [INFO]: Request completed {
  method: 'GET',
  url: '/manifest.json',
  statusCode: 304,
  duration: '3ms',
  ip: '127.0.0.1',
  response: undefined
}
2025-08-20T08:57:36.039Z [INFO]: Request completed {
  method: 'GET',
  url: '/api/businesses',
  statusCode: 200,
  duration: '756ms',
  ip: '127.0.0.1',
  response: undefined
}
2025-08-20T08:57:38.038Z [INFO]: Request completed {
  method: 'GET',
  url: '/api/branches/business/biz_rmdbi4ukd',
  statusCode: 403,
  duration: '3ms',
  ip: '127.0.0.1',
  response: undefined
}
2025-08-20T08:58:05.591Z [INFO]: Request completed {
  method: 'GET',
  url: '/src/main.tsx?v=YASRKvSXIIbrCayrNfwRI',
  statusCode: 200,
  duration: '1ms',
  ip: '127.0.0.1',
  response: undefined
}
2025-08-20T08:58:05.992Z [INFO]: Request completed {
  method: 'GET',
  url: '/@fs/C:/ledgerApp/client/src/App.tsx?v=YASRKvSXIIbrCayrNfwRI',
  statusCode: 200,
  duration: '2ms',
  ip: '127.0.0.1',
  response: undefined
}
2025-08-20T08:58:05.995Z [INFO]: Request completed {
  method: 'GET',
  url: '/@fs/C:/ledgerApp/client/src/index.css?v=YASRKvSXIIbrCayrNfwRI',
  statusCode: 200,
  duration: '1ms',
  ip: '127.0.0.1',
  response: undefined
}
2025-08-20T08:58:06.268Z [INFO]: Request completed {
  method: 'GET',
  url: '/',
  statusCode: 200,
  duration: '21ms',
  ip: '127.0.0.1',
  response: undefined
}
2025-08-20T08:58:06.356Z [INFO]: Request completed {
  method: 'GET',
  url: '/api/businesses',
  statusCode: 304,
  duration: '184ms',
  ip: '127.0.0.1',
  response: undefined
}
2025-08-20T08:58:07.299Z [INFO]: Request completed {
  method: 'GET',
  url: '/api/branches/business/biz_rmdbi4ukd',
  statusCode: 403,
  duration: '2ms',
  ip: '127.0.0.1',
  response: undefined
}
2025-08-20T08:58:07.773Z [INFO]: Request completed {
  method: 'GET',
  url: '/sw.js',
  statusCode: 304,
  duration: '1ms',
  ip: '127.0.0.1',
  response: undefined
}
2025-08-20T08:58:37.444Z [INFO]: Request completed {
  method: 'GET',
  url: '/api/branches/business/biz_najib',
  statusCode: 403,
  duration: '2ms',
  ip: '127.0.0.1',
  response: undefined
}
2025-08-20T08:58:37.942Z [INFO]: Request completed {
  method: 'GET',
  url: '/api/branches/business/biz_rmdbi4ukd',
  statusCode: 403,
  duration: '3ms',
  ip: '127.0.0.1',
  response: undefined
}
2025-08-20T09:02:43.058Z [INFO]: Request completed {
  method: 'GET',
  url: '/api/businesses',
  statusCode: 304,
  duration: '774ms',
  ip: '127.0.0.1',
  response: undefined
}
2025-08-20T09:02:43.851Z [INFO]: Request completed {
  method: 'GET',
  url: '/sw.js',
  statusCode: 304,
  duration: '7ms',
  ip: '127.0.0.1',
  response: undefined
}
2025-08-20T09:02:44.663Z [INFO]: Request completed {
  method: 'GET',
  url: '/api/branches/business/biz_rmdbi4ukd',
  statusCode: 403,
  duration: '3ms',
  ip: '127.0.0.1',
  response: undefined
}
2025-08-20T09:02:51.193Z [INFO]: Request completed {
  method: 'GET',
  url: '/api/businesses',
  statusCode: 304,
  duration: '187ms',
  ip: '127.0.0.1',
  response: undefined
}
2025-08-20T09:02:52.618Z [INFO]: Request completed {
  method: 'GET',
  url: '/sw.js',
  statusCode: 304,
  duration: '6ms',
  ip: '127.0.0.1',
  response: undefined
}
2025-08-20T09:02:52.900Z [INFO]: Request completed {
  method: 'GET',
  url: '/.well-known/appspecific/com.chrome.devtools.json',
  statusCode: 404,
  duration: '2ms',
  ip: '127.0.0.1',
  response: undefined
}
2025-08-20T09:03:02.553Z [INFO]: Request completed {
  method: 'GET',
  url: '/',
  statusCode: 200,
  duration: '1134ms',
  ip: '127.0.0.1',
  response: undefined
}
2025-08-20T09:03:03.376Z [INFO]: Request completed {
  method: 'GET',
  url: '/.well-known/appspecific/com.chrome.devtools.json',
  statusCode: 404,
  duration: '2ms',
  ip: '127.0.0.1',
  response: undefined
}
2025-08-20T09:03:03.397Z [INFO]: Request completed {
  method: 'GET',
  url: '/@react-refresh',
  statusCode: 304,
  duration: '19ms',
  ip: '127.0.0.1',
  response: undefined
}
2025-08-20T09:03:03.451Z [INFO]: Request completed {
  method: 'GET',
  url: '/@vite/client',
  statusCode: 200,
  duration: '110ms',
  ip: '127.0.0.1',
  response: undefined
}
2025-08-20T09:03:03.472Z [INFO]: Request completed {
  method: 'GET',
  url: '/src/main.tsx?v=5azdkv03Ti9jMjymyM3lk',
  statusCode: 200,
  duration: '105ms',
  ip: '127.0.0.1',
  response: undefined
}
2025-08-20T09:03:03.483Z [INFO]: Request completed {
  method: 'GET',
  url: '/@fs/C:/ledgerApp/node_modules/vite/dist/client/env.mjs',
  statusCode: 304,
  duration: '9ms',
  ip: '127.0.0.1',
  response: undefined
}
2025-08-20T09:03:04.138Z [INFO]: Request completed {
  method: 'GET',
  url: '/src/App.tsx?v=5azdkv03Ti9jMjymyM3lk',
  statusCode: 200,
  duration: '42ms',
  ip: '127.0.0.1',
  response: undefined
}
2025-08-20T09:03:05.991Z [INFO]: Request completed {
  method: 'GET',
  url: '/src/index.css?v=5azdkv03Ti9jMjymyM3lk',
  statusCode: 200,
  duration: '1819ms',
  ip: '127.0.0.1',
  response: undefined
}
2025-08-20T09:03:06.834Z [INFO]: Request completed {
  method: 'GET',
  url: '/src/components/ui/toaster.tsx',
  statusCode: 200,
  duration: '101ms',
  ip: '127.0.0.1',
  response: undefined
}
2025-08-20T09:03:06.911Z [INFO]: Request completed {
  method: 'GET',
  url: '/src/lib/auth-store.ts',
  statusCode: 200,
  duration: '2ms',
  ip: '127.0.0.1',
  response: undefined
}
2025-08-20T09:03:06.987Z [INFO]: Request completed {
  method: 'GET',
  url: '/src/components/ui/tooltip.tsx',
  statusCode: 200,
  duration: '71ms',
  ip: '127.0.0.1',
  response: undefined
}
2025-08-20T09:03:07.105Z [INFO]: Request completed {
  method: 'GET',
  url: '/src/lib/queryClient.ts',
  statusCode: 200,
  duration: '3ms',
  ip: '127.0.0.1',
  response: undefined
}
2025-08-20T09:03:07.393Z [INFO]: Request completed {
  method: 'GET',
  url: '/src/components/layout/BusinessAppShell.tsx',
  statusCode: 200,
  duration: '3ms',
  ip: '127.0.0.1',
  response: undefined
}
2025-08-20T09:03:07.427Z [INFO]: Request completed {
  method: 'GET',
  url: '/src/components/layout/SuperAdminAppShell.tsx',
  statusCode: 200,
  duration: '4ms',
  ip: '127.0.0.1',
  response: undefined
}
2025-08-20T09:03:07.439Z [INFO]: Request completed {
  method: 'GET',
  url: '/src/pages/business/Login.tsx',
  statusCode: 200,
  duration: '8ms',
  ip: '127.0.0.1',
  response: undefined
}
2025-08-20T09:03:07.451Z [INFO]: Request completed {
  method: 'GET',
  url: '/src/pages/admin/Login.tsx',
  statusCode: 200,
  duration: '6ms',
  ip: '127.0.0.1',
  response: undefined
}
2025-08-20T09:03:07.629Z [INFO]: Request completed {
  method: 'GET',
  url: '/src/pages/business/Dashboard.tsx',
  statusCode: 200,
  duration: '6ms',
  ip: '127.0.0.1',
  response: undefined
}
2025-08-20T09:03:07.754Z [INFO]: Request completed {
  method: 'GET',
  url: '/src/pages/business/Accounts.tsx',
  statusCode: 200,
  duration: '6ms',
  ip: '127.0.0.1',
  response: undefined
}
2025-08-20T09:03:07.855Z [INFO]: Request completed {
  method: 'GET',
  url: '/src/pages/business/Invoices.tsx',
  statusCode: 200,
  duration: '3ms',
  ip: '127.0.0.1',
  response: undefined
}
2025-08-20T09:03:07.900Z [INFO]: Request completed {
  method: 'GET',
  url: '/src/pages/business/Cashbook.tsx',
  statusCode: 200,
  duration: '8ms',
  ip: '127.0.0.1',
  response: undefined
}
2025-08-20T09:03:08.008Z [INFO]: Request completed {
  method: 'GET',
  url: '/src/pages/business/Inventory.tsx',
  statusCode: 200,
  duration: '3ms',
  ip: '127.0.0.1',
  response: undefined
}
2025-08-20T09:03:08.020Z [INFO]: Request completed {
  method: 'GET',
  url: '/src/pages/business/Reports.tsx',
  statusCode: 200,
  duration: '4ms',
  ip: '127.0.0.1',
  response: undefined
}
2025-08-20T09:03:08.085Z [INFO]: Request completed {
  method: 'GET',
  url: '/src/pages/business/Settings.tsx',
  statusCode: 200,
  duration: '3ms',
  ip: '127.0.0.1',
  response: undefined
}
2025-08-20T09:03:08.099Z [INFO]: Request completed {
  method: 'GET',
  url: '/src/pages/admin/Dashboard.tsx',
  statusCode: 200,
  duration: '2ms',
  ip: '127.0.0.1',
  response: undefined
}
2025-08-20T09:03:08.111Z [INFO]: Request completed {
  method: 'GET',
  url: '/src/pages/admin/Businesses.tsx',
  statusCode: 200,
  duration: '3ms',
  ip: '127.0.0.1',
  response: undefined
}
2025-08-20T09:03:08.119Z [INFO]: Request completed {
  method: 'GET',
  url: '/src/pages/admin/Branches.tsx',
  statusCode: 200,
  duration: '3ms',
  ip: '127.0.0.1',
  response: undefined
}
2025-08-20T09:03:08.126Z [INFO]: Request completed {
  method: 'GET',
  url: '/src/pages/admin/AppSettings.tsx',
  statusCode: 200,
  duration: '4ms',
  ip: '127.0.0.1',
  response: undefined
}
2025-08-20T09:03:08.135Z [INFO]: Request completed {
  method: 'GET',
  url: '/src/pages/admin/UsersRoles.tsx',
  statusCode: 200,
  duration: '4ms',
  ip: '127.0.0.1',
  response: undefined
}
2025-08-20T09:03:08.141Z [INFO]: Request completed {
  method: 'GET',
  url: '/src/pages/admin/Audit.tsx',
  statusCode: 200,
  duration: '3ms',
  ip: '127.0.0.1',
  response: undefined
}
2025-08-20T09:03:08.151Z [INFO]: Request completed {
  method: 'GET',
  url: '/src/pages/admin/Diagnostics.tsx',
  statusCode: 200,
  duration: '5ms',
  ip: '127.0.0.1',
  response: undefined
}
2025-08-20T09:03:08.166Z [INFO]: Request completed {
  method: 'GET',
  url: '/src/pages/admin/Feedback.tsx',
  statusCode: 200,
  duration: '4ms',
  ip: '127.0.0.1',
  response: undefined
}
2025-08-20T09:03:08.179Z [INFO]: Request completed {
  method: 'GET',
  url: '/src/components/ui/toast.tsx',
  statusCode: 200,
  duration: '6ms',
  ip: '127.0.0.1',
  response: undefined
}
2025-08-20T09:03:08.187Z [INFO]: Request completed {
  method: 'GET',
  url: '/src/hooks/use-toast.ts',
  statusCode: 200,
  duration: '3ms',
  ip: '127.0.0.1',
  response: undefined
}
2025-08-20T09:03:08.203Z [INFO]: Request completed {
  method: 'GET',
  url: '/@fs/C:/ledgerApp/node_modules/.vite/deps/react_jsx-dev-runtime.js?v=84bf4e42',
  statusCode: 200,
  duration: '4726ms',
  ip: '127.0.0.1',
  response: undefined
}
2025-08-20T09:03:08.211Z [INFO]: Request completed {
  method: 'GET',
  url: '/@fs/C:/ledgerApp/node_modules/.vite/deps/react-dom_client.js?v=5ecb5a81',
  statusCode: 200,
  duration: '4730ms',
  ip: '127.0.0.1',
  response: undefined
}
2025-08-20T09:03:08.217Z [INFO]: Request completed {
  method: 'GET',
  url: '/@fs/C:/ledgerApp/node_modules/.vite/deps/react.js?v=84bf4e42',
  statusCode: 200,
  duration: '4008ms',
  ip: '127.0.0.1',
  response: undefined
}
2025-08-20T09:03:08.227Z [INFO]: Request completed {
  method: 'GET',
  url: '/@fs/C:/ledgerApp/node_modules/.vite/deps/wouter.js?v=a15c08e7',
  statusCode: 200,
  duration: '4042ms',
  ip: '127.0.0.1',
  response: undefined
}
2025-08-20T09:03:08.232Z [INFO]: Request completed {
  method: 'GET',
  url: '/@fs/C:/ledgerApp/node_modules/.vite/deps/zustand.js?v=4be1d6ff',
  statusCode: 200,
  duration: '39ms',
  ip: '127.0.0.1',
  response: undefined
}
2025-08-20T09:03:08.236Z [INFO]: Request completed {
  method: 'GET',
  url: '/@fs/C:/ledgerApp/node_modules/.vite/deps/@tanstack_react-query.js?v=e3fcac54',
  statusCode: 200,
  duration: '4060ms',
  ip: '127.0.0.1',
  response: undefined
}
2025-08-20T09:03:08.277Z [INFO]: Request completed {
  method: 'GET',
  url: '/@fs/C:/ledgerApp/node_modules/.vite/deps/zustand_middleware.js?v=4a30bc2f',
  statusCode: 200,
  duration: '3ms',
  ip: '127.0.0.1',
  response: undefined
}
2025-08-20T09:03:08.282Z [INFO]: Request completed {
  method: 'GET',
  url: '/@fs/C:/ledgerApp/node_modules/.vite/deps/@radix-ui_react-tooltip.js?v=b718c42e',
  statusCode: 200,
  duration: '2ms',
  ip: '127.0.0.1',
  response: undefined
}
2025-08-20T09:03:08.287Z [INFO]: Request completed {
  method: 'GET',
  url: '/src/lib/utils.ts',
  statusCode: 200,
  duration: '2ms',
  ip: '127.0.0.1',
  response: undefined
}
2025-08-20T09:03:08.293Z [INFO]: Request completed {
  method: 'GET',
  url: '/@fs/C:/ledgerApp/node_modules/.vite/deps/@tanstack_react-query-persist-client.js?v=6ea6819c',
  statusCode: 200,
  duration: '3ms',
  ip: '127.0.0.1',
  response: undefined
}
2025-08-20T09:03:08.298Z [INFO]: Request completed {
  method: 'GET',
  url: '/@fs/C:/ledgerApp/node_modules/.vite/deps/@tanstack_query-sync-storage-persister.js?v=6cef17db',
  statusCode: 200,
  duration: '3ms',
  ip: '127.0.0.1',
  response: undefined
}
2025-08-20T09:03:08.308Z [INFO]: Request completed {
  method: 'GET',
  url: '/src/components/layout/LedgerLayout.tsx',
  statusCode: 200,
  duration: '7ms',
  ip: '127.0.0.1',
  response: undefined
}
2025-08-20T09:03:08.318Z [INFO]: Request completed {
  method: 'GET',
  url: '/src/components/layout/AppHeader.tsx',
  statusCode: 200,
  duration: '5ms',
  ip: '127.0.0.1',
  response: undefined
}
2025-08-20T09:03:08.327Z [INFO]: Request completed {
  method: 'GET',
  url: '/src/components/layout/MobileBottomNav.tsx',
  statusCode: 200,
  duration: '4ms',
  ip: '127.0.0.1',
  response: undefined
}
2025-08-20T09:03:08.334Z [INFO]: Request completed {
  method: 'GET',
  url: '/src/components/layout/Breadcrumb.tsx',
  statusCode: 200,
  duration: '2ms',
  ip: '127.0.0.1',
  response: undefined
}
2025-08-20T09:03:08.340Z [INFO]: Request completed {
  method: 'GET',
  url: '/src/components/ui/input.tsx',
  statusCode: 200,
  duration: '4ms',
  ip: '127.0.0.1',
  response: undefined
}
2025-08-20T09:03:08.353Z [INFO]: Request completed {
  method: 'GET',
  url: '/src/components/layout/SidebarNav.tsx',
  statusCode: 200,
  duration: '5ms',
  ip: '127.0.0.1',
  response: undefined
}
2025-08-20T09:03:08.363Z [INFO]: Request completed {
  method: 'GET',
  url: '/src/components/layout/MobileNavDrawer.tsx',
  statusCode: 200,
  duration: '7ms',
  ip: '127.0.0.1',
  response: undefined
}
2025-08-20T09:03:08.371Z [INFO]: Request completed {
  method: 'GET',
  url: '/src/components/ui/button.tsx',
  statusCode: 200,
  duration: '4ms',
  ip: '127.0.0.1',
  response: undefined
}
2025-08-20T09:03:08.383Z [INFO]: Request completed {
  method: 'GET',
  url: '/src/components/ui/label.tsx',
  statusCode: 200,
  duration: '4ms',
  ip: '127.0.0.1',
  response: undefined
}
2025-08-20T09:03:08.388Z [INFO]: Request completed {
  method: 'GET',
  url: '/src/components/ui/skeleton.tsx',
  statusCode: 200,
  duration: '3ms',
  ip: '127.0.0.1',
  response: undefined
}
2025-08-20T09:03:08.398Z [INFO]: Request completed {
  method: 'GET',
  url: '/src/components/ui/alert.tsx',
  statusCode: 200,
  duration: '5ms',
  ip: '127.0.0.1',
  response: undefined
}
2025-08-20T09:03:08.402Z [INFO]: Request completed {
  method: 'GET',
  url: '/src/components/ui/badge.tsx',
  statusCode: 200,
  duration: '2ms',
  ip: '127.0.0.1',
  response: undefined
}
2025-08-20T09:03:08.411Z [INFO]: Request completed {
  method: 'GET',
  url: '/src/components/modals/CashEntryModal.tsx',
  statusCode: 200,
  duration: '4ms',
  ip: '127.0.0.1',
  response: undefined
}
2025-08-20T09:03:08.419Z [INFO]: Request completed {
  method: 'GET',
  url: '/src/components/modals/CreateInvoiceModal.tsx',
  statusCode: 200,
  duration: '5ms',
  ip: '127.0.0.1',
  response: undefined
}
2025-08-20T09:03:08.426Z [INFO]: Request completed {
  method: 'GET',
  url: '/src/components/modals/BulkOperationsModal.tsx',
  statusCode: 200,
  duration: '3ms',
  ip: '127.0.0.1',
  response: undefined
}
2025-08-20T09:03:08.432Z [INFO]: Request completed {
  method: 'GET',
  url: '/src/components/ui/dialog.tsx',
  statusCode: 200,
  duration: '3ms',
  ip: '127.0.0.1',
  response: undefined
}
2025-08-20T09:03:08.470Z [INFO]: Request completed {
  method: 'GET',
  url: '/@fs/C:/ledgerApp/node_modules/.vite/deps/lucide-react.js?v=3e9353cb',
  statusCode: 200,
  duration: '95ms',
  ip: '127.0.0.1',
  response: undefined
}
2025-08-20T09:03:08.480Z [INFO]: Request completed {
  method: 'GET',
  url: '/src/components/ui/card.tsx',
  statusCode: 200,
  duration: '3ms',
  ip: '127.0.0.1',
  response: undefined
}
2025-08-20T09:03:08.484Z [INFO]: Request completed {
  method: 'GET',
  url: '/src/lib/design-tokens.ts',
  statusCode: 200,
  duration: '2ms',
  ip: '127.0.0.1',
  response: undefined
}
2025-08-20T09:03:08.487Z [INFO]: Request completed {
  method: 'GET',
  url: '/src/lib/api.ts',
  statusCode: 304,
  duration: '2ms',
  ip: '127.0.0.1',
  response: undefined
}
2025-08-20T09:03:08.497Z [INFO]: Request completed {
  method: 'GET',
  url: '/src/components/reports/StatementGenerator.tsx',
  statusCode: 200,
  duration: '2ms',
  ip: '127.0.0.1',
  response: undefined
}
2025-08-20T09:03:08.502Z [INFO]: Request completed {
  method: 'GET',
  url: '/src/components/ui/select.tsx',
  statusCode: 200,
  duration: '3ms',
  ip: '127.0.0.1',
  response: undefined
}
2025-08-20T09:03:08.506Z [INFO]: Request completed {
  method: 'GET',
  url: '/@fs/C:/ledgerApp/node_modules/.vite/deps/class-variance-authority.js?v=689f7f2e',
  statusCode: 200,
  duration: '2ms',
  ip: '127.0.0.1',
  response: undefined
}
2025-08-20T09:03:08.543Z [INFO]: Request completed {
  method: 'GET',
  url: '/src/components/ui/switch.tsx',
  statusCode: 200,
  duration: '3ms',
  ip: '127.0.0.1',
  response: undefined
}
2025-08-20T09:03:08.566Z [INFO]: Request completed {
  method: 'GET',
  url: '/src/components/ui/textarea.tsx',
  statusCode: 200,
  duration: '6ms',
  ip: '127.0.0.1',
  response: undefined
}
2025-08-20T09:03:08.572Z [INFO]: Request completed {
  method: 'GET',
  url: '/@fs/C:/ledgerApp/node_modules/.vite/deps/@radix-ui_react-toast.js?v=96bb007a',
  statusCode: 200,
  duration: '3ms',
  ip: '127.0.0.1',
  response: undefined
}
2025-08-20T09:03:08.581Z [INFO]: Request completed {
  method: 'GET',
  url: '/@fs/C:/ledgerApp/node_modules/.vite/deps/chunk-3TFVT2CW.js?v=7ae9a1e8',
  statusCode: 200,
  duration: '4ms',
  ip: '127.0.0.1',
  response: undefined
}
2025-08-20T09:03:08.585Z [INFO]: Request completed {
  method: 'GET',
  url: '/@fs/C:/ledgerApp/node_modules/.vite/deps/chunk-4MBMRILA.js?v=7ae9a1e8',
  statusCode: 200,
  duration: '3ms',
  ip: '127.0.0.1',
  response: undefined
}
2025-08-20T09:03:08.593Z [INFO]: Request completed {
  method: 'GET',
  url: '/@fs/C:/ledgerApp/node_modules/.vite/deps/chunk-ZADDJO6S.js?v=7ae9a1e8',
  statusCode: 200,
  duration: '4ms',
  ip: '127.0.0.1',
  response: undefined
}
2025-08-20T09:03:08.598Z [INFO]: Request completed {
  method: 'GET',
  url: '/@fs/C:/ledgerApp/node_modules/.vite/deps/chunk-S77I6LSE.js?v=7ae9a1e8',
  statusCode: 200,
  duration: '2ms',
  ip: '127.0.0.1',
  response: undefined
}
2025-08-20T09:03:08.602Z [INFO]: Request completed {
  method: 'GET',
  url: '/@fs/C:/ledgerApp/node_modules/.vite/deps/chunk-YTSERMAU.js?v=7ae9a1e8',
  statusCode: 200,
  duration: '2ms',
  ip: '127.0.0.1',
  response: undefined
}
2025-08-20T09:03:08.607Z [INFO]: Request completed {
  method: 'GET',
  url: '/@fs/C:/ledgerApp/node_modules/.vite/deps/chunk-GN2RGETP.js?v=7ae9a1e8',
  statusCode: 200,
  duration: '2ms',
  ip: '127.0.0.1',
  response: undefined
}
2025-08-20T09:03:08.611Z [INFO]: Request completed {
  method: 'GET',
  url: '/@fs/C:/ledgerApp/node_modules/.vite/deps/chunk-XFUAPZYC.js?v=7ae9a1e8',
  statusCode: 200,
  duration: '2ms',
  ip: '127.0.0.1',
  response: undefined
}
2025-08-20T09:03:08.614Z [INFO]: Request completed {
  method: 'GET',
  url: '/@fs/C:/ledgerApp/node_modules/.vite/deps/chunk-7PPNEFWK.js?v=7ae9a1e8',
  statusCode: 200,
  duration: '1ms',
  ip: '127.0.0.1',
  response: undefined
}
2025-08-20T09:03:08.618Z [INFO]: Request completed {
  method: 'GET',
  url: '/@fs/C:/ledgerApp/node_modules/.vite/deps/chunk-HHSGZLSP.js?v=7ae9a1e8',
  statusCode: 200,
  duration: '2ms',
  ip: '127.0.0.1',
  response: undefined
}
2025-08-20T09:03:08.621Z [INFO]: Request completed {
  method: 'GET',
  url: '/@fs/C:/ledgerApp/node_modules/.vite/deps/chunk-PFAUAXO7.js?v=7ae9a1e8',
  statusCode: 200,
  duration: '1ms',
  ip: '127.0.0.1',
  response: undefined
}
2025-08-20T09:03:08.626Z [INFO]: Request completed {
  method: 'GET',
  url: '/@fs/C:/ledgerApp/node_modules/.vite/deps/chunk-GVTGVYSA.js?v=7ae9a1e8',
  statusCode: 200,
  duration: '3ms',
  ip: '127.0.0.1',
  response: undefined
}
2025-08-20T09:03:08.631Z [INFO]: Request completed {
  method: 'GET',
  url: '/@fs/C:/ledgerApp/node_modules/.vite/deps/chunk-5S42QOQO.js?v=7ae9a1e8',
  statusCode: 200,
  duration: '3ms',
  ip: '127.0.0.1',
  response: undefined
}
2025-08-20T09:03:08.636Z [INFO]: Request completed {
  method: 'GET',
  url: '/@fs/C:/ledgerApp/node_modules/.vite/deps/clsx.js?v=2b383d9c',
  statusCode: 200,
  duration: '2ms',
  ip: '127.0.0.1',
  response: undefined
}
2025-08-20T09:03:08.639Z [INFO]: Request completed {
  method: 'GET',
  url: '/src/components/ui/tabs.tsx',
  statusCode: 200,
  duration: '2ms',
  ip: '127.0.0.1',
  response: undefined
}
2025-08-20T09:03:08.647Z [INFO]: Request completed {
  method: 'GET',
  url: '/src/components/ui/scroll-area.tsx',
  statusCode: 200,
  duration: '5ms',
  ip: '127.0.0.1',
  response: undefined
}
2025-08-20T09:03:08.651Z [INFO]: Request completed {
  method: 'GET',
  url: '/src/components/ui/sheet.tsx',
  statusCode: 200,
  duration: '2ms',
  ip: '127.0.0.1',
  response: undefined
}
2025-08-20T09:03:08.710Z [INFO]: Request completed {
  method: 'GET',
  url: '/@fs/C:/ledgerApp/node_modules/.vite/deps/chunk-WERSD76P.js?v=7ae9a1e8',
  statusCode: 200,
  duration: '199ms',
  ip: '127.0.0.1',
  response: undefined
}
2025-08-20T09:03:08.717Z [INFO]: Request completed {
  method: 'GET',
  url: '/@fs/C:/ledgerApp/node_modules/.vite/deps/chunk-YGXLQWI6.js?v=7ae9a1e8',
  statusCode: 200,
  duration: '3ms',
  ip: '127.0.0.1',
  response: undefined
}
2025-08-20T09:03:08.727Z [INFO]: Request completed {
  method: 'GET',
  url: '/@fs/C:/ledgerApp/node_modules/.vite/deps/chunk-AUS37OBF.js?v=7ae9a1e8',
  statusCode: 200,
  duration: '4ms',
  ip: '127.0.0.1',
  response: undefined
}
2025-08-20T09:03:08.737Z [INFO]: Request completed {
  method: 'GET',
  url: '/@fs/C:/ledgerApp/node_modules/.vite/deps/chunk-PLT6GTVM.js?v=7ae9a1e8',
  statusCode: 200,
  duration: '4ms',
  ip: '127.0.0.1',
  response: undefined
}
2025-08-20T09:03:08.748Z [INFO]: Request completed {
  method: 'GET',
  url: '/@fs/C:/ledgerApp/node_modules/.vite/deps/tailwind-merge.js?v=4bc8e0db',
  statusCode: 200,
  duration: '7ms',
  ip: '127.0.0.1',
  response: undefined
}
2025-08-20T09:03:08.754Z [INFO]: Request completed {
  method: 'GET',
  url: '/@fs/C:/ledgerApp/node_modules/.vite/deps/@hookform_resolvers_zod.js?v=aef7a0c9',
  statusCode: 200,
  duration: '3ms',
  ip: '127.0.0.1',
  response: undefined
}
2025-08-20T09:03:08.761Z [INFO]: Request completed {
  method: 'GET',
  url: '/src/lib/photo-utils.ts',
  statusCode: 304,
  duration: '3ms',
  ip: '127.0.0.1',
  response: undefined
}
2025-08-20T09:03:08.766Z [INFO]: Request completed {
  method: 'GET',
  url: '/@fs/C:/ledgerApp/node_modules/.vite/deps/@radix-ui_react-dialog.js?v=82375711',
  statusCode: 200,
  duration: '2ms',
  ip: '127.0.0.1',
  response: undefined
}
2025-08-20T09:03:08.771Z [INFO]: Request completed {
  method: 'GET',
  url: '/src/components/ui/progress.tsx',
  statusCode: 200,
  duration: '2ms',
  ip: '127.0.0.1',
  response: undefined
}
2025-08-20T09:03:08.778Z [INFO]: Request completed {
  method: 'GET',
  url: '/src/components/ui/table.tsx',
  statusCode: 200,
  duration: '5ms',
  ip: '127.0.0.1',
  response: undefined
}
2025-08-20T09:03:08.785Z [INFO]: Request completed {
  method: 'GET',
  url: '/@fs/C:/ledgerApp/node_modules/.vite/deps/@radix-ui_react-slot.js?v=195dae14',
  statusCode: 200,
  duration: '3ms',
  ip: '127.0.0.1',
  response: undefined
}
2025-08-20T09:03:08.789Z [INFO]: Request completed {
  method: 'GET',
  url: '/@fs/C:/ledgerApp/node_modules/.vite/deps/@radix-ui_react-label.js?v=5fccb9ea',
  statusCode: 200,
  duration: '2ms',
  ip: '127.0.0.1',
  response: undefined
}
2025-08-20T09:03:08.795Z [INFO]: Request completed {
  method: 'GET',
  url: '/@fs/C:/ledgerApp/node_modules/.vite/deps/react-hook-form.js?v=0c72c4d6',
  statusCode: 200,
  duration: '3ms',
  ip: '127.0.0.1',
  response: undefined
}
2025-08-20T09:03:08.800Z [INFO]: Request completed {
  method: 'GET',
  url: '/@fs/C:/ledgerApp/node_modules/.vite/deps/zod.js?v=0e4bc8f4',
  statusCode: 200,
  duration: '3ms',
  ip: '127.0.0.1',
  response: undefined
}
2025-08-20T09:03:08.807Z [INFO]: Request completed {
  method: 'GET',
  url: '/src/components/ui/form.tsx',
  statusCode: 200,
  duration: '4ms',
  ip: '127.0.0.1',
  response: undefined
}
2025-08-20T09:03:08.815Z [INFO]: Request completed {
  method: 'GET',
  url: '/@fs/C:/ledgerApp/node_modules/.vite/deps/@radix-ui_react-select.js?v=8df34519',
  statusCode: 200,
  duration: '5ms',
  ip: '127.0.0.1',
  response: undefined
}
2025-08-20T09:03:08.821Z [INFO]: Request completed {
  method: 'GET',
  url: '/@fs/C:/ledgerApp/node_modules/.vite/deps/chunk-U7P2NEEE.js?v=7ae9a1e8',
  statusCode: 200,
  duration: '3ms',
  ip: '127.0.0.1',
  response: undefined
}
2025-08-20T09:03:08.829Z [INFO]: Request completed {
  method: 'GET',
  url: '/@fs/C:/ledgerApp/node_modules/.vite/deps/@radix-ui_react-switch.js?v=a3335a05',
  statusCode: 200,
  duration: '4ms',
  ip: '127.0.0.1',
  response: undefined
}
2025-08-20T09:03:08.835Z [INFO]: Request completed {
  method: 'GET',
  url: '/@fs/C:/ledgerApp/node_modules/.vite/deps/@radix-ui_react-scroll-area.js?v=4a9d3463',
  statusCode: 200,
  duration: '3ms',
  ip: '127.0.0.1',
  response: undefined
}
2025-08-20T09:03:08.842Z [INFO]: Request completed {
  method: 'GET',
  url: '/@fs/C:/ledgerApp/node_modules/.vite/deps/chunk-CXJMC5RA.js?v=7ae9a1e8',
  statusCode: 200,
  duration: '2ms',
  ip: '127.0.0.1',
  response: undefined
}
2025-08-20T09:03:08.847Z [INFO]: Request completed {
  method: 'GET',
  url: '/@fs/C:/ledgerApp/node_modules/.vite/deps/chunk-KDQIYGSQ.js?v=7ae9a1e8',
  statusCode: 200,
  duration: '2ms',
  ip: '127.0.0.1',
  response: undefined
}
2025-08-20T09:03:08.851Z [INFO]: Request completed {
  method: 'GET',
  url: '/@fs/C:/ledgerApp/node_modules/.vite/deps/@radix-ui_react-progress.js?v=996d5eaa',
  statusCode: 200,
  duration: '2ms',
  ip: '127.0.0.1',
  response: undefined
}
2025-08-20T09:03:08.854Z [INFO]: Request completed {
  method: 'GET',
  url: '/@fs/C:/ledgerApp/node_modules/.vite/deps/chunk-QH7Y6EI7.js?v=7ae9a1e8',
  statusCode: 200,
  duration: '1ms',
  ip: '127.0.0.1',
  response: undefined
}
2025-08-20T09:03:08.860Z [INFO]: Request completed {
  method: 'GET',
  url: '/@fs/C:/ledgerApp/node_modules/.vite/deps/chunk-HGJTK426.js?v=7ae9a1e8',
  statusCode: 200,
  duration: '4ms',
  ip: '127.0.0.1',
  response: undefined
}
2025-08-20T09:03:08.866Z [INFO]: Request completed {
  method: 'GET',
  url: '/src/components/ui/loading.tsx',
  statusCode: 200,
  duration: '3ms',
  ip: '127.0.0.1',
  response: undefined
}
2025-08-20T09:03:08.872Z [INFO]: Request completed {
  method: 'GET',
  url: '/@fs/C:/ledgerApp/node_modules/.vite/deps/chunk-MKRCTFNO.js?v=7ae9a1e8',
  statusCode: 200,
  duration: '3ms',
  ip: '127.0.0.1',
  response: undefined
}
2025-08-20T09:03:08.881Z [INFO]: Request completed {
  method: 'GET',
  url: '/@fs/C:/ledgerApp/node_modules/.vite/deps/@radix-ui_react-tabs.js?v=800e3d9b',
  statusCode: 200,
  duration: '4ms',
  ip: '127.0.0.1',
  response: undefined
}
2025-08-20T09:03:08.885Z [INFO]: Request completed {
  method: 'GET',
  url: '/@fs/C:/ledgerApp/node_modules/.vite/deps/chunk-6ZMM2PAV.js?v=7ae9a1e8',
  statusCode: 200,
  duration: '2ms',
  ip: '127.0.0.1',
  response: undefined
}
2025-08-20T09:03:08.986Z [INFO]: Request completed {
  method: 'GET',
  url: '/sw.js',
  statusCode: 304,
  duration: '3ms',
  ip: '127.0.0.1',
  response: undefined
}
2025-08-20T09:03:09.026Z [INFO]: Request completed {
  method: 'GET',
  url: '/',
  statusCode: 200,
  duration: '36ms',
  ip: '127.0.0.1',
  response: undefined
}
2025-08-20T09:03:09.051Z [INFO]: Request completed {
  method: 'GET',
  url: '/src/main.tsx',
  statusCode: 200,
  duration: '20ms',
  ip: '127.0.0.1',
  response: undefined
}
2025-08-20T09:03:09.065Z [INFO]: Request completed {
  method: 'GET',
  url: '/',
  statusCode: 200,
  duration: '35ms',
  ip: '127.0.0.1',
  response: undefined
}
2025-08-20T09:03:09.076Z [INFO]: Request completed {
  method: 'GET',
  url: '/',
  statusCode: 200,
  duration: '48ms',
  ip: '127.0.0.1',
  response: undefined
}
2025-08-20T09:03:09.079Z [INFO]: Request completed {
  method: 'GET',
  url: '/src/App.tsx',
  statusCode: 200,
  duration: '2ms',
  ip: '127.0.0.1',
  response: undefined
}
2025-08-20T09:03:09.083Z [INFO]: Request completed {
  method: 'GET',
  url: '/src/index.css',
  statusCode: 200,
  duration: '2ms',
  ip: '127.0.0.1',
  response: undefined
}
2025-08-20T09:03:09.174Z [INFO]: Request completed {
  method: 'GET',
  url: '/api/businesses',
  statusCode: 304,
  duration: '199ms',
  ip: '127.0.0.1',
  response: undefined
}
2025-08-20T09:03:09.313Z [INFO]: Request completed {
  method: 'GET',
  url: '/manifest.json',
  statusCode: 304,
  duration: '4ms',
  ip: '127.0.0.1',
  response: undefined
}
2025-08-20T09:03:09.320Z [INFO]: Request completed {
  method: 'GET',
  url: '/manifest.json',
  statusCode: 304,
  duration: '3ms',
  ip: '127.0.0.1',
  response: undefined
}
2025-08-20T09:03:10.344Z [INFO]: Request completed {
  method: 'GET',
  url: '/api/branches/business/biz_rmdbi4ukd',
  statusCode: 403,
  duration: '4ms',
  ip: '127.0.0.1',
  response: undefined
}
2025-08-20T09:07:24.830Z [INFO]: Request completed {
  method: 'GET',
  url: '/@vite/client',
  statusCode: 200,
  duration: '12ms',
  ip: '127.0.0.1',
  response: undefined
}
2025-08-20T09:07:24.832Z [INFO]: Request completed {
  method: 'GET',
  url: '/src/main.tsx?v=U6p1c8DI0Qy4o87wnramW',
  statusCode: 200,
  duration: '12ms',
  ip: '127.0.0.1',
  response: undefined
}
2025-08-20T09:07:24.837Z [INFO]: Request completed {
  method: 'GET',
  url: '/.well-known/appspecific/com.chrome.devtools.json',
  statusCode: 200,
  duration: '2ms',
  ip: '127.0.0.1',
  response: undefined
}
2025-08-20T09:07:26.711Z [INFO]: Request completed {
  method: 'GET',
  url: '/@react-refresh',
  statusCode: 200,
  duration: '6ms',
  ip: '127.0.0.1',
  response: undefined
}
2025-08-20T09:07:26.768Z [INFO]: Request completed {
  method: 'GET',
  url: '/favicon.ico',
  statusCode: 200,
  duration: '6ms',
  ip: '127.0.0.1',
  response: undefined
}
2025-08-20T09:07:28.419Z [INFO]: Request completed {
  method: 'GET',
  url: '/sw.js',
  statusCode: 200,
  duration: '25ms',
  ip: '127.0.0.1',
  response: undefined
}
2025-08-20T09:07:41.248Z [INFO]: Request completed {
  method: 'GET',
  url: '/',
  statusCode: 200,
  duration: '2ms',
  ip: '127.0.0.1',
  response: undefined
}
2025-08-20T09:07:41.278Z [INFO]: Request completed {
  method: 'GET',
  url: '/assets/index-zfmf9-SJ.css',
  statusCode: 200,
  duration: '4ms',
  ip: '127.0.0.1',
  response: undefined
}
2025-08-20T09:07:41.286Z [INFO]: Request completed {
  method: 'GET',
  url: '/assets/index-Br8NhapV.js',
  statusCode: 200,
  duration: '13ms',
  ip: '127.0.0.1',
  response: undefined
}
2025-08-20T09:07:41.289Z [INFO]: Request completed {
  method: 'GET',
  url: '/.well-known/appspecific/com.chrome.devtools.json',
  statusCode: 200,
  duration: '4ms',
  ip: '127.0.0.1',
  response: undefined
}
2025-08-20T09:07:43.568Z [INFO]: Request completed {
  method: 'GET',
  url: '/sw.js',
  statusCode: 304,
  duration: '6ms',
  ip: '127.0.0.1',
  response: undefined
}
2025-08-20T09:07:43.574Z [INFO]: Request completed {
  method: 'GET',
  url: '/favicon.ico',
  statusCode: 200,
  duration: '12ms',
  ip: '127.0.0.1',
  response: undefined
}
2025-08-20T09:07:43.596Z [INFO]: Request completed {
  method: 'GET',
  url: '/index.html',
  statusCode: 200,
  duration: '3ms',
  ip: '127.0.0.1',
  response: undefined
}
2025-08-20T09:07:43.599Z [INFO]: Request completed {
  method: 'GET',
  url: '/src/main.tsx',
  statusCode: 200,
  duration: '5ms',
  ip: '127.0.0.1',
  response: undefined
}
2025-08-20T09:07:43.603Z [INFO]: Request completed {
  method: 'GET',
  url: '/src/App.tsx',
  statusCode: 200,
  duration: '3ms',
  ip: '127.0.0.1',
  response: undefined
}
2025-08-20T09:07:43.605Z [INFO]: Request completed {
  method: 'GET',
  url: '/src/index.css',
  statusCode: 200,
  duration: '4ms',
  ip: '127.0.0.1',
  response: undefined
}
2025-08-20T09:07:43.812Z [INFO]: Request completed {
  method: 'GET',
  url: '/manifest.json',
  statusCode: 200,
  duration: '2ms',
  ip: '127.0.0.1',
  response: undefined
}
2025-08-20T09:07:44.274Z [INFO]: Request completed {
  method: 'GET',
  url: '/api/businesses',
  statusCode: 304,
  duration: '735ms',
  ip: '127.0.0.1',
  response: undefined
}
2025-08-20T09:07:45.867Z [INFO]: Request completed {
  method: 'GET',
  url: '/api/branches/business/biz_rmdbi4ukd',
  statusCode: 403,
  duration: '2ms',
  ip: '127.0.0.1',
  response: undefined
}
2025-08-20T09:08:34.373Z [INFO]: Request completed {
  method: 'GET',
  url: '/api/branches/business/biz_najib',
  statusCode: 403,
  duration: '2ms',
  ip: '127.0.0.1',
  response: undefined
}
2025-08-20T09:08:34.795Z [INFO]: Request completed {
  method: 'GET',
  url: '/api/branches/business/biz_mawlid',
  statusCode: 403,
  duration: '1ms',
  ip: '127.0.0.1',
  response: undefined
}
2025-08-20T09:08:35.370Z [INFO]: Request completed {
  method: 'GET',
  url: '/api/branches/business/biz_ismail',
  statusCode: 403,
  duration: '2ms',
  ip: '127.0.0.1',
  response: undefined
}
2025-08-20T09:13:45.125Z [INFO]: Request completed {
  method: 'GET',
  url: '/',
  statusCode: 200,
  duration: '668ms',
  ip: '127.0.0.1',
  response: undefined
}
2025-08-20T09:13:45.700Z [INFO]: Request completed {
  method: 'GET',
  url: '/.well-known/appspecific/com.chrome.devtools.json',
  statusCode: 404,
  duration: '3ms',
  ip: '127.0.0.1',
  response: undefined
}
2025-08-20T09:13:45.742Z [INFO]: Request completed {
  method: 'GET',
  url: '/@vite/client',
  statusCode: 200,
  duration: '39ms',
  ip: '127.0.0.1',
  response: undefined
}
2025-08-20T09:13:45.757Z [INFO]: Request completed {
  method: 'GET',
  url: '/src/main.tsx?v=i2IfbogfH9XyXm_j7Oh-k',
  statusCode: 200,
  duration: '51ms',
  ip: '127.0.0.1',
  response: undefined
}
2025-08-20T09:13:46.164Z [INFO]: Request completed {
  method: 'GET',
  url: '/@fs/C:/ledgerApp/node_modules/vite/dist/client/env.mjs',
  statusCode: 304,
  duration: '2ms',
  ip: '127.0.0.1',
  response: undefined
}
2025-08-20T09:13:46.180Z [INFO]: Request completed {
  method: 'GET',
  url: '/@react-refresh',
  statusCode: 200,
  duration: '21ms',
  ip: '127.0.0.1',
  response: undefined
}
2025-08-20T09:13:46.196Z [INFO]: Request completed {
  method: 'GET',
  url: '/src/App.tsx?v=i2IfbogfH9XyXm_j7Oh-k',
  statusCode: 200,
  duration: '4ms',
  ip: '127.0.0.1',
  response: undefined
}
2025-08-20T09:13:47.236Z [INFO]: Request completed {
  method: 'GET',
  url: '/src/index.css?v=i2IfbogfH9XyXm_j7Oh-k',
  statusCode: 200,
  duration: '1020ms',
  ip: '127.0.0.1',
  response: undefined
}
2025-08-20T09:13:47.768Z [INFO]: Request completed {
  method: 'GET',
  url: '/src/components/ui/toaster.tsx',
  statusCode: 200,
  duration: '50ms',
  ip: '127.0.0.1',
  response: undefined
}
2025-08-20T09:13:47.791Z [INFO]: Request completed {
  method: 'GET',
  url: '/src/components/ui/tooltip.tsx',
  statusCode: 200,
  duration: '75ms',
  ip: '127.0.0.1',
  response: undefined
}
2025-08-20T09:13:47.914Z [INFO]: Request completed {
  method: 'GET',
  url: '/src/lib/auth-store.ts',
  statusCode: 200,
  duration: '2ms',
  ip: '127.0.0.1',
  response: undefined
}
2025-08-20T09:13:47.962Z [INFO]: Request completed {
  method: 'GET',
  url: '/src/lib/queryClient.ts',
  statusCode: 200,
  duration: '4ms',
  ip: '127.0.0.1',
  response: undefined
}
2025-08-20T09:13:47.971Z [INFO]: Request completed {
  method: 'GET',
  url: '/src/components/layout/BusinessAppShell.tsx',
  statusCode: 200,
  duration: '4ms',
  ip: '127.0.0.1',
  response: undefined
}
2025-08-20T09:13:47.983Z [INFO]: Request completed {
  method: 'GET',
  url: '/src/components/layout/SuperAdminAppShell.tsx',
  statusCode: 200,
  duration: '8ms',
  ip: '127.0.0.1',
  response: undefined
}
2025-08-20T09:13:48.000Z [INFO]: Request completed {
  method: 'GET',
  url: '/src/pages/business/Login.tsx',
  statusCode: 200,
  duration: '11ms',
  ip: '127.0.0.1',
  response: undefined
}
2025-08-20T09:13:48.014Z [INFO]: Request completed {
  method: 'GET',
  url: '/src/pages/admin/Login.tsx',
  statusCode: 200,
  duration: '9ms',
  ip: '127.0.0.1',
  response: undefined
}
2025-08-20T09:13:48.215Z [INFO]: Request completed {
  method: 'GET',
  url: '/src/pages/business/Dashboard.tsx',
  statusCode: 200,
  duration: '3ms',
  ip: '127.0.0.1',
  response: undefined
}
2025-08-20T09:13:48.317Z [INFO]: Request completed {
  method: 'GET',
  url: '/src/pages/business/Accounts.tsx',
  statusCode: 200,
  duration: '2ms',
  ip: '127.0.0.1',
  response: undefined
}
2025-08-20T09:13:48.389Z [INFO]: Request completed {
  method: 'GET',
  url: '/src/pages/business/Cashbook.tsx',
  statusCode: 200,
  duration: '3ms',
  ip: '127.0.0.1',
  response: undefined
}
2025-08-20T09:13:48.432Z [INFO]: Request completed {
  method: 'GET',
  url: '/src/pages/business/Invoices.tsx',
  statusCode: 200,
  duration: '3ms',
  ip: '127.0.0.1',
  response: undefined
}
2025-08-20T09:13:48.442Z [INFO]: Request completed {
  method: 'GET',
  url: '/src/pages/business/Inventory.tsx',
  statusCode: 200,
  duration: '3ms',
  ip: '127.0.0.1',
  response: undefined
}
2025-08-20T09:13:48.507Z [INFO]: Request completed {
  method: 'GET',
  url: '/src/pages/business/Reports.tsx',
  statusCode: 200,
  duration: '2ms',
  ip: '127.0.0.1',
  response: undefined
}
2025-08-20T09:13:48.561Z [INFO]: Request completed {
  method: 'GET',
  url: '/src/pages/business/Settings.tsx',
  statusCode: 200,
  duration: '3ms',
  ip: '127.0.0.1',
  response: undefined
}
2025-08-20T09:13:48.585Z [INFO]: Request completed {
  method: 'GET',
  url: '/src/pages/admin/Dashboard.tsx',
  statusCode: 200,
  duration: '2ms',
  ip: '127.0.0.1',
  response: undefined
}
2025-08-20T09:13:48.593Z [INFO]: Request completed {
  method: 'GET',
  url: '/src/pages/admin/Businesses.tsx',
  statusCode: 200,
  duration: '5ms',
  ip: '127.0.0.1',
  response: undefined
}
2025-08-20T09:13:48.602Z [INFO]: Request completed {
  method: 'GET',
  url: '/src/pages/admin/Branches.tsx',
  statusCode: 200,
  duration: '6ms',
  ip: '127.0.0.1',
  response: undefined
}
2025-08-20T09:13:48.610Z [INFO]: Request completed {
  method: 'GET',
  url: '/src/pages/admin/UsersRoles.tsx',
  statusCode: 200,
  duration: '4ms',
  ip: '127.0.0.1',
  response: undefined
}
2025-08-20T09:13:48.617Z [INFO]: Request completed {
  method: 'GET',
  url: '/src/pages/admin/AppSettings.tsx',
  statusCode: 200,
  duration: '4ms',
  ip: '127.0.0.1',
  response: undefined
}
2025-08-20T09:13:48.624Z [INFO]: Request completed {
  method: 'GET',
  url: '/src/pages/admin/Audit.tsx',
  statusCode: 200,
  duration: '4ms',
  ip: '127.0.0.1',
  response: undefined
}
2025-08-20T09:13:48.632Z [INFO]: Request completed {
  method: 'GET',
  url: '/src/pages/admin/Feedback.tsx',
  statusCode: 200,
  duration: '4ms',
  ip: '127.0.0.1',
  response: undefined
}
2025-08-20T09:13:48.647Z [INFO]: Request completed {
  method: 'GET',
  url: '/src/pages/admin/Diagnostics.tsx',
  statusCode: 200,
  duration: '4ms',
  ip: '127.0.0.1',
  response: undefined
}
2025-08-20T09:13:48.654Z [INFO]: Request completed {
  method: 'GET',
  url: '/src/hooks/use-toast.ts',
  statusCode: 200,
  duration: '3ms',
  ip: '127.0.0.1',
  response: undefined
}
2025-08-20T09:13:48.663Z [INFO]: Request completed {
  method: 'GET',
  url: '/src/components/ui/toast.tsx',
  statusCode: 200,
  duration: '5ms',
  ip: '127.0.0.1',
  response: undefined
}
2025-08-20T09:13:48.675Z [INFO]: Request completed {
  method: 'GET',
  url: '/@fs/C:/ledgerApp/node_modules/.vite/deps/react-dom_client.js?v=e3932dba',
  statusCode: 200,
  duration: '2500ms',
  ip: '127.0.0.1',
  response: undefined
}
2025-08-20T09:13:48.683Z [INFO]: Request completed {
  method: 'GET',
  url: '/@fs/C:/ledgerApp/node_modules/.vite/deps/react_jsx-dev-runtime.js?v=965051da',
  statusCode: 200,
  duration: '2515ms',
  ip: '127.0.0.1',
  response: undefined
}
2025-08-20T09:13:48.688Z [INFO]: Request completed {
  method: 'GET',
  url: '/@fs/C:/ledgerApp/node_modules/.vite/deps/wouter.js?v=91b8dbb5',
  statusCode: 200,
  duration: '772ms',
  ip: '127.0.0.1',
  response: undefined
}
2025-08-20T09:13:48.694Z [INFO]: Request completed {
  method: 'GET',
  url: '/@fs/C:/ledgerApp/node_modules/.vite/deps/react.js?v=965051da',
  statusCode: 200,
  duration: '978ms',
  ip: '127.0.0.1',
  response: undefined
}
2025-08-20T09:13:48.700Z [INFO]: Request completed {
  method: 'GET',
  url: '/@fs/C:/ledgerApp/node_modules/.vite/deps/@tanstack_react-query.js?v=364efb50',
  statusCode: 200,
  duration: '983ms',
  ip: '127.0.0.1',
  response: undefined
}
2025-08-20T09:13:48.711Z [INFO]: Request completed {
  method: 'GET',
  url: '/@fs/C:/ledgerApp/node_modules/.vite/deps/@radix-ui_react-tooltip.js?v=b36d7ef4',
  statusCode: 200,
  duration: '42ms',
  ip: '127.0.0.1',
  response: undefined
}
2025-08-20T09:13:48.738Z [INFO]: Request completed {
  method: 'GET',
  url: '/src/lib/utils.ts',
  statusCode: 200,
  duration: '2ms',
  ip: '127.0.0.1',
  response: undefined
}
2025-08-20T09:13:48.742Z [INFO]: Request completed {
  method: 'GET',
  url: '/@fs/C:/ledgerApp/node_modules/.vite/deps/zustand.js?v=f6636162',
  statusCode: 200,
  duration: '2ms',
  ip: '127.0.0.1',
  response: undefined
}
2025-08-20T09:13:48.747Z [INFO]: Request completed {
  method: 'GET',
  url: '/@fs/C:/ledgerApp/node_modules/.vite/deps/zustand_middleware.js?v=868f78e5',
  statusCode: 200,
  duration: '2ms',
  ip: '127.0.0.1',
  response: undefined
}
2025-08-20T09:13:48.752Z [INFO]: Request completed {
  method: 'GET',
  url: '/@fs/C:/ledgerApp/node_modules/.vite/deps/@tanstack_react-query-persist-client.js?v=1ee5c544',
  statusCode: 200,
  duration: '3ms',
  ip: '127.0.0.1',
  response: undefined
}
2025-08-20T09:13:48.755Z [INFO]: Request completed {
  method: 'GET',
  url: '/@fs/C:/ledgerApp/node_modules/.vite/deps/@tanstack_query-sync-storage-persister.js?v=c4a1eb79',
  statusCode: 200,
  duration: '2ms',
  ip: '127.0.0.1',
  response: undefined
}
2025-08-20T09:13:48.768Z [INFO]: Request completed {
  method: 'GET',
  url: '/src/components/layout/LedgerLayout.tsx',
  statusCode: 200,
  duration: '11ms',
  ip: '127.0.0.1',
  response: undefined
}
2025-08-20T09:13:48.773Z [INFO]: Request completed {
  method: 'GET',
  url: '/src/components/layout/SidebarNav.tsx',
  statusCode: 200,
  duration: '3ms',
  ip: '127.0.0.1',
  response: undefined
}
2025-08-20T09:13:48.778Z [INFO]: Request completed {
  method: 'GET',
  url: '/src/components/layout/MobileNavDrawer.tsx',
  statusCode: 200,
  duration: '3ms',
  ip: '127.0.0.1',
  response: undefined
}
2025-08-20T09:13:48.783Z [INFO]: Request completed {
  method: 'GET',
  url: '/src/components/layout/MobileBottomNav.tsx',
  statusCode: 200,
  duration: '3ms',
  ip: '127.0.0.1',
  response: undefined
}
2025-08-20T09:13:48.787Z [INFO]: Request completed {
  method: 'GET',
  url: '/src/components/layout/Breadcrumb.tsx',
  statusCode: 200,
  duration: '2ms',
  ip: '127.0.0.1',
  response: undefined
}
2025-08-20T09:13:48.793Z [INFO]: Request completed {
  method: 'GET',
  url: '/src/components/layout/AppHeader.tsx',
  statusCode: 200,
  duration: '2ms',
  ip: '127.0.0.1',
  response: undefined
}
2025-08-20T09:13:48.797Z [INFO]: Request completed {
  method: 'GET',
  url: '/src/components/ui/button.tsx',
  statusCode: 200,
  duration: '3ms',
  ip: '127.0.0.1',
  response: undefined
}
2025-08-20T09:13:48.801Z [INFO]: Request completed {
  method: 'GET',
  url: '/src/components/ui/input.tsx',
  statusCode: 200,
  duration: '2ms',
  ip: '127.0.0.1',
  response: undefined
}
2025-08-20T09:13:48.805Z [INFO]: Request completed {
  method: 'GET',
  url: '/src/components/ui/label.tsx',
  statusCode: 200,
  duration: '2ms',
  ip: '127.0.0.1',
  response: undefined
}
2025-08-20T09:13:48.809Z [INFO]: Request completed {
  method: 'GET',
  url: '/src/components/ui/card.tsx',
  statusCode: 200,
  duration: '2ms',
  ip: '127.0.0.1',
  response: undefined
}
2025-08-20T09:13:48.813Z [INFO]: Request completed {
  method: 'GET',
  url: '/src/components/ui/skeleton.tsx',
  statusCode: 200,
  duration: '2ms',
  ip: '127.0.0.1',
  response: undefined
}
2025-08-20T09:13:48.817Z [INFO]: Request completed {
  method: 'GET',
  url: '/src/components/ui/badge.tsx',
  statusCode: 200,
  duration: '2ms',
  ip: '127.0.0.1',
  response: undefined
}
2025-08-20T09:13:48.820Z [INFO]: Request completed {
  method: 'GET',
  url: '/src/components/modals/CashEntryModal.tsx',
  statusCode: 200,
  duration: '2ms',
  ip: '127.0.0.1',
  response: undefined
}
2025-08-20T09:13:48.826Z [INFO]: Request completed {
  method: 'GET',
  url: '/src/components/modals/CreateInvoiceModal.tsx',
  statusCode: 200,
  duration: '3ms',
  ip: '127.0.0.1',
  response: undefined
}
2025-08-20T09:13:48.855Z [INFO]: Request completed {
  method: 'GET',
  url: '/@fs/C:/ledgerApp/node_modules/.vite/deps/lucide-react.js?v=ac390009',
  statusCode: 200,
  duration: '66ms',
  ip: '127.0.0.1',
  response: undefined
}
2025-08-20T09:13:48.865Z [INFO]: Request completed {
  method: 'GET',
  url: '/src/lib/design-tokens.ts',
  statusCode: 200,
  duration: '4ms',
  ip: '127.0.0.1',
  response: undefined
}
2025-08-20T09:13:48.872Z [INFO]: Request completed {
  method: 'GET',
  url: '/src/lib/api.ts',
  statusCode: 304,
  duration: '4ms',
  ip: '127.0.0.1',
  response: undefined
}
2025-08-20T09:13:48.881Z [INFO]: Request completed {
  method: 'GET',
  url: '/src/components/ui/alert.tsx',
  statusCode: 200,
  duration: '4ms',
  ip: '127.0.0.1',
  response: undefined
}
2025-08-20T09:13:48.887Z [INFO]: Request completed {
  method: 'GET',
  url: '/src/components/reports/StatementGenerator.tsx',
  statusCode: 200,
  duration: '4ms',
  ip: '127.0.0.1',
  response: undefined
}
2025-08-20T09:13:48.894Z [INFO]: Request completed {
  method: 'GET',
  url: '/src/components/ui/select.tsx',
  statusCode: 200,
  duration: '4ms',
  ip: '127.0.0.1',
  response: undefined
}
2025-08-20T09:13:48.921Z [INFO]: Request completed {
  method: 'GET',
  url: '/src/components/modals/BulkOperationsModal.tsx',
  statusCode: 200,
  duration: '2ms',
  ip: '127.0.0.1',
  response: undefined
}
2025-08-20T09:13:48.927Z [INFO]: Request completed {
  method: 'GET',
  url: '/src/components/ui/dialog.tsx',
  statusCode: 200,
  duration: '3ms',
  ip: '127.0.0.1',
  response: undefined
}
2025-08-20T09:13:48.934Z [INFO]: Request completed {
  method: 'GET',
  url: '/src/components/ui/switch.tsx',
  statusCode: 200,
  duration: '4ms',
  ip: '127.0.0.1',
  response: undefined
}
2025-08-20T09:13:48.938Z [INFO]: Request completed {
  method: 'GET',
  url: '/src/components/ui/textarea.tsx',
  statusCode: 200,
  duration: '2ms',
  ip: '127.0.0.1',
  response: undefined
}
2025-08-20T09:13:48.944Z [INFO]: Request completed {
  method: 'GET',
  url: '/@fs/C:/ledgerApp/node_modules/.vite/deps/@radix-ui_react-toast.js?v=67360320',
  statusCode: 200,
  duration: '3ms',
  ip: '127.0.0.1',
  response: undefined
}
2025-08-20T09:13:48.951Z [INFO]: Request completed {
  method: 'GET',
  url: '/@fs/C:/ledgerApp/node_modules/.vite/deps/class-variance-authority.js?v=c1fca51c',
  statusCode: 200,
  duration: '3ms',
  ip: '127.0.0.1',
  response: undefined
}
2025-08-20T09:13:48.956Z [INFO]: Request completed {
  method: 'GET',
  url: '/@fs/C:/ledgerApp/node_modules/.vite/deps/chunk-3TFVT2CW.js?v=2c7a71fe',
  statusCode: 200,
  duration: '3ms',
  ip: '127.0.0.1',
  response: undefined
}
2025-08-20T09:13:48.963Z [INFO]: Request completed {
  method: 'GET',
  url: '/@fs/C:/ledgerApp/node_modules/.vite/deps/chunk-4MBMRILA.js?v=2c7a71fe',
  statusCode: 200,
  duration: '3ms',
  ip: '127.0.0.1',
  response: undefined
}
2025-08-20T09:13:48.968Z [INFO]: Request completed {
  method: 'GET',
  url: '/@fs/C:/ledgerApp/node_modules/.vite/deps/chunk-ZADDJO6S.js?v=2c7a71fe',
  statusCode: 200,
  duration: '2ms',
  ip: '127.0.0.1',
  response: undefined
}
2025-08-20T09:13:48.972Z [INFO]: Request completed {
  method: 'GET',
  url: '/@fs/C:/ledgerApp/node_modules/.vite/deps/chunk-S77I6LSE.js?v=2c7a71fe',
  statusCode: 200,
  duration: '3ms',
  ip: '127.0.0.1',
  response: undefined
}
2025-08-20T09:13:48.977Z [INFO]: Request completed {
  method: 'GET',
  url: '/@fs/C:/ledgerApp/node_modules/.vite/deps/chunk-YTSERMAU.js?v=2c7a71fe',
  statusCode: 200,
  duration: '3ms',
  ip: '127.0.0.1',
  response: undefined
}
2025-08-20T09:13:48.983Z [INFO]: Request completed {
  method: 'GET',
  url: '/@fs/C:/ledgerApp/node_modules/.vite/deps/chunk-XFUAPZYC.js?v=2c7a71fe',
  statusCode: 200,
  duration: '3ms',
  ip: '127.0.0.1',
  response: undefined
}
2025-08-20T09:13:48.987Z [INFO]: Request completed {
  method: 'GET',
  url: '/@fs/C:/ledgerApp/node_modules/.vite/deps/chunk-GN2RGETP.js?v=2c7a71fe',
  statusCode: 200,
  duration: '2ms',
  ip: '127.0.0.1',
  response: undefined
}
2025-08-20T09:13:48.991Z [INFO]: Request completed {
  method: 'GET',
  url: '/@fs/C:/ledgerApp/node_modules/.vite/deps/chunk-YGXLQWI6.js?v=2c7a71fe',
  statusCode: 200,
  duration: '2ms',
  ip: '127.0.0.1',
  response: undefined
}
2025-08-20T09:13:48.996Z [INFO]: Request completed {
  method: 'GET',
  url: '/@fs/C:/ledgerApp/node_modules/.vite/deps/chunk-AUS37OBF.js?v=2c7a71fe',
  statusCode: 200,
  duration: '3ms',
  ip: '127.0.0.1',
  response: undefined
}
2025-08-20T09:13:49.000Z [INFO]: Request completed {
  method: 'GET',
  url: '/@fs/C:/ledgerApp/node_modules/.vite/deps/chunk-HHSGZLSP.js?v=2c7a71fe',
  statusCode: 200,
  duration: '2ms',
  ip: '127.0.0.1',
  response: undefined
}
2025-08-20T09:13:49.003Z [INFO]: Request completed {
  method: 'GET',
  url: '/@fs/C:/ledgerApp/node_modules/.vite/deps/chunk-PFAUAXO7.js?v=2c7a71fe',
  statusCode: 200,
  duration: '2ms',
  ip: '127.0.0.1',
  response: undefined
}
2025-08-20T09:13:49.006Z [INFO]: Request completed {
  method: 'GET',
  url: '/@fs/C:/ledgerApp/node_modules/.vite/deps/chunk-PLT6GTVM.js?v=2c7a71fe',
  statusCode: 200,
  duration: '2ms',
  ip: '127.0.0.1',
  response: undefined
}
2025-08-20T09:13:49.010Z [INFO]: Request completed {
  method: 'GET',
  url: '/@fs/C:/ledgerApp/node_modules/.vite/deps/clsx.js?v=045adda5',
  statusCode: 200,
  duration: '2ms',
  ip: '127.0.0.1',
  response: undefined
}
2025-08-20T09:13:49.013Z [INFO]: Request completed {
  method: 'GET',
  url: '/src/components/ui/tabs.tsx',
  statusCode: 200,
  duration: '2ms',
  ip: '127.0.0.1',
  response: undefined
}
2025-08-20T09:13:49.032Z [INFO]: Request completed {
  method: 'GET',
  url: '/@fs/C:/ledgerApp/node_modules/.vite/deps/chunk-WERSD76P.js?v=2c7a71fe',
  statusCode: 200,
  duration: '5ms',
  ip: '127.0.0.1',
  response: undefined
}
2025-08-20T09:13:49.036Z [INFO]: Request completed {
  method: 'GET',
  url: '/@fs/C:/ledgerApp/node_modules/.vite/deps/chunk-7PPNEFWK.js?v=2c7a71fe',
  statusCode: 200,
  duration: '2ms',
  ip: '127.0.0.1',
  response: undefined
}
2025-08-20T09:13:49.039Z [INFO]: Request completed {
  method: 'GET',
  url: '/@fs/C:/ledgerApp/node_modules/.vite/deps/chunk-GVTGVYSA.js?v=2c7a71fe',
  statusCode: 200,
  duration: '2ms',
  ip: '127.0.0.1',
  response: undefined
}
2025-08-20T09:13:49.043Z [INFO]: Request completed {
  method: 'GET',
  url: '/@fs/C:/ledgerApp/node_modules/.vite/deps/chunk-5S42QOQO.js?v=2c7a71fe',
  statusCode: 200,
  duration: '2ms',
  ip: '127.0.0.1',
  response: undefined
}
2025-08-20T09:13:49.047Z [INFO]: Request completed {
  method: 'GET',
  url: '/@fs/C:/ledgerApp/node_modules/.vite/deps/tailwind-merge.js?v=891fdc65',
  statusCode: 200,
  duration: '2ms',
  ip: '127.0.0.1',
  response: undefined
}
2025-08-20T09:13:49.050Z [INFO]: Request completed {
  method: 'GET',
  url: '/@fs/C:/ledgerApp/node_modules/.vite/deps/@radix-ui_react-label.js?v=45862878',
  statusCode: 200,
  duration: '2ms',
  ip: '127.0.0.1',
  response: undefined
}
2025-08-20T09:13:49.054Z [INFO]: Request completed {
  method: 'GET',
  url: '/@fs/C:/ledgerApp/node_modules/.vite/deps/react-hook-form.js?v=8ef09f10',
  statusCode: 200,
  duration: '2ms',
  ip: '127.0.0.1',
  response: undefined
}
2025-08-20T09:13:49.059Z [INFO]: Request completed {
  method: 'GET',
  url: '/@fs/C:/ledgerApp/node_modules/.vite/deps/zod.js?v=e4dbe73b',
  statusCode: 200,
  duration: '2ms',
  ip: '127.0.0.1',
  response: undefined
}
2025-08-20T09:13:49.063Z [INFO]: Request completed {
  method: 'GET',
  url: '/src/components/ui/form.tsx',
  statusCode: 200,
  duration: '2ms',
  ip: '127.0.0.1',
  response: undefined
}
2025-08-20T09:13:49.067Z [INFO]: Request completed {
  method: 'GET',
  url: '/src/components/ui/sheet.tsx',
  statusCode: 200,
  duration: '2ms',
  ip: '127.0.0.1',
  response: undefined
}
2025-08-20T09:13:49.070Z [INFO]: Request completed {
  method: 'GET',
  url: '/src/components/ui/scroll-area.tsx',
  statusCode: 200,
  duration: '2ms',
  ip: '127.0.0.1',
  response: undefined
}
2025-08-20T09:13:49.074Z [INFO]: Request completed {
  method: 'GET',
  url: '/@fs/C:/ledgerApp/node_modules/.vite/deps/@radix-ui_react-slot.js?v=064c8aff',
  statusCode: 200,
  duration: '2ms',
  ip: '127.0.0.1',
  response: undefined
}
2025-08-20T09:13:49.077Z [INFO]: Request completed {
  method: 'GET',
  url: '/@fs/C:/ledgerApp/node_modules/.vite/deps/@hookform_resolvers_zod.js?v=daa090bd',
  statusCode: 200,
  duration: '2ms',
  ip: '127.0.0.1',
  response: undefined
}
2025-08-20T09:13:49.080Z [INFO]: Request completed {
  method: 'GET',
  url: '/src/lib/photo-utils.ts',
  statusCode: 304,
  duration: '2ms',
  ip: '127.0.0.1',
  response: undefined
}
2025-08-20T09:13:49.086Z [INFO]: Request completed {
  method: 'GET',
  url: '/@fs/C:/ledgerApp/node_modules/.vite/deps/@radix-ui_react-select.js?v=3a52ce15',
  statusCode: 200,
  duration: '1ms',
  ip: '127.0.0.1',
  response: undefined
}
2025-08-20T09:13:49.089Z [INFO]: Request completed {
  method: 'GET',
  url: '/src/components/ui/progress.tsx',
  statusCode: 200,
  duration: '1ms',
  ip: '127.0.0.1',
  response: undefined
}
2025-08-20T09:13:49.093Z [INFO]: Request completed {
  method: 'GET',
  url: '/@fs/C:/ledgerApp/node_modules/.vite/deps/@radix-ui_react-dialog.js?v=c4caff88',
  statusCode: 200,
  duration: '2ms',
  ip: '127.0.0.1',
  response: undefined
}
2025-08-20T09:13:49.097Z [INFO]: Request completed {
  method: 'GET',
  url: '/@fs/C:/ledgerApp/node_modules/.vite/deps/@radix-ui_react-switch.js?v=71b60cc2',
  statusCode: 200,
  duration: '2ms',
  ip: '127.0.0.1',
  response: undefined
}
2025-08-20T09:13:49.099Z [INFO]: Request completed {
  method: 'GET',
  url: '/@fs/C:/ledgerApp/node_modules/.vite/deps/chunk-MKRCTFNO.js?v=2c7a71fe',
  statusCode: 200,
  duration: '2ms',
  ip: '127.0.0.1',
  response: undefined
}
2025-08-20T09:13:49.102Z [INFO]: Request completed {
  method: 'GET',
  url: '/@fs/C:/ledgerApp/node_modules/.vite/deps/@radix-ui_react-tabs.js?v=7a550df5',
  statusCode: 200,
  duration: '1ms',
  ip: '127.0.0.1',
  response: undefined
}
2025-08-20T09:13:49.105Z [INFO]: Request completed {
  method: 'GET',
  url: '/@fs/C:/ledgerApp/node_modules/.vite/deps/chunk-CXJMC5RA.js?v=2c7a71fe',
  statusCode: 200,
  duration: '1ms',
  ip: '127.0.0.1',
  response: undefined
}
2025-08-20T09:13:49.108Z [INFO]: Request completed {
  method: 'GET',
  url: '/@fs/C:/ledgerApp/node_modules/.vite/deps/@radix-ui_react-scroll-area.js?v=42aa39dd',
  statusCode: 200,
  duration: '1ms',
  ip: '127.0.0.1',
  response: undefined
}
2025-08-20T09:13:49.112Z [INFO]: Request completed {
  method: 'GET',
  url: '/@fs/C:/ledgerApp/node_modules/.vite/deps/chunk-QH7Y6EI7.js?v=2c7a71fe',
  statusCode: 200,
  duration: '2ms',
  ip: '127.0.0.1',
  response: undefined
}
2025-08-20T09:13:49.114Z [INFO]: Request completed {
  method: 'GET',
  url: '/@fs/C:/ledgerApp/node_modules/.vite/deps/chunk-KDQIYGSQ.js?v=2c7a71fe',
  statusCode: 200,
  duration: '2ms',
  ip: '127.0.0.1',
  response: undefined
}
2025-08-20T09:13:49.117Z [INFO]: Request completed {
  method: 'GET',
  url: '/@fs/C:/ledgerApp/node_modules/.vite/deps/chunk-HGJTK426.js?v=2c7a71fe',
  statusCode: 200,
  duration: '1ms',
  ip: '127.0.0.1',
  response: undefined
}
2025-08-20T09:13:49.120Z [INFO]: Request completed {
  method: 'GET',
  url: '/@fs/C:/ledgerApp/node_modules/.vite/deps/@radix-ui_react-progress.js?v=02c320a2',
  statusCode: 200,
  duration: '1ms',
  ip: '127.0.0.1',
  response: undefined
}
2025-08-20T09:13:49.122Z [INFO]: Request completed {
  method: 'GET',
  url: '/src/components/ui/table.tsx',
  statusCode: 200,
  duration: '2ms',
  ip: '127.0.0.1',
  response: undefined
}
2025-08-20T09:13:49.126Z [INFO]: Request completed {
  method: 'GET',
  url: '/src/components/ui/loading.tsx',
  statusCode: 200,
  duration: '3ms',
  ip: '127.0.0.1',
  response: undefined
}
2025-08-20T09:13:49.130Z [INFO]: Request completed {
  method: 'GET',
  url: '/@fs/C:/ledgerApp/node_modules/.vite/deps/chunk-U7P2NEEE.js?v=2c7a71fe',
  statusCode: 200,
  duration: '2ms',
  ip: '127.0.0.1',
  response: undefined
}
2025-08-20T09:13:49.139Z [INFO]: Request completed {
  method: 'GET',
  url: '/@fs/C:/ledgerApp/node_modules/.vite/deps/chunk-6ZMM2PAV.js?v=2c7a71fe',
  statusCode: 200,
  duration: '6ms',
  ip: '127.0.0.1',
  response: undefined
}
2025-08-20T09:13:49.243Z [INFO]: Request completed {
  method: 'GET',
  url: '/sw.js',
  statusCode: 200,
  duration: '10ms',
  ip: '127.0.0.1',
  response: undefined
}
2025-08-20T09:13:49.272Z [INFO]: Request completed {
  method: 'GET',
  url: '/',
  statusCode: 200,
  duration: '32ms',
  ip: '127.0.0.1',
  response: undefined
}
2025-08-20T09:13:49.287Z [INFO]: Request completed {
  method: 'GET',
  url: '/src/App.tsx',
  statusCode: 200,
  duration: '2ms',
  ip: '127.0.0.1',
  response: undefined
}
2025-08-20T09:13:49.296Z [INFO]: Request completed {
  method: 'GET',
  url: '/src/index.css',
  statusCode: 200,
  duration: '4ms',
  ip: '127.0.0.1',
  response: undefined
}
2025-08-20T09:13:49.302Z [INFO]: Request completed {
  method: 'GET',
  url: '/src/main.tsx',
  statusCode: 200,
  duration: '20ms',
  ip: '127.0.0.1',
  response: undefined
}
2025-08-20T09:13:49.310Z [INFO]: Request completed {
  method: 'GET',
  url: '/',
  statusCode: 200,
  duration: '30ms',
  ip: '127.0.0.1',
  response: undefined
}
2025-08-20T09:13:49.972Z [INFO]: Request completed {
  method: 'GET',
  url: '/api/businesses',
  statusCode: 304,
  duration: '746ms',
  ip: '127.0.0.1',
  response: undefined
}
2025-08-20T09:13:50.966Z [INFO]: Request completed {
  method: 'GET',
  url: '/api/branches/business/biz_rmdbi4ukd',
  statusCode: 403,
  duration: '7ms',
  ip: '127.0.0.1',
  response: undefined
}
2025-08-20T09:16:12.764Z [INFO]: Request completed {
  method: 'GET',
  url: '/',
  statusCode: 200,
  duration: '331ms',
  ip: '127.0.0.1',
  response: undefined
}
2025-08-20T09:16:13.112Z [INFO]: Request completed {
  method: 'GET',
  url: '/.well-known/appspecific/com.chrome.devtools.json',
  statusCode: 404,
  duration: '2ms',
  ip: '127.0.0.1',
  response: undefined
}
2025-08-20T09:16:13.143Z [INFO]: Request completed {
  method: 'GET',
  url: '/@vite/client',
  statusCode: 200,
  duration: '42ms',
  ip: '127.0.0.1',
  response: undefined
}
2025-08-20T09:16:13.915Z [INFO]: Request completed {
  method: 'GET',
  url: '/src/main.tsx?v=qaXGUEhrv01AX16ak75jI',
  statusCode: 200,
  duration: '808ms',
  ip: '127.0.0.1',
  response: undefined
}
2025-08-20T09:16:14.966Z [INFO]: Request completed {
  method: 'GET',
  url: '/@react-refresh',
  statusCode: 304,
  duration: '2ms',
  ip: '127.0.0.1',
  response: undefined
}
2025-08-20T09:16:14.969Z [INFO]: Request completed {
  method: 'GET',
  url: '/@fs/C:/ledgerApp/node_modules/vite/dist/client/env.mjs',
  statusCode: 304,
  duration: '1ms',
  ip: '127.0.0.1',
  response: undefined
}
2025-08-20T09:16:14.974Z [INFO]: Request completed {
  method: 'GET',
  url: '/@fs/C:/ledgerApp/node_modules/.vite/deps/react_jsx-dev-runtime.js?v=00b52520',
  statusCode: 200,
  duration: '3ms',
  ip: '127.0.0.1',
  response: undefined
}
2025-08-20T09:16:15.011Z [INFO]: Request completed {
  method: 'GET',
  url: '/@fs/C:/ledgerApp/node_modules/.vite/deps/react-dom_client.js?v=00b52520',
  statusCode: 200,
  duration: '1ms',
  ip: '127.0.0.1',
  response: undefined
}
2025-08-20T09:16:15.015Z [INFO]: Request completed {
  method: 'GET',
  url: '/src/App.tsx?v=qaXGUEhrv01AX16ak75jI',
  statusCode: 200,
  duration: '3ms',
  ip: '127.0.0.1',
  response: undefined
}
2025-08-20T09:16:15.024Z [INFO]: Request completed {
  method: 'GET',
  url: '/src/index.css?v=qaXGUEhrv01AX16ak75jI',
  statusCode: 200,
  duration: '4ms',
  ip: '127.0.0.1',
  response: undefined
}
2025-08-20T09:16:15.029Z [INFO]: Request completed {
  method: 'GET',
  url: '/@fs/C:/ledgerApp/node_modules/.vite/deps/chunk-3TFVT2CW.js?v=00b52520',
  statusCode: 200,
  duration: '3ms',
  ip: '127.0.0.1',
  response: undefined
}
2025-08-20T09:16:15.082Z [INFO]: Request completed {
  method: 'GET',
  url: '/@fs/C:/ledgerApp/node_modules/.vite/deps/chunk-4MBMRILA.js?v=00b52520',
  statusCode: 200,
  duration: '2ms',
  ip: '127.0.0.1',
  response: undefined
}
2025-08-20T09:16:15.089Z [INFO]: Request completed {
  method: 'GET',
  url: '/@fs/C:/ledgerApp/node_modules/.vite/deps/chunk-WERSD76P.js?v=00b52520',
  statusCode: 200,
  duration: '5ms',
  ip: '127.0.0.1',
  response: undefined
}
2025-08-20T09:16:15.093Z [INFO]: Request completed {
  method: 'GET',
  url: '/@fs/C:/ledgerApp/node_modules/.vite/deps/react.js?v=00b52520',
  statusCode: 200,
  duration: '2ms',
  ip: '127.0.0.1',
  response: undefined
}
2025-08-20T09:16:15.132Z [INFO]: Request completed {
  method: 'GET',
  url: '/@fs/C:/ledgerApp/node_modules/.vite/deps/@tanstack_react-query.js?v=00b52520',
  statusCode: 200,
  duration: '2ms',
  ip: '127.0.0.1',
  response: undefined
}
2025-08-20T09:16:15.135Z [INFO]: Request completed {
  method: 'GET',
  url: '/src/components/ui/toaster.tsx',
  statusCode: 200,
  duration: '2ms',
  ip: '127.0.0.1',
  response: undefined
}
2025-08-20T09:16:15.138Z [INFO]: Request completed {
  method: 'GET',
  url: '/src/components/ui/tooltip.tsx',
  statusCode: 200,
  duration: '2ms',
  ip: '127.0.0.1',
  response: undefined
}
2025-08-20T09:16:15.143Z [INFO]: Request completed {
  method: 'GET',
  url: '/src/lib/auth-store.ts',
  statusCode: 200,
  duration: '1ms',
  ip: '127.0.0.1',
  response: undefined
}
2025-08-20T09:16:15.156Z [INFO]: Request completed {
  method: 'GET',
  url: '/src/lib/queryClient.ts',
  statusCode: 200,
  duration: '2ms',
  ip: '127.0.0.1',
  response: undefined
}
2025-08-20T09:16:15.253Z [INFO]: Request completed {
  method: 'GET',
  url: '/src/components/layout/BusinessAppShell.tsx',
  statusCode: 200,
  duration: '2ms',
  ip: '127.0.0.1',
  response: undefined
}
2025-08-20T09:16:15.260Z [INFO]: Request completed {
  method: 'GET',
  url: '/src/components/layout/SuperAdminAppShell.tsx',
  statusCode: 200,
  duration: '1ms',
  ip: '127.0.0.1',
  response: undefined
}
2025-08-20T09:16:15.262Z [INFO]: Request completed {
  method: 'GET',
  url: '/src/pages/admin/Login.tsx',
  statusCode: 200,
  duration: '2ms',
  ip: '127.0.0.1',
  response: undefined
}
2025-08-20T09:16:15.268Z [INFO]: Request completed {
  method: 'GET',
  url: '/src/pages/business/Login.tsx',
  statusCode: 200,
  duration: '2ms',
  ip: '127.0.0.1',
  response: undefined
}
2025-08-20T09:16:15.287Z [INFO]: Request completed {
  method: 'GET',
  url: '/@fs/C:/ledgerApp/node_modules/.vite/deps/wouter.js?v=00b52520',
  statusCode: 200,
  duration: '2ms',
  ip: '127.0.0.1',
  response: undefined
}
2025-08-20T09:16:15.290Z [INFO]: Request completed {
  method: 'GET',
  url: '/src/pages/business/Dashboard.tsx',
  statusCode: 200,
  duration: '3ms',
  ip: '127.0.0.1',
  response: undefined
}
2025-08-20T09:16:15.338Z [INFO]: Request completed {
  method: 'GET',
  url: '/src/pages/business/Accounts.tsx',
  statusCode: 200,
  duration: '2ms',
  ip: '127.0.0.1',
  response: undefined
}
2025-08-20T09:16:15.374Z [INFO]: Request completed {
  method: 'GET',
  url: '/src/pages/business/Cashbook.tsx',
  statusCode: 200,
  duration: '2ms',
  ip: '127.0.0.1',
  response: undefined
}
2025-08-20T09:16:15.376Z [INFO]: Request completed {
  method: 'GET',
  url: '/src/pages/business/Invoices.tsx',
  statusCode: 200,
  duration: '1ms',
  ip: '127.0.0.1',
  response: undefined
}
2025-08-20T09:16:15.381Z [INFO]: Request completed {
  method: 'GET',
  url: '/src/pages/business/Inventory.tsx',
  statusCode: 200,
  duration: '2ms',
  ip: '127.0.0.1',
  response: undefined
}
2025-08-20T09:16:15.390Z [INFO]: Request completed {
  method: 'GET',
  url: '/src/pages/business/Reports.tsx',
  statusCode: 200,
  duration: '3ms',
  ip: '127.0.0.1',
  response: undefined
}
2025-08-20T09:16:15.418Z [INFO]: Request completed {
  method: 'GET',
  url: '/src/pages/business/Settings.tsx',
  statusCode: 200,
  duration: '1ms',
  ip: '127.0.0.1',
  response: undefined
}
2025-08-20T09:16:15.421Z [INFO]: Request completed {
  method: 'GET',
  url: '/src/pages/admin/Dashboard.tsx',
  statusCode: 200,
  duration: '2ms',
  ip: '127.0.0.1',
  response: undefined
}
2025-08-20T09:16:15.425Z [INFO]: Request completed {
  method: 'GET',
  url: '/src/pages/admin/Businesses.tsx',
  statusCode: 200,
  duration: '2ms',
  ip: '127.0.0.1',
  response: undefined
}
2025-08-20T09:16:15.445Z [INFO]: Request completed {
  method: 'GET',
  url: '/src/pages/admin/Branches.tsx',
  statusCode: 200,
  duration: '1ms',
  ip: '127.0.0.1',
  response: undefined
}
2025-08-20T09:16:15.448Z [INFO]: Request completed {
  method: 'GET',
  url: '/src/pages/admin/UsersRoles.tsx',
  statusCode: 200,
  duration: '2ms',
  ip: '127.0.0.1',
  response: undefined
}
2025-08-20T09:16:15.451Z [INFO]: Request completed {
  method: 'GET',
  url: '/src/pages/admin/AppSettings.tsx',
  statusCode: 200,
  duration: '1ms',
  ip: '127.0.0.1',
  response: undefined
}
2025-08-20T09:16:15.489Z [INFO]: Request completed {
  method: 'GET',
  url: '/src/pages/admin/Audit.tsx',
  statusCode: 200,
  duration: '2ms',
  ip: '127.0.0.1',
  response: undefined
}
2025-08-20T09:16:15.492Z [INFO]: Request completed {
  method: 'GET',
  url: '/src/pages/admin/Feedback.tsx',
  statusCode: 200,
  duration: '1ms',
  ip: '127.0.0.1',
  response: undefined
}
2025-08-20T09:16:15.498Z [INFO]: Request completed {
  method: 'GET',
  url: '/src/pages/admin/Diagnostics.tsx',
  statusCode: 200,
  duration: '1ms',
  ip: '127.0.0.1',
  response: undefined
}
2025-08-20T09:16:15.503Z [INFO]: Request completed {
  method: 'GET',
  url: '/@fs/C:/ledgerApp/node_modules/.vite/deps/chunk-ZADDJO6S.js?v=00b52520',
  statusCode: 200,
  duration: '2ms',
  ip: '127.0.0.1',
  response: undefined
}
2025-08-20T09:16:15.515Z [INFO]: Request completed {
  method: 'GET',
  url: '/@fs/C:/ledgerApp/node_modules/.vite/deps/chunk-S77I6LSE.js?v=00b52520',
  statusCode: 200,
  duration: '1ms',
  ip: '127.0.0.1',
  response: undefined
}
2025-08-20T09:16:15.517Z [INFO]: Request completed {
  method: 'GET',
  url: '/src/hooks/use-toast.ts',
  statusCode: 200,
  duration: '1ms',
  ip: '127.0.0.1',
  response: undefined
}
2025-08-20T09:16:15.521Z [INFO]: Request completed {
  method: 'GET',
  url: '/src/components/ui/toast.tsx',
  statusCode: 200,
  duration: '2ms',
  ip: '127.0.0.1',
  response: undefined
}
2025-08-20T09:16:15.528Z [INFO]: Request completed {
  method: 'GET',
  url: '/@fs/C:/ledgerApp/node_modules/.vite/deps/@radix-ui_react-tooltip.js?v=00b52520',
  statusCode: 200,
  duration: '2ms',
  ip: '127.0.0.1',
  response: undefined
}
2025-08-20T09:16:15.532Z [INFO]: Request completed {
  method: 'GET',
  url: '/src/lib/utils.ts',
  statusCode: 200,
  duration: '2ms',
  ip: '127.0.0.1',
  response: undefined
}
2025-08-20T09:16:15.534Z [INFO]: Request completed {
  method: 'GET',
  url: '/@fs/C:/ledgerApp/node_modules/.vite/deps/zustand.js?v=00b52520',
  statusCode: 200,
  duration: '1ms',
  ip: '127.0.0.1',
  response: undefined
}
2025-08-20T09:16:15.537Z [INFO]: Request completed {
  method: 'GET',
  url: '/@fs/C:/ledgerApp/node_modules/.vite/deps/zustand_middleware.js?v=00b52520',
  statusCode: 200,
  duration: '1ms',
  ip: '127.0.0.1',
  response: undefined
}
2025-08-20T09:16:15.539Z [INFO]: Request completed {
  method: 'GET',
  url: '/@fs/C:/ledgerApp/node_modules/.vite/deps/@tanstack_react-query-persist-client.js?v=00b52520',
  statusCode: 200,
  duration: '2ms',
  ip: '127.0.0.1',
  response: undefined
}
2025-08-20T09:16:15.542Z [INFO]: Request completed {
  method: 'GET',
  url: '/@fs/C:/ledgerApp/node_modules/.vite/deps/@tanstack_query-sync-storage-persister.js?v=00b52520',
  statusCode: 200,
  duration: '1ms',
  ip: '127.0.0.1',
  response: undefined
}
2025-08-20T09:16:15.546Z [INFO]: Request completed {
  method: 'GET',
  url: '/src/components/layout/LedgerLayout.tsx',
  statusCode: 200,
  duration: '2ms',
  ip: '127.0.0.1',
  response: undefined
}
2025-08-20T09:16:15.549Z [INFO]: Request completed {
  method: 'GET',
  url: '/src/components/layout/AppHeader.tsx',
  statusCode: 200,
  duration: '2ms',
  ip: '127.0.0.1',
  response: undefined
}
2025-08-20T09:16:15.556Z [INFO]: Request completed {
  method: 'GET',
  url: '/src/components/layout/SidebarNav.tsx',
  statusCode: 200,
  duration: '2ms',
  ip: '127.0.0.1',
  response: undefined
}
2025-08-20T09:16:15.571Z [INFO]: Request completed {
  method: 'GET',
  url: '/src/components/layout/MobileNavDrawer.tsx',
  statusCode: 200,
  duration: '2ms',
  ip: '127.0.0.1',
  response: undefined
}
2025-08-20T09:16:15.576Z [INFO]: Request completed {
  method: 'GET',
  url: '/src/components/layout/MobileBottomNav.tsx',
  statusCode: 200,
  duration: '2ms',
  ip: '127.0.0.1',
  response: undefined
}
2025-08-20T09:16:15.580Z [INFO]: Request completed {
  method: 'GET',
  url: '/src/components/layout/Breadcrumb.tsx',
  statusCode: 200,
  duration: '1ms',
  ip: '127.0.0.1',
  response: undefined
}
2025-08-20T09:16:15.582Z [INFO]: Request completed {
  method: 'GET',
  url: '/src/components/ui/button.tsx',
  statusCode: 200,
  duration: '1ms',
  ip: '127.0.0.1',
  response: undefined
}
2025-08-20T09:16:15.586Z [INFO]: Request completed {
  method: 'GET',
  url: '/src/components/ui/input.tsx',
  statusCode: 200,
  duration: '2ms',
  ip: '127.0.0.1',
  response: undefined
}
2025-08-20T09:16:15.589Z [INFO]: Request completed {
  method: 'GET',
  url: '/src/components/ui/label.tsx',
  statusCode: 200,
  duration: '2ms',
  ip: '127.0.0.1',
  response: undefined
}
2025-08-20T09:16:15.593Z [INFO]: Request completed {
  method: 'GET',
  url: '/src/components/ui/card.tsx',
  statusCode: 200,
  duration: '2ms',
  ip: '127.0.0.1',
  response: undefined
}
2025-08-20T09:16:15.596Z [INFO]: Request completed {
  method: 'GET',
  url: '/src/lib/design-tokens.ts',
  statusCode: 200,
  duration: '2ms',
  ip: '127.0.0.1',
  response: undefined
}
2025-08-20T09:16:15.602Z [INFO]: Request completed {
  method: 'GET',
  url: '/@fs/C:/ledgerApp/node_modules/.vite/deps/lucide-react.js?v=00b52520',
  statusCode: 200,
  duration: '4ms',
  ip: '127.0.0.1',
  response: undefined
}
2025-08-20T09:16:15.605Z [INFO]: Request completed {
  method: 'GET',
  url: '/src/lib/api.ts',
  statusCode: 304,
  duration: '2ms',
  ip: '127.0.0.1',
  response: undefined
}
2025-08-20T09:16:15.608Z [INFO]: Request completed {
  method: 'GET',
  url: '/src/components/ui/alert.tsx',
  statusCode: 200,
  duration: '1ms',
  ip: '127.0.0.1',
  response: undefined
}
2025-08-20T09:16:15.626Z [INFO]: Request completed {
  method: 'GET',
  url: '/src/components/ui/skeleton.tsx',
  statusCode: 200,
  duration: '2ms',
  ip: '127.0.0.1',
  response: undefined
}
2025-08-20T09:16:15.634Z [INFO]: Request completed {
  method: 'GET',
  url: '/src/components/ui/badge.tsx',
  statusCode: 200,
  duration: '4ms',
  ip: '127.0.0.1',
  response: undefined
}
2025-08-20T09:16:15.639Z [INFO]: Request completed {
  method: 'GET',
  url: '/src/components/modals/CashEntryModal.tsx',
  statusCode: 200,
  duration: '3ms',
  ip: '127.0.0.1',
  response: undefined
}
2025-08-20T09:16:15.648Z [INFO]: Request completed {
  method: 'GET',
  url: '/src/components/modals/CreateInvoiceModal.tsx',
  statusCode: 200,
  duration: '2ms',
  ip: '127.0.0.1',
  response: undefined
}
2025-08-20T09:16:15.652Z [INFO]: Request completed {
  method: 'GET',
  url: '/src/components/reports/StatementGenerator.tsx',
  statusCode: 200,
  duration: '2ms',
  ip: '127.0.0.1',
  response: undefined
}
2025-08-20T09:16:15.663Z [INFO]: Request completed {
  method: 'GET',
  url: '/src/components/modals/BulkOperationsModal.tsx',
  statusCode: 200,
  duration: '3ms',
  ip: '127.0.0.1',
  response: undefined
}
2025-08-20T09:16:15.668Z [INFO]: Request completed {
  method: 'GET',
  url: '/src/components/ui/dialog.tsx',
  statusCode: 200,
  duration: '2ms',
  ip: '127.0.0.1',
  response: undefined
}
2025-08-20T09:16:15.672Z [INFO]: Request completed {
  method: 'GET',
  url: '/src/components/ui/select.tsx',
  statusCode: 200,
  duration: '2ms',
  ip: '127.0.0.1',
  response: undefined
}
2025-08-20T09:16:15.676Z [INFO]: Request completed {
  method: 'GET',
  url: '/src/components/ui/switch.tsx',
  statusCode: 200,
  duration: '2ms',
  ip: '127.0.0.1',
  response: undefined
}
2025-08-20T09:16:15.680Z [INFO]: Request completed {
  method: 'GET',
  url: '/src/components/ui/textarea.tsx',
  statusCode: 200,
  duration: '2ms',
  ip: '127.0.0.1',
  response: undefined
}
2025-08-20T09:16:15.685Z [INFO]: Request completed {
  method: 'GET',
  url: '/@fs/C:/ledgerApp/node_modules/.vite/deps/@radix-ui_react-toast.js?v=00b52520',
  statusCode: 200,
  duration: '2ms',
  ip: '127.0.0.1',
  response: undefined
}
2025-08-20T09:16:15.689Z [INFO]: Request completed {
  method: 'GET',
  url: '/@fs/C:/ledgerApp/node_modules/.vite/deps/class-variance-authority.js?v=00b52520',
  statusCode: 200,
  duration: '2ms',
  ip: '127.0.0.1',
  response: undefined
}
2025-08-20T09:16:15.692Z [INFO]: Request completed {
  method: 'GET',
  url: '/@fs/C:/ledgerApp/node_modules/.vite/deps/chunk-YTSERMAU.js?v=00b52520',
  statusCode: 200,
  duration: '1ms',
  ip: '127.0.0.1',
  response: undefined
}
2025-08-20T09:16:15.694Z [INFO]: Request completed {
  method: 'GET',
  url: '/@fs/C:/ledgerApp/node_modules/.vite/deps/chunk-XFUAPZYC.js?v=00b52520',
  statusCode: 200,
  duration: '1ms',
  ip: '127.0.0.1',
  response: undefined
}
2025-08-20T09:16:15.696Z [INFO]: Request completed {
  method: 'GET',
  url: '/@fs/C:/ledgerApp/node_modules/.vite/deps/chunk-GN2RGETP.js?v=00b52520',
  statusCode: 200,
  duration: '1ms',
  ip: '127.0.0.1',
  response: undefined
}
2025-08-20T09:16:15.699Z [INFO]: Request completed {
  method: 'GET',
  url: '/@fs/C:/ledgerApp/node_modules/.vite/deps/chunk-7PPNEFWK.js?v=00b52520',
  statusCode: 200,
  duration: '1ms',
  ip: '127.0.0.1',
  response: undefined
}
2025-08-20T09:16:15.702Z [INFO]: Request completed {
  method: 'GET',
  url: '/@fs/C:/ledgerApp/node_modules/.vite/deps/chunk-YGXLQWI6.js?v=00b52520',
  statusCode: 200,
  duration: '1ms',
  ip: '127.0.0.1',
  response: undefined
}
2025-08-20T09:16:15.706Z [INFO]: Request completed {
  method: 'GET',
  url: '/@fs/C:/ledgerApp/node_modules/.vite/deps/chunk-AUS37OBF.js?v=00b52520',
  statusCode: 200,
  duration: '2ms',
  ip: '127.0.0.1',
  response: undefined
}
2025-08-20T09:16:15.708Z [INFO]: Request completed {
  method: 'GET',
  url: '/@fs/C:/ledgerApp/node_modules/.vite/deps/chunk-HHSGZLSP.js?v=00b52520',
  statusCode: 200,
  duration: '2ms',
  ip: '127.0.0.1',
  response: undefined
}
2025-08-20T09:16:15.711Z [INFO]: Request completed {
  method: 'GET',
  url: '/@fs/C:/ledgerApp/node_modules/.vite/deps/chunk-PFAUAXO7.js?v=00b52520',
  statusCode: 200,
  duration: '1ms',
  ip: '127.0.0.1',
  response: undefined
}
2025-08-20T09:16:15.713Z [INFO]: Request completed {
  method: 'GET',
  url: '/@fs/C:/ledgerApp/node_modules/.vite/deps/chunk-PLT6GTVM.js?v=00b52520',
  statusCode: 200,
  duration: '1ms',
  ip: '127.0.0.1',
  response: undefined
}
2025-08-20T09:16:15.719Z [INFO]: Request completed {
  method: 'GET',
  url: '/@fs/C:/ledgerApp/node_modules/.vite/deps/chunk-GVTGVYSA.js?v=00b52520',
  statusCode: 200,
  duration: '1ms',
  ip: '127.0.0.1',
  response: undefined
}
2025-08-20T09:16:15.722Z [INFO]: Request completed {
  method: 'GET',
  url: '/@fs/C:/ledgerApp/node_modules/.vite/deps/chunk-5S42QOQO.js?v=00b52520',
  statusCode: 200,
  duration: '1ms',
  ip: '127.0.0.1',
  response: undefined
}
2025-08-20T09:16:15.724Z [INFO]: Request completed {
  method: 'GET',
  url: '/@fs/C:/ledgerApp/node_modules/.vite/deps/clsx.js?v=00b52520',
  statusCode: 200,
  duration: '1ms',
  ip: '127.0.0.1',
  response: undefined
}
2025-08-20T09:16:15.727Z [INFO]: Request completed {
  method: 'GET',
  url: '/@fs/C:/ledgerApp/node_modules/.vite/deps/tailwind-merge.js?v=00b52520',
  statusCode: 200,
  duration: '1ms',
  ip: '127.0.0.1',
  response: undefined
}
2025-08-20T09:16:15.729Z [INFO]: Request completed {
  method: 'GET',
  url: '/src/components/ui/tabs.tsx',
  statusCode: 200,
  duration: '2ms',
  ip: '127.0.0.1',
  response: undefined
}
2025-08-20T09:16:15.732Z [INFO]: Request completed {
  method: 'GET',
  url: '/src/components/ui/sheet.tsx',
  statusCode: 200,
  duration: '1ms',
  ip: '127.0.0.1',
  response: undefined
}
2025-08-20T09:16:15.734Z [INFO]: Request completed {
  method: 'GET',
  url: '/src/components/ui/scroll-area.tsx',
  statusCode: 200,
  duration: '1ms',
  ip: '127.0.0.1',
  response: undefined
}
2025-08-20T09:16:15.737Z [INFO]: Request completed {
  method: 'GET',
  url: '/@fs/C:/ledgerApp/node_modules/.vite/deps/@radix-ui_react-slot.js?v=00b52520',
  statusCode: 200,
  duration: '1ms',
  ip: '127.0.0.1',
  response: undefined
}
2025-08-20T09:16:15.739Z [INFO]: Request completed {
  method: 'GET',
  url: '/@fs/C:/ledgerApp/node_modules/.vite/deps/@radix-ui_react-label.js?v=00b52520',
  statusCode: 200,
  duration: '1ms',
  ip: '127.0.0.1',
  response: undefined
}
2025-08-20T09:16:15.741Z [INFO]: Request completed {
  method: 'GET',
  url: '/@fs/C:/ledgerApp/node_modules/.vite/deps/react-hook-form.js?v=00b52520',
  statusCode: 200,
  duration: '1ms',
  ip: '127.0.0.1',
  response: undefined
}
2025-08-20T09:16:15.743Z [INFO]: Request completed {
  method: 'GET',
  url: '/@fs/C:/ledgerApp/node_modules/.vite/deps/@hookform_resolvers_zod.js?v=00b52520',
  statusCode: 200,
  duration: '1ms',
  ip: '127.0.0.1',
  response: undefined
}
2025-08-20T09:16:15.746Z [INFO]: Request completed {
  method: 'GET',
  url: '/@fs/C:/ledgerApp/node_modules/.vite/deps/zod.js?v=00b52520',
  statusCode: 200,
  duration: '1ms',
  ip: '127.0.0.1',
  response: undefined
}
2025-08-20T09:16:15.747Z [INFO]: Request completed {
  method: 'GET',
  url: '/src/lib/photo-utils.ts',
  statusCode: 304,
  duration: '1ms',
  ip: '127.0.0.1',
  response: undefined
}
2025-08-20T09:16:15.751Z [INFO]: Request completed {
  method: 'GET',
  url: '/src/components/ui/form.tsx',
  statusCode: 200,
  duration: '2ms',
  ip: '127.0.0.1',
  response: undefined
}
2025-08-20T09:16:15.754Z [INFO]: Request completed {
  method: 'GET',
  url: '/src/components/ui/table.tsx',
  statusCode: 200,
  duration: '1ms',
  ip: '127.0.0.1',
  response: undefined
}
2025-08-20T09:16:15.756Z [INFO]: Request completed {
  method: 'GET',
  url: '/src/components/ui/loading.tsx',
  statusCode: 200,
  duration: '1ms',
  ip: '127.0.0.1',
  response: undefined
}
2025-08-20T09:16:15.759Z [INFO]: Request completed {
  method: 'GET',
  url: '/src/components/ui/progress.tsx',
  statusCode: 200,
  duration: '1ms',
  ip: '127.0.0.1',
  response: undefined
}
2025-08-20T09:16:15.760Z [INFO]: Request completed {
  method: 'GET',
  url: '/@fs/C:/ledgerApp/node_modules/.vite/deps/@radix-ui_react-dialog.js?v=00b52520',
  statusCode: 200,
  duration: '1ms',
  ip: '127.0.0.1',
  response: undefined
}
2025-08-20T09:16:15.764Z [INFO]: Request completed {
  method: 'GET',
  url: '/@fs/C:/ledgerApp/node_modules/.vite/deps/@radix-ui_react-select.js?v=00b52520',
  statusCode: 200,
  duration: '1ms',
  ip: '127.0.0.1',
  response: undefined
}
2025-08-20T09:16:15.767Z [INFO]: Request completed {
  method: 'GET',
  url: '/@fs/C:/ledgerApp/node_modules/.vite/deps/@radix-ui_react-switch.js?v=00b52520',
  statusCode: 200,
  duration: '1ms',
  ip: '127.0.0.1',
  response: undefined
}
2025-08-20T09:16:15.770Z [INFO]: Request completed {
  method: 'GET',
  url: '/@fs/C:/ledgerApp/node_modules/.vite/deps/chunk-MKRCTFNO.js?v=00b52520',
  statusCode: 200,
  duration: '1ms',
  ip: '127.0.0.1',
  response: undefined
}
2025-08-20T09:16:15.772Z [INFO]: Request completed {
  method: 'GET',
  url: '/@fs/C:/ledgerApp/node_modules/.vite/deps/chunk-U7P2NEEE.js?v=00b52520',
  statusCode: 200,
  duration: '1ms',
  ip: '127.0.0.1',
  response: undefined
}
2025-08-20T09:16:15.774Z [INFO]: Request completed {
  method: 'GET',
  url: '/@fs/C:/ledgerApp/node_modules/.vite/deps/@radix-ui_react-tabs.js?v=00b52520',
  statusCode: 200,
  duration: '1ms',
  ip: '127.0.0.1',
  response: undefined
}
2025-08-20T09:16:15.777Z [INFO]: Request completed {
  method: 'GET',
  url: '/@fs/C:/ledgerApp/node_modules/.vite/deps/@radix-ui_react-scroll-area.js?v=00b52520',
  statusCode: 200,
  duration: '1ms',
  ip: '127.0.0.1',
  response: undefined
}
2025-08-20T09:16:15.779Z [INFO]: Request completed {
  method: 'GET',
  url: '/@fs/C:/ledgerApp/node_modules/.vite/deps/chunk-CXJMC5RA.js?v=00b52520',
  statusCode: 200,
  duration: '1ms',
  ip: '127.0.0.1',
  response: undefined
}
2025-08-20T09:16:15.781Z [INFO]: Request completed {
  method: 'GET',
  url: '/@fs/C:/ledgerApp/node_modules/.vite/deps/@radix-ui_react-progress.js?v=00b52520',
  statusCode: 200,
  duration: '2ms',
  ip: '127.0.0.1',
  response: undefined
}
2025-08-20T09:16:15.784Z [INFO]: Request completed {
  method: 'GET',
  url: '/@fs/C:/ledgerApp/node_modules/.vite/deps/chunk-KDQIYGSQ.js?v=00b52520',
  statusCode: 200,
  duration: '1ms',
  ip: '127.0.0.1',
  response: undefined
}
2025-08-20T09:16:15.787Z [INFO]: Request completed {
  method: 'GET',
  url: '/@fs/C:/ledgerApp/node_modules/.vite/deps/chunk-QH7Y6EI7.js?v=00b52520',
  statusCode: 200,
  duration: '1ms',
  ip: '127.0.0.1',
  response: undefined
}
2025-08-20T09:16:15.789Z [INFO]: Request completed {
  method: 'GET',
  url: '/@fs/C:/ledgerApp/node_modules/.vite/deps/chunk-6ZMM2PAV.js?v=00b52520',
  statusCode: 200,
  duration: '2ms',
  ip: '127.0.0.1',
  response: undefined
}
2025-08-20T09:16:15.791Z [INFO]: Request completed {
  method: 'GET',
  url: '/@fs/C:/ledgerApp/node_modules/.vite/deps/chunk-HGJTK426.js?v=00b52520',
  statusCode: 200,
  duration: '0ms',
  ip: '127.0.0.1',
  response: undefined
}
2025-08-20T09:16:15.998Z [INFO]: Request completed {
  method: 'GET',
  url: '/sw.js',
  statusCode: 304,
  duration: '4ms',
  ip: '127.0.0.1',
  response: undefined
}
2025-08-20T09:16:16.021Z [INFO]: Request completed {
  method: 'GET',
  url: '/',
  statusCode: 200,
  duration: '21ms',
  ip: '127.0.0.1',
  response: undefined
}
2025-08-20T09:16:16.060Z [INFO]: Request completed {
  method: 'GET',
  url: '/',
  statusCode: 200,
  duration: '12ms',
  ip: '127.0.0.1',
  response: undefined
}
2025-08-20T09:16:16.063Z [INFO]: Request completed {
  method: 'GET',
  url: '/src/main.tsx',
  statusCode: 200,
  duration: '14ms',
  ip: '127.0.0.1',
  response: undefined
}
2025-08-20T09:16:16.066Z [INFO]: Request completed {
  method: 'GET',
  url: '/src/App.tsx',
  statusCode: 200,
  duration: '1ms',
  ip: '127.0.0.1',
  response: undefined
}
2025-08-20T09:16:16.070Z [INFO]: Request completed {
  method: 'GET',
  url: '/src/index.css',
  statusCode: 200,
  duration: '3ms',
  ip: '127.0.0.1',
  response: undefined
}
2025-08-20T09:16:16.706Z [INFO]: Request completed {
  method: 'GET',
  url: '/api/businesses',
  statusCode: 304,
  duration: '721ms',
  ip: '127.0.0.1',
  response: undefined
}
2025-08-20T09:16:21.056Z [INFO]: Request completed {
  method: 'GET',
  url: '/api/branches/business/biz_rmdbi4ukd',
  statusCode: 403,
  duration: '5ms',
  ip: '127.0.0.1',
  response: undefined
}
2025-08-20T09:24:57.958Z [INFO]: Request completed {
  method: 'GET',
  url: '/src/pages/business/Reports.tsx?t=1755681897632',
  statusCode: 200,
  duration: '4ms',
  ip: '127.0.0.1',
  response: undefined
}
2025-08-20T09:24:57.963Z [INFO]: Request completed {
  method: 'GET',
  url: '/src/pages/admin/Login.tsx?t=1755681897632',
  statusCode: 200,
  duration: '3ms',
  ip: '127.0.0.1',
  response: undefined
}
2025-08-20T09:24:58.001Z [INFO]: Request completed {
  method: 'GET',
  url: '/src/pages/business/Settings.tsx?t=1755681897632',
  statusCode: 200,
  duration: '4ms',
  ip: '127.0.0.1',
  response: undefined
}
2025-08-20T09:24:58.006Z [INFO]: Request completed {
  method: 'GET',
  url: '/src/pages/admin/Branches.tsx?t=1755681897632',
  statusCode: 200,
  duration: '3ms',
  ip: '127.0.0.1',
  response: undefined
}
2025-08-20T09:33:54.610Z [INFO]: Request completed {
  method: 'GET',
  url: '/',
  statusCode: 200,
  duration: '759ms',
  ip: '127.0.0.1',
  response: undefined
}
2025-08-20T09:33:55.197Z [INFO]: Request completed {
  method: 'GET',
  url: '/.well-known/appspecific/com.chrome.devtools.json',
  statusCode: 404,
  duration: '2ms',
  ip: '127.0.0.1',
  response: undefined
}
2025-08-20T09:33:55.236Z [INFO]: Request completed {
  method: 'GET',
  url: '/@vite/client',
  statusCode: 200,
  duration: '48ms',
  ip: '127.0.0.1',
  response: undefined
}
2025-08-20T09:33:55.277Z [INFO]: Request completed {
  method: 'GET',
  url: '/src/main.tsx?v=h8DkSVw7VGcoMhJvL6nAU',
  statusCode: 200,
  duration: '84ms',
  ip: '127.0.0.1',
  response: undefined
}
2025-08-20T09:33:55.585Z [INFO]: Request completed {
  method: 'GET',
  url: '/@fs/C:/ledgerApp/node_modules/vite/dist/client/env.mjs',
  statusCode: 304,
  duration: '3ms',
  ip: '127.0.0.1',
  response: undefined
}
2025-08-20T09:33:55.630Z [INFO]: Request completed {
  method: 'GET',
  url: '/src/App.tsx?v=h8DkSVw7VGcoMhJvL6nAU',
  statusCode: 200,
  duration: '42ms',
  ip: '127.0.0.1',
  response: undefined
}
2025-08-20T09:33:55.635Z [INFO]: Request completed {
  method: 'GET',
  url: '/@react-refresh',
  statusCode: 304,
  duration: '56ms',
  ip: '127.0.0.1',
  response: undefined
}
2025-08-20T09:33:56.338Z [INFO]: Request completed {
  method: 'GET',
  url: '/src/index.css?v=h8DkSVw7VGcoMhJvL6nAU',
  statusCode: 200,
  duration: '749ms',
  ip: '127.0.0.1',
  response: undefined
}
2025-08-20T09:33:56.689Z [INFO]: Request completed {
  method: 'GET',
  url: '/src/components/layout/BusinessAppShell.tsx',
  statusCode: 304,
  duration: '331ms',
  ip: '127.0.0.1',
  response: undefined
}
2025-08-20T09:33:56.690Z [INFO]: Request completed {
  method: 'GET',
  url: '/src/lib/auth-store.ts',
  statusCode: 304,
  duration: '335ms',
  ip: '127.0.0.1',
  response: undefined
}
2025-08-20T09:33:56.692Z [INFO]: Request completed {
  method: 'GET',
  url: '/src/lib/queryClient.ts',
  statusCode: 304,
  duration: '336ms',
  ip: '127.0.0.1',
  response: undefined
}
2025-08-20T09:33:56.694Z [INFO]: Request completed {
  method: 'GET',
  url: '/src/components/ui/tooltip.tsx',
  statusCode: 304,
  duration: '354ms',
  ip: '127.0.0.1',
  response: undefined
}
2025-08-20T09:33:56.696Z [INFO]: Request completed {
  method: 'GET',
  url: '/src/components/ui/toaster.tsx',
  statusCode: 304,
  duration: '1055ms',
  ip: '127.0.0.1',
  response: undefined
}
2025-08-20T09:33:56.697Z [INFO]: Request completed {
  method: 'GET',
  url: '/src/components/layout/SuperAdminAppShell.tsx',
  statusCode: 304,
  duration: '343ms',
  ip: '127.0.0.1',
  response: undefined
}
2025-08-20T09:33:56.734Z [INFO]: Request completed {
  method: 'GET',
  url: '/src/pages/admin/Login.tsx',
  statusCode: 304,
  duration: '24ms',
  ip: '127.0.0.1',
  response: undefined
}
2025-08-20T09:33:56.746Z [INFO]: Request completed {
  method: 'GET',
  url: '/src/pages/business/Cashbook.tsx',
  statusCode: 304,
  duration: '35ms',
  ip: '127.0.0.1',
  response: undefined
}
2025-08-20T09:33:56.770Z [INFO]: Request completed {
  method: 'GET',
  url: '/src/pages/business/Login.tsx',
  statusCode: 200,
  duration: '63ms',
  ip: '127.0.0.1',
  response: undefined
}
2025-08-20T09:33:56.838Z [INFO]: Request completed {
  method: 'GET',
  url: '/src/pages/business/Reports.tsx',
  statusCode: 304,
  duration: '1ms',
  ip: '127.0.0.1',
  response: undefined
}
2025-08-20T09:33:56.859Z [INFO]: Request completed {
  method: 'GET',
  url: '/src/pages/business/Inventory.tsx',
  statusCode: 304,
  duration: '22ms',
  ip: '127.0.0.1',
  response: undefined
}
2025-08-20T09:33:56.864Z [INFO]: Request completed {
  method: 'GET',
  url: '/src/pages/business/Accounts.tsx',
  statusCode: 304,
  duration: '154ms',
  ip: '127.0.0.1',
  response: undefined
}
2025-08-20T09:33:56.877Z [INFO]: Request completed {
  method: 'GET',
  url: '/src/pages/business/Invoices.tsx',
  statusCode: 304,
  duration: '164ms',
  ip: '127.0.0.1',
  response: undefined
}
2025-08-20T09:33:56.887Z [INFO]: Request completed {
  method: 'GET',
  url: '/src/pages/business/Settings.tsx',
  statusCode: 304,
  duration: '1ms',
  ip: '127.0.0.1',
  response: undefined
}
2025-08-20T09:33:56.890Z [INFO]: Request completed {
  method: 'GET',
  url: '/src/pages/admin/Dashboard.tsx',
  statusCode: 304,
  duration: '1ms',
  ip: '127.0.0.1',
  response: undefined
}
2025-08-20T09:33:56.894Z [INFO]: Request completed {
  method: 'GET',
  url: '/src/pages/admin/Businesses.tsx',
  statusCode: 304,
  duration: '1ms',
  ip: '127.0.0.1',
  response: undefined
}
2025-08-20T09:33:56.898Z [INFO]: Request completed {
  method: 'GET',
  url: '/src/pages/admin/Branches.tsx',
  statusCode: 304,
  duration: '2ms',
  ip: '127.0.0.1',
  response: undefined
}
2025-08-20T09:33:56.901Z [INFO]: Request completed {
  method: 'GET',
  url: '/src/pages/admin/UsersRoles.tsx',
  statusCode: 304,
  duration: '1ms',
  ip: '127.0.0.1',
  response: undefined
}
2025-08-20T09:33:56.906Z [INFO]: Request completed {
  method: 'GET',
  url: '/src/pages/admin/AppSettings.tsx',
  statusCode: 304,
  duration: '2ms',
  ip: '127.0.0.1',
  response: undefined
}
2025-08-20T09:33:56.908Z [INFO]: Request completed {
  method: 'GET',
  url: '/src/pages/admin/Audit.tsx',
  statusCode: 304,
  duration: '2ms',
  ip: '127.0.0.1',
  response: undefined
}
2025-08-20T09:33:56.911Z [INFO]: Request completed {
  method: 'GET',
  url: '/src/pages/admin/Feedback.tsx',
  statusCode: 304,
  duration: '1ms',
  ip: '127.0.0.1',
  response: undefined
}
2025-08-20T09:33:56.913Z [INFO]: Request completed {
  method: 'GET',
  url: '/src/pages/admin/Diagnostics.tsx',
  statusCode: 304,
  duration: '1ms',
  ip: '127.0.0.1',
  response: undefined
}
2025-08-20T09:33:56.922Z [INFO]: Request completed {
  method: 'GET',
  url: '/src/components/layout/AppHeader.tsx',
  statusCode: 304,
  duration: '2ms',
  ip: '127.0.0.1',
  response: undefined
}
2025-08-20T09:33:56.941Z [INFO]: Request completed {
  method: 'GET',
  url: '/src/hooks/use-toast.ts',
  statusCode: 304,
  duration: '23ms',
  ip: '127.0.0.1',
  response: undefined
}
2025-08-20T09:33:56.943Z [INFO]: Request completed {
  method: 'GET',
  url: '/src/lib/utils.ts',
  statusCode: 304,
  duration: '26ms',
  ip: '127.0.0.1',
  response: undefined
}
2025-08-20T09:33:56.945Z [INFO]: Request completed {
  method: 'GET',
  url: '/src/components/ui/toast.tsx',
  statusCode: 304,
  duration: '25ms',
  ip: '127.0.0.1',
  response: undefined
}
2025-08-20T09:33:56.953Z [INFO]: Request completed {
  method: 'GET',
  url: '/src/components/layout/SidebarNav.tsx',
  statusCode: 304,
  duration: '29ms',
  ip: '127.0.0.1',
  response: undefined
}
2025-08-20T09:33:56.963Z [INFO]: Request completed {
  method: 'GET',
  url: '/src/components/layout/LedgerLayout.tsx',
  statusCode: 304,
  duration: '49ms',
  ip: '127.0.0.1',
  response: undefined
}
2025-08-20T09:33:56.977Z [INFO]: Request completed {
  method: 'GET',
  url: '/src/pages/business/Dashboard.tsx',
  statusCode: 304,
  duration: '266ms',
  ip: '127.0.0.1',
  response: undefined
}
2025-08-20T09:33:56.998Z [INFO]: Request completed {
  method: 'GET',
  url: '/src/components/layout/MobileNavDrawer.tsx',
  statusCode: 304,
  duration: '1ms',
  ip: '127.0.0.1',
  response: undefined
}
2025-08-20T09:33:57.003Z [INFO]: Request completed {
  method: 'GET',
  url: '/src/components/layout/MobileBottomNav.tsx',
  statusCode: 304,
  duration: '2ms',
  ip: '127.0.0.1',
  response: undefined
}
2025-08-20T09:33:57.005Z [INFO]: Request completed {
  method: 'GET',
  url: '/src/components/layout/Breadcrumb.tsx',
  statusCode: 304,
  duration: '1ms',
  ip: '127.0.0.1',
  response: undefined
}
2025-08-20T09:33:57.017Z [INFO]: Request completed {
  method: 'GET',
  url: '/src/components/ui/input.tsx',
  statusCode: 304,
  duration: '7ms',
  ip: '127.0.0.1',
  response: undefined
}
2025-08-20T09:33:57.019Z [INFO]: Request completed {
  method: 'GET',
  url: '/src/components/ui/button.tsx',
  statusCode: 304,
  duration: '11ms',
  ip: '127.0.0.1',
  response: undefined
}
2025-08-20T09:33:57.021Z [INFO]: Request completed {
  method: 'GET',
  url: '/src/components/ui/label.tsx',
  statusCode: 304,
  duration: '10ms',
  ip: '127.0.0.1',
  response: undefined
}
2025-08-20T09:33:57.026Z [INFO]: Request completed {
  method: 'GET',
  url: '/src/components/ui/card.tsx',
  statusCode: 304,
  duration: '1ms',
  ip: '127.0.0.1',
  response: undefined
}
2025-08-20T09:33:57.029Z [INFO]: Request completed {
  method: 'GET',
  url: '/src/lib/design-tokens.ts',
  statusCode: 304,
  duration: '1ms',
  ip: '127.0.0.1',
  response: undefined
}
2025-08-20T09:33:57.031Z [INFO]: Request completed {
  method: 'GET',
  url: '/src/components/ui/switch.tsx',
  statusCode: 304,
  duration: '1ms',
  ip: '127.0.0.1',
  response: undefined
}
2025-08-20T09:33:57.058Z [INFO]: Request completed {
  method: 'GET',
  url: '/src/lib/api.ts',
  statusCode: 200,
  duration: '2ms',
  ip: '127.0.0.1',
  response: undefined
}
2025-08-20T09:33:57.060Z [INFO]: Request completed {
  method: 'GET',
  url: '/src/components/ui/badge.tsx',
  statusCode: 304,
  duration: '1ms',
  ip: '127.0.0.1',
  response: undefined
}
2025-08-20T09:33:57.063Z [INFO]: Request completed {
  method: 'GET',
  url: '/src/components/ui/skeleton.tsx',
  statusCode: 304,
  duration: '1ms',
  ip: '127.0.0.1',
  response: undefined
}
2025-08-20T09:33:57.065Z [INFO]: Request completed {
  method: 'GET',
  url: '/src/components/ui/alert.tsx',
  statusCode: 304,
  duration: '1ms',
  ip: '127.0.0.1',
  response: undefined
}
2025-08-20T09:33:57.068Z [INFO]: Request completed {
  method: 'GET',
  url: '/src/components/ui/textarea.tsx',
  statusCode: 304,
  duration: '1ms',
  ip: '127.0.0.1',
  response: undefined
}
2025-08-20T09:33:57.076Z [INFO]: Request completed {
  method: 'GET',
  url: '/src/components/ui/select.tsx',
  statusCode: 304,
  duration: '45ms',
  ip: '127.0.0.1',
  response: undefined
}
2025-08-20T09:33:57.143Z [INFO]: Request completed {
  method: 'GET',
  url: '/src/components/ui/sheet.tsx',
  statusCode: 304,
  duration: '74ms',
  ip: '127.0.0.1',
  response: undefined
}
2025-08-20T09:33:57.160Z [INFO]: Request completed {
  method: 'GET',
  url: '/src/components/ui/tabs.tsx',
  statusCode: 304,
  duration: '82ms',
  ip: '127.0.0.1',
  response: undefined
}
2025-08-20T09:33:57.161Z [INFO]: Request completed {
  method: 'GET',
  url: '/src/components/ui/scroll-area.tsx',
  statusCode: 304,
  duration: '89ms',
  ip: '127.0.0.1',
  response: undefined
}
2025-08-20T09:33:57.162Z [INFO]: Request completed {
  method: 'GET',
  url: '/src/components/ui/dialog.tsx',
  statusCode: 304,
  duration: '91ms',
  ip: '127.0.0.1',
  response: undefined
}
2025-08-20T09:33:57.169Z [INFO]: Request completed {
  method: 'GET',
  url: '/src/components/modals/CashEntryModal.tsx',
  statusCode: 304,
  duration: '97ms',
  ip: '127.0.0.1',
  response: undefined
}
2025-08-20T09:33:57.179Z [INFO]: Request completed {
  method: 'GET',
  url: '/src/components/modals/CreateInvoiceModal.tsx',
  statusCode: 304,
  duration: '43ms',
  ip: '127.0.0.1',
  response: undefined
}
2025-08-20T09:33:57.185Z [INFO]: Request completed {
  method: 'GET',
  url: '/src/components/reports/StatementGenerator.tsx',
  statusCode: 304,
  duration: '39ms',
  ip: '127.0.0.1',
  response: undefined
}
2025-08-20T09:33:57.191Z [INFO]: Request completed {
  method: 'GET',
  url: '/src/components/modals/BulkOperationsModal.tsx',
  statusCode: 304,
  duration: '1ms',
  ip: '127.0.0.1',
  response: undefined
}
2025-08-20T09:33:57.265Z [INFO]: Request completed {
  method: 'GET',
  url: '/src/components/ui/loading.tsx',
  statusCode: 304,
  duration: '66ms',
  ip: '127.0.0.1',
  response: undefined
}
2025-08-20T09:33:57.271Z [INFO]: Request completed {
  method: 'GET',
  url: '/src/lib/photo-utils.ts',
  statusCode: 304,
  duration: '79ms',
  ip: '127.0.0.1',
  response: undefined
}
2025-08-20T09:33:57.272Z [INFO]: Request completed {
  method: 'GET',
  url: '/src/components/ui/progress.tsx',
  statusCode: 304,
  duration: '71ms',
  ip: '127.0.0.1',
  response: undefined
}
2025-08-20T09:33:57.273Z [INFO]: Request completed {
  method: 'GET',
  url: '/src/components/ui/form.tsx',
  statusCode: 304,
  duration: '80ms',
  ip: '127.0.0.1',
  response: undefined
}
2025-08-20T09:33:57.274Z [INFO]: Request completed {
  method: 'GET',
  url: '/src/components/ui/table.tsx',
  statusCode: 304,
  duration: '77ms',
  ip: '127.0.0.1',
  response: undefined
}
2025-08-20T09:33:57.428Z [INFO]: Request completed {
  method: 'GET',
  url: '/sw.js',
  statusCode: 304,
  duration: '4ms',
  ip: '127.0.0.1',
  response: undefined
}
2025-08-20T09:33:57.448Z [INFO]: Request completed {
  method: 'GET',
  url: '/src/App.tsx',
  statusCode: 200,
  duration: '2ms',
  ip: '127.0.0.1',
  response: undefined
}
2025-08-20T09:33:57.483Z [INFO]: Request completed {
  method: 'GET',
  url: '/',
  statusCode: 200,
  duration: '41ms',
  ip: '127.0.0.1',
  response: undefined
}
2025-08-20T09:33:57.490Z [INFO]: Request completed {
  method: 'GET',
  url: '/src/index.css',
  statusCode: 200,
  duration: '5ms',
  ip: '127.0.0.1',
  response: undefined
}
2025-08-20T09:33:57.493Z [INFO]: Request completed {
  method: 'GET',
  url: '/src/main.tsx',
  statusCode: 304,
  duration: '50ms',
  ip: '127.0.0.1',
  response: undefined
}
2025-08-20T09:33:57.514Z [INFO]: Request completed {
  method: 'GET',
  url: '/',
  statusCode: 200,
  duration: '19ms',
  ip: '127.0.0.1',
  response: undefined
}
2025-08-20T09:33:58.138Z [INFO]: Request completed {
  method: 'GET',
  url: '/api/businesses',
  statusCode: 304,
  duration: '723ms',
  ip: '127.0.0.1',
  response: undefined
}
2025-08-20T09:45:43.059Z [INFO]: Request completed {
  method: 'GET',
  url: '/',
  statusCode: 200,
  duration: '34ms',
  ip: '127.0.0.1',
  response: undefined
}
2025-08-20T09:45:43.089Z [INFO]: Request completed {
  method: 'GET',
  url: '/@vite/client',
  statusCode: 304,
  duration: '3ms',
  ip: '127.0.0.1',
  response: undefined
}
2025-08-20T09:45:43.096Z [INFO]: Request completed {
  method: 'GET',
  url: '/src/main.tsx?v=2o227DSciPvV1UFZNUk-u',
  statusCode: 200,
  duration: '3ms',
  ip: '127.0.0.1',
  response: undefined
}
2025-08-20T09:45:43.103Z [INFO]: Request completed {
  method: 'GET',
  url: '/.well-known/appspecific/com.chrome.devtools.json',
  statusCode: 404,
  duration: '3ms',
  ip: '127.0.0.1',
  response: undefined
}
2025-08-20T09:45:43.839Z [INFO]: Request completed {
  method: 'GET',
  url: '/@react-refresh',
  statusCode: 304,
  duration: '1ms',
  ip: '127.0.0.1',
  response: undefined
}
2025-08-20T09:45:43.842Z [INFO]: Request completed {
  method: 'GET',
  url: '/@fs/C:/ledgerApp/node_modules/vite/dist/client/env.mjs',
  statusCode: 304,
  duration: '1ms',
  ip: '127.0.0.1',
  response: undefined
}
2025-08-20T09:45:43.850Z [INFO]: Request completed {
  method: 'GET',
  url: '/src/App.tsx?v=2o227DSciPvV1UFZNUk-u',
  statusCode: 200,
  duration: '2ms',
  ip: '127.0.0.1',
  response: undefined
}
2025-08-20T09:45:43.854Z [INFO]: Request completed {
  method: 'GET',
  url: '/src/index.css?v=2o227DSciPvV1UFZNUk-u',
  statusCode: 200,
  duration: '2ms',
  ip: '127.0.0.1',
  response: undefined
}
2025-08-20T09:45:43.873Z [INFO]: Request completed {
  method: 'GET',
  url: '/src/components/ui/toaster.tsx',
  statusCode: 304,
  duration: '1ms',
  ip: '127.0.0.1',
  response: undefined
}
2025-08-20T09:45:43.877Z [INFO]: Request completed {
  method: 'GET',
  url: '/src/lib/queryClient.ts',
  statusCode: 304,
  duration: '2ms',
  ip: '127.0.0.1',
  response: undefined
}
2025-08-20T09:45:43.882Z [INFO]: Request completed {
  method: 'GET',
  url: '/src/components/layout/BusinessAppShell.tsx',
  statusCode: 304,
  duration: '2ms',
  ip: '127.0.0.1',
  response: undefined
}
2025-08-20T09:45:43.885Z [INFO]: Request completed {
  method: 'GET',
  url: '/src/components/layout/SuperAdminAppShell.tsx',
  statusCode: 304,
  duration: '2ms',
  ip: '127.0.0.1',
  response: undefined
}
2025-08-20T09:45:43.889Z [INFO]: Request completed {
  method: 'GET',
  url: '/src/pages/business/Login.tsx',
  statusCode: 304,
  duration: '2ms',
  ip: '127.0.0.1',
  response: undefined
}
2025-08-20T09:45:43.892Z [INFO]: Request completed {
  method: 'GET',
  url: '/src/pages/admin/Login.tsx',
  statusCode: 304,
  duration: '1ms',
  ip: '127.0.0.1',
  response: undefined
}
2025-08-20T09:45:43.896Z [INFO]: Request completed {
  method: 'GET',
  url: '/src/pages/business/Dashboard.tsx',
  statusCode: 304,
  duration: '2ms',
  ip: '127.0.0.1',
  response: undefined
}
2025-08-20T09:45:43.901Z [INFO]: Request completed {
  method: 'GET',
  url: '/src/pages/business/Accounts.tsx',
  statusCode: 304,
  duration: '2ms',
  ip: '127.0.0.1',
  response: undefined
}
2025-08-20T09:45:43.904Z [INFO]: Request completed {
  method: 'GET',
  url: '/src/pages/business/Cashbook.tsx',
  statusCode: 304,
  duration: '2ms',
  ip: '127.0.0.1',
  response: undefined
}
2025-08-20T09:45:43.907Z [INFO]: Request completed {
  method: 'GET',
  url: '/src/pages/business/Invoices.tsx',
  statusCode: 304,
  duration: '1ms',
  ip: '127.0.0.1',
  response: undefined
}
2025-08-20T09:45:43.910Z [INFO]: Request completed {
  method: 'GET',
  url: '/src/components/ui/tooltip.tsx',
  statusCode: 304,
  duration: '2ms',
  ip: '127.0.0.1',
  response: undefined
}
2025-08-20T09:45:43.914Z [INFO]: Request completed {
  method: 'GET',
  url: '/src/lib/auth-store.ts',
  statusCode: 304,
  duration: '2ms',
  ip: '127.0.0.1',
  response: undefined
}
2025-08-20T09:45:43.919Z [INFO]: Request completed {
  method: 'GET',
  url: '/src/pages/business/Inventory.tsx',
  statusCode: 304,
  duration: '3ms',
  ip: '127.0.0.1',
  response: undefined
}
2025-08-20T09:45:43.922Z [INFO]: Request completed {
  method: 'GET',
  url: '/src/pages/business/Reports.tsx',
  statusCode: 304,
  duration: '2ms',
  ip: '127.0.0.1',
  response: undefined
}
2025-08-20T09:45:43.927Z [INFO]: Request completed {
  method: 'GET',
  url: '/src/pages/business/Settings.tsx',
  statusCode: 304,
  duration: '3ms',
  ip: '127.0.0.1',
  response: undefined
}
2025-08-20T09:45:43.930Z [INFO]: Request completed {
  method: 'GET',
  url: '/src/pages/admin/Branches.tsx',
  statusCode: 304,
  duration: '2ms',
  ip: '127.0.0.1',
  response: undefined
}
2025-08-20T09:45:43.933Z [INFO]: Request completed {
  method: 'GET',
  url: '/src/pages/admin/UsersRoles.tsx',
  statusCode: 304,
  duration: '2ms',
  ip: '127.0.0.1',
  response: undefined
}
2025-08-20T09:45:43.937Z [INFO]: Request completed {
  method: 'GET',
  url: '/src/pages/admin/AppSettings.tsx',
  statusCode: 304,
  duration: '2ms',
  ip: '127.0.0.1',
  response: undefined
}
2025-08-20T09:45:43.939Z [INFO]: Request completed {
  method: 'GET',
  url: '/src/pages/admin/Audit.tsx',
  statusCode: 304,
  duration: '1ms',
  ip: '127.0.0.1',
  response: undefined
}
2025-08-20T09:45:43.942Z [INFO]: Request completed {
  method: 'GET',
  url: '/src/pages/admin/Feedback.tsx',
  statusCode: 304,
  duration: '1ms',
  ip: '127.0.0.1',
  response: undefined
}
2025-08-20T09:45:43.945Z [INFO]: Request completed {
  method: 'GET',
  url: '/src/pages/admin/Diagnostics.tsx',
  statusCode: 304,
  duration: '1ms',
  ip: '127.0.0.1',
  response: undefined
}
2025-08-20T09:45:43.948Z [INFO]: Request completed {
  method: 'GET',
  url: '/src/hooks/use-toast.ts',
  statusCode: 304,
  duration: '1ms',
  ip: '127.0.0.1',
  response: undefined
}
2025-08-20T09:45:43.951Z [INFO]: Request completed {
  method: 'GET',
  url: '/src/components/ui/toast.tsx',
  statusCode: 304,
  duration: '1ms',
  ip: '127.0.0.1',
  response: undefined
}
2025-08-20T09:45:43.955Z [INFO]: Request completed {
  method: 'GET',
  url: '/src/pages/admin/Dashboard.tsx',
  statusCode: 304,
  duration: '1ms',
  ip: '127.0.0.1',
  response: undefined
}
2025-08-20T09:45:43.958Z [INFO]: Request completed {
  method: 'GET',
  url: '/src/pages/admin/Businesses.tsx',
  statusCode: 304,
  duration: '2ms',
  ip: '127.0.0.1',
  response: undefined
}
2025-08-20T09:45:43.961Z [INFO]: Request completed {
  method: 'GET',
  url: '/src/components/layout/LedgerLayout.tsx',
  statusCode: 304,
  duration: '1ms',
  ip: '127.0.0.1',
  response: undefined
}
2025-08-20T09:45:43.964Z [INFO]: Request completed {
  method: 'GET',
  url: '/src/components/layout/AppHeader.tsx',
  statusCode: 304,
  duration: '1ms',
  ip: '127.0.0.1',
  response: undefined
}
2025-08-20T09:45:43.968Z [INFO]: Request completed {
  method: 'GET',
  url: '/src/components/layout/SidebarNav.tsx',
  statusCode: 304,
  duration: '2ms',
  ip: '127.0.0.1',
  response: undefined
}
2025-08-20T09:45:43.970Z [INFO]: Request completed {
  method: 'GET',
  url: '/src/components/layout/MobileNavDrawer.tsx',
  statusCode: 304,
  duration: '2ms',
  ip: '127.0.0.1',
  response: undefined
}
2025-08-20T09:45:43.973Z [INFO]: Request completed {
  method: 'GET',
  url: '/src/components/layout/MobileBottomNav.tsx',
  statusCode: 304,
  duration: '1ms',
  ip: '127.0.0.1',
  response: undefined
}
2025-08-20T09:45:43.977Z [INFO]: Request completed {
  method: 'GET',
  url: '/src/components/layout/Breadcrumb.tsx',
  statusCode: 304,
  duration: '2ms',
  ip: '127.0.0.1',
  response: undefined
}
2025-08-20T09:45:43.980Z [INFO]: Request completed {
  method: 'GET',
  url: '/src/components/ui/button.tsx',
  statusCode: 304,
  duration: '1ms',
  ip: '127.0.0.1',
  response: undefined
}
2025-08-20T09:45:43.986Z [INFO]: Request completed {
  method: 'GET',
  url: '/src/components/ui/input.tsx',
  statusCode: 304,
  duration: '4ms',
  ip: '127.0.0.1',
  response: undefined
}
2025-08-20T09:45:43.989Z [INFO]: Request completed {
  method: 'GET',
  url: '/src/components/ui/label.tsx',
  statusCode: 304,
  duration: '1ms',
  ip: '127.0.0.1',
  response: undefined
}
2025-08-20T09:45:43.994Z [INFO]: Request completed {
  method: 'GET',
  url: '/src/components/ui/card.tsx',
  statusCode: 304,
  duration: '2ms',
  ip: '127.0.0.1',
  response: undefined
}
2025-08-20T09:45:43.997Z [INFO]: Request completed {
  method: 'GET',
  url: '/src/lib/design-tokens.ts',
  statusCode: 304,
  duration: '2ms',
  ip: '127.0.0.1',
  response: undefined
}
2025-08-20T09:45:44.001Z [INFO]: Request completed {
  method: 'GET',
  url: '/src/lib/api.ts',
  statusCode: 304,
  duration: '1ms',
  ip: '127.0.0.1',
  response: undefined
}
2025-08-20T09:45:44.004Z [INFO]: Request completed {
  method: 'GET',
  url: '/src/components/ui/alert.tsx',
  statusCode: 304,
  duration: '1ms',
  ip: '127.0.0.1',
  response: undefined
}
2025-08-20T09:45:44.008Z [INFO]: Request completed {
  method: 'GET',
  url: '/src/components/ui/skeleton.tsx',
  statusCode: 304,
  duration: '2ms',
  ip: '127.0.0.1',
  response: undefined
}
2025-08-20T09:45:44.012Z [INFO]: Request completed {
  method: 'GET',
  url: '/src/components/ui/badge.tsx',
  statusCode: 304,
  duration: '1ms',
  ip: '127.0.0.1',
  response: undefined
}
2025-08-20T09:45:44.016Z [INFO]: Request completed {
  method: 'GET',
  url: '/src/components/modals/CashEntryModal.tsx',
  statusCode: 304,
  duration: '2ms',
  ip: '127.0.0.1',
  response: undefined
}
2025-08-20T09:45:44.020Z [INFO]: Request completed {
  method: 'GET',
  url: '/src/components/modals/CreateInvoiceModal.tsx',
  statusCode: 304,
  duration: '1ms',
  ip: '127.0.0.1',
  response: undefined
}
2025-08-20T09:45:44.024Z [INFO]: Request completed {
  method: 'GET',
  url: '/src/components/reports/StatementGenerator.tsx',
  statusCode: 304,
  duration: '2ms',
  ip: '127.0.0.1',
  response: undefined
}
2025-08-20T09:45:44.028Z [INFO]: Request completed {
  method: 'GET',
  url: '/src/components/modals/BulkOperationsModal.tsx',
  statusCode: 304,
  duration: '2ms',
  ip: '127.0.0.1',
  response: undefined
}
2025-08-20T09:45:44.033Z [INFO]: Request completed {
  method: 'GET',
  url: '/src/components/ui/dialog.tsx',
  statusCode: 304,
  duration: '2ms',
  ip: '127.0.0.1',
  response: undefined
}
2025-08-20T09:45:44.037Z [INFO]: Request completed {
  method: 'GET',
  url: '/src/components/ui/select.tsx',
  statusCode: 304,
  duration: '2ms',
  ip: '127.0.0.1',
  response: undefined
}
2025-08-20T09:45:44.042Z [INFO]: Request completed {
  method: 'GET',
  url: '/src/lib/utils.ts',
  statusCode: 304,
  duration: '1ms',
  ip: '127.0.0.1',
  response: undefined
}
2025-08-20T09:45:44.045Z [INFO]: Request completed {
  method: 'GET',
  url: '/src/components/ui/switch.tsx',
  statusCode: 304,
  duration: '1ms',
  ip: '127.0.0.1',
  response: undefined
}
2025-08-20T09:45:44.049Z [INFO]: Request completed {
  method: 'GET',
  url: '/src/components/ui/textarea.tsx',
  statusCode: 304,
  duration: '2ms',
  ip: '127.0.0.1',
  response: undefined
}
2025-08-20T09:45:44.052Z [INFO]: Request completed {
  method: 'GET',
  url: '/src/components/ui/tabs.tsx',
  statusCode: 304,
  duration: '2ms',
  ip: '127.0.0.1',
  response: undefined
}
2025-08-20T09:45:44.055Z [INFO]: Request completed {
  method: 'GET',
  url: '/src/components/ui/sheet.tsx',
  statusCode: 304,
  duration: '1ms',
  ip: '127.0.0.1',
  response: undefined
}
2025-08-20T09:45:44.058Z [INFO]: Request completed {
  method: 'GET',
  url: '/src/components/ui/scroll-area.tsx',
  statusCode: 304,
  duration: '1ms',
  ip: '127.0.0.1',
  response: undefined
}
2025-08-20T09:45:44.061Z [INFO]: Request completed {
  method: 'GET',
  url: '/src/lib/photo-utils.ts',
  statusCode: 304,
  duration: '1ms',
  ip: '127.0.0.1',
  response: undefined
}
2025-08-20T09:45:44.063Z [INFO]: Request completed {
  method: 'GET',
  url: '/src/components/ui/form.tsx',
  statusCode: 304,
  duration: '2ms',
  ip: '127.0.0.1',
  response: undefined
}
2025-08-20T09:45:44.066Z [INFO]: Request completed {
  method: 'GET',
  url: '/src/components/ui/table.tsx',
  statusCode: 304,
  duration: '1ms',
  ip: '127.0.0.1',
  response: undefined
}
2025-08-20T09:45:44.069Z [INFO]: Request completed {
  method: 'GET',
  url: '/src/components/ui/loading.tsx',
  statusCode: 304,
  duration: '1ms',
  ip: '127.0.0.1',
  response: undefined
}
2025-08-20T09:45:44.071Z [INFO]: Request completed {
  method: 'GET',
  url: '/src/components/ui/progress.tsx',
  statusCode: 304,
  duration: '2ms',
  ip: '127.0.0.1',
  response: undefined
}
2025-08-20T09:45:44.187Z [INFO]: Request completed {
  method: 'GET',
  url: '/sw.js',
  statusCode: 304,
  duration: '3ms',
  ip: '127.0.0.1',
  response: undefined
}
2025-08-20T09:45:44.208Z [INFO]: Request completed {
  method: 'GET',
  url: '/',
  statusCode: 200,
  duration: '16ms',
  ip: '127.0.0.1',
  response: undefined
}
2025-08-20T09:45:44.213Z [INFO]: Request completed {
  method: 'GET',
  url: '/src/main.tsx',
  statusCode: 304,
  duration: '2ms',
  ip: '127.0.0.1',
  response: undefined
}
2025-08-20T09:45:44.216Z [INFO]: Request completed {
  method: 'GET',
  url: '/src/App.tsx',
  statusCode: 304,
  duration: '1ms',
  ip: '127.0.0.1',
  response: undefined
}
2025-08-20T09:45:44.221Z [INFO]: Request completed {
  method: 'GET',
  url: '/src/index.css',
  statusCode: 304,
  duration: '2ms',
  ip: '127.0.0.1',
  response: undefined
}
2025-08-20T09:45:44.240Z [INFO]: Request completed {
  method: 'GET',
  url: '/',
  statusCode: 200,
  duration: '30ms',
  ip: '127.0.0.1',
  response: undefined
}
2025-08-20T09:45:44.356Z [INFO]: Request completed {
  method: 'GET',
  url: '/api/businesses',
  statusCode: 304,
  duration: '177ms',
  ip: '127.0.0.1',
  response: undefined
}
2025-08-20T09:46:13.200Z [INFO]: Request completed {
  method: 'GET',
  url: '/.well-known/appspecific/com.chrome.devtools.json',
  statusCode: 404,
  duration: '5ms',
  ip: '127.0.0.1',
  response: undefined
}
2025-08-20T09:46:13.208Z [INFO]: Request completed {
  method: 'GET',
  url: '/sw.js',
  statusCode: 304,
  duration: '5ms',
  ip: '127.0.0.1',
  response: undefined
}
2025-08-20T09:46:13.634Z [INFO]: Request completed {
  method: 'GET',
  url: '/.well-known/appspecific/com.chrome.devtools.json',
  statusCode: 404,
  duration: '2ms',
  ip: '127.0.0.1',
  response: undefined
}
2025-08-20T09:46:13.668Z [INFO]: Request completed {
  method: 'GET',
  url: '/@vite/client',
  statusCode: 200,
  duration: '46ms',
  ip: '127.0.0.1',
  response: undefined
}
2025-08-20T09:46:15.015Z [INFO]: Request completed {
  method: 'GET',
  url: '/src/main.tsx?v=kFscEJ8VYJx9rKY44i80b',
  statusCode: 200,
  duration: '1388ms',
  ip: '127.0.0.1',
  response: undefined
}
2025-08-20T09:46:15.308Z [INFO]: Request completed {
  method: 'GET',
  url: '/@react-refresh',
  statusCode: 304,
  duration: '1ms',
  ip: '127.0.0.1',
  response: undefined
}
2025-08-20T09:46:15.310Z [INFO]: Request completed {
  method: 'GET',
  url: '/@fs/C:/ledgerApp/node_modules/vite/dist/client/env.mjs',
  statusCode: 304,
  duration: '1ms',
  ip: '127.0.0.1',
  response: undefined
}
2025-08-20T09:46:15.318Z [INFO]: Request completed {
  method: 'GET',
  url: '/src/App.tsx?v=kFscEJ8VYJx9rKY44i80b',
  statusCode: 200,
  duration: '2ms',
  ip: '127.0.0.1',
  response: undefined
}
2025-08-20T09:46:15.343Z [INFO]: Request completed {
  method: 'GET',
  url: '/src/index.css?v=kFscEJ8VYJx9rKY44i80b',
  statusCode: 200,
  duration: '2ms',
  ip: '127.0.0.1',
  response: undefined
}
2025-08-20T09:46:15.370Z [INFO]: Request completed {
  method: 'GET',
  url: '/src/components/ui/toaster.tsx',
  statusCode: 200,
  duration: '17ms',
  ip: '127.0.0.1',
  response: undefined
}
2025-08-20T09:46:15.377Z [INFO]: Request completed {
  method: 'GET',
  url: '/src/components/ui/tooltip.tsx',
  statusCode: 200,
  duration: '3ms',
  ip: '127.0.0.1',
  response: undefined
}
2025-08-20T09:46:15.492Z [INFO]: Request completed {
  method: 'GET',
  url: '/src/lib/auth-store.ts',
  statusCode: 200,
  duration: '1ms',
  ip: '127.0.0.1',
  response: undefined
}
2025-08-20T09:46:15.577Z [INFO]: Request completed {
  method: 'GET',
  url: '/src/lib/queryClient.ts',
  statusCode: 200,
  duration: '2ms',
  ip: '127.0.0.1',
  response: undefined
}
2025-08-20T09:46:15.591Z [INFO]: Request completed {
  method: 'GET',
  url: '/src/components/layout/BusinessAppShell.tsx',
  statusCode: 200,
  duration: '3ms',
  ip: '127.0.0.1',
  response: undefined
}
2025-08-20T09:46:15.976Z [INFO]: Request completed {
  method: 'GET',
  url: '/src/components/layout/SuperAdminAppShell.tsx',
  statusCode: 200,
  duration: '2ms',
  ip: '127.0.0.1',
  response: undefined
}
2025-08-20T09:46:15.982Z [INFO]: Request completed {
  method: 'GET',
  url: '/src/pages/business/Login.tsx',
  statusCode: 200,
  duration: '4ms',
  ip: '127.0.0.1',
  response: undefined
}
2025-08-20T09:46:16.180Z [INFO]: Request completed {
  method: 'GET',
  url: '/src/pages/admin/Login.tsx',
  statusCode: 200,
  duration: '4ms',
  ip: '127.0.0.1',
  response: undefined
}
2025-08-20T09:46:16.208Z [INFO]: Request completed {
  method: 'GET',
  url: '/src/pages/business/Dashboard.tsx',
  statusCode: 200,
  duration: '10ms',
  ip: '127.0.0.1',
  response: undefined
}
2025-08-20T09:46:16.229Z [INFO]: Request completed {
  method: 'GET',
  url: '/src/pages/business/Accounts.tsx',
  statusCode: 200,
  duration: '12ms',
  ip: '127.0.0.1',
  response: undefined
}
2025-08-20T09:46:16.241Z [INFO]: Request completed {
  method: 'GET',
  url: '/src/pages/business/Cashbook.tsx',
  statusCode: 200,
  duration: '3ms',
  ip: '127.0.0.1',
  response: undefined
}
2025-08-20T09:46:16.245Z [INFO]: Request completed {
  method: 'GET',
  url: '/src/pages/business/Invoices.tsx',
  statusCode: 200,
  duration: '2ms',
  ip: '127.0.0.1',
  response: undefined
}
2025-08-20T09:46:16.258Z [INFO]: Request completed {
  method: 'GET',
  url: '/src/pages/business/Inventory.tsx',
  statusCode: 200,
  duration: '4ms',
  ip: '127.0.0.1',
  response: undefined
}
2025-08-20T09:46:16.263Z [INFO]: Request completed {
  method: 'GET',
  url: '/src/pages/business/Reports.tsx',
  statusCode: 200,
  duration: '3ms',
  ip: '127.0.0.1',
  response: undefined
}
2025-08-20T09:46:16.273Z [INFO]: Request completed {
  method: 'GET',
  url: '/src/pages/business/Settings.tsx',
  statusCode: 200,
  duration: '6ms',
  ip: '127.0.0.1',
  response: undefined
}
2025-08-20T09:46:16.279Z [INFO]: Request completed {
  method: 'GET',
  url: '/src/pages/admin/Dashboard.tsx',
  statusCode: 200,
  duration: '2ms',
  ip: '127.0.0.1',
  response: undefined
}
2025-08-20T09:46:16.284Z [INFO]: Request completed {
  method: 'GET',
  url: '/src/pages/admin/Businesses.tsx',
  statusCode: 200,
  duration: '2ms',
  ip: '127.0.0.1',
  response: undefined
}
2025-08-20T09:46:16.289Z [INFO]: Request completed {
  method: 'GET',
  url: '/src/pages/admin/Branches.tsx',
  statusCode: 200,
  duration: '2ms',
  ip: '127.0.0.1',
  response: undefined
}
2025-08-20T09:46:16.293Z [INFO]: Request completed {
  method: 'GET',
  url: '/src/pages/admin/UsersRoles.tsx',
  statusCode: 200,
  duration: '2ms',
  ip: '127.0.0.1',
  response: undefined
}
2025-08-20T09:46:16.413Z [INFO]: Request completed {
  method: 'GET',
  url: '/src/pages/admin/AppSettings.tsx',
  statusCode: 200,
  duration: '3ms',
  ip: '127.0.0.1',
  response: undefined
}
2025-08-20T09:46:16.692Z [INFO]: Request completed {
  method: 'GET',
  url: '/src/pages/admin/Audit.tsx',
  statusCode: 200,
  duration: '3ms',
  ip: '127.0.0.1',
  response: undefined
}
2025-08-20T09:46:17.268Z [INFO]: Request completed {
  method: 'GET',
  url: '/src/pages/admin/Feedback.tsx',
  statusCode: 200,
  duration: '3ms',
  ip: '127.0.0.1',
  response: undefined
}
2025-08-20T09:46:17.275Z [INFO]: Request completed {
  method: 'GET',
  url: '/src/pages/admin/Diagnostics.tsx',
  statusCode: 200,
  duration: '4ms',
  ip: '127.0.0.1',
  response: undefined
}
2025-08-20T09:46:17.395Z [INFO]: Request completed {
  method: 'GET',
  url: '/src/hooks/use-toast.ts',
  statusCode: 200,
  duration: '2ms',
  ip: '127.0.0.1',
  response: undefined
}
2025-08-20T09:46:17.657Z [INFO]: Request completed {
  method: 'GET',
  url: '/src/components/ui/toast.tsx',
  statusCode: 200,
  duration: '119ms',
  ip: '127.0.0.1',
  response: undefined
}
2025-08-20T09:46:24.682Z [INFO]: Request completed {
  method: 'GET',
  url: '/@fs/C:/ledgerApp/node_modules/.vite/deps/react_jsx-dev-runtime.js?v=1f780d94',
  statusCode: 200,
  duration: '9370ms',
  ip: '127.0.0.1',
  response: undefined
}
2025-08-20T09:46:24.686Z [INFO]: Request completed {
  method: 'GET',
  url: '/@fs/C:/ledgerApp/node_modules/.vite/deps/react-dom_client.js?v=2b01f2d1',
  statusCode: 200,
  duration: '9372ms',
  ip: '127.0.0.1',
  response: undefined
}
2025-08-20T09:46:24.693Z [INFO]: Request completed {
  method: 'GET',
  url: '/@fs/C:/ledgerApp/node_modules/.vite/deps/wouter.js?v=8a7c761a',
  statusCode: 200,
  duration: '8510ms',
  ip: '127.0.0.1',
  response: undefined
}
2025-08-20T09:46:24.698Z [INFO]: Request completed {
  method: 'GET',
  url: '/@fs/C:/ledgerApp/node_modules/.vite/deps/react.js?v=1f780d94',
  statusCode: 200,
  duration: '9349ms',
  ip: '127.0.0.1',
  response: undefined
}
2025-08-20T09:46:24.704Z [INFO]: Request completed {
  method: 'GET',
  url: '/@fs/C:/ledgerApp/node_modules/.vite/deps/@tanstack_react-query.js?v=b6b1a150',
  statusCode: 200,
  duration: '9351ms',
  ip: '127.0.0.1',
  response: undefined
}
2025-08-20T09:46:24.712Z [INFO]: Request completed {
  method: 'GET',
  url: '/@fs/C:/ledgerApp/node_modules/.vite/deps/@radix-ui_react-tooltip.js?v=3101bbb6',
  statusCode: 200,
  duration: '7052ms',
  ip: '127.0.0.1',
  response: undefined
}
2025-08-20T09:46:24.749Z [INFO]: Request completed {
  method: 'GET',
  url: '/src/lib/utils.ts',
  statusCode: 200,
  duration: '2ms',
  ip: '127.0.0.1',
  response: undefined
}
2025-08-20T09:46:24.754Z [INFO]: Request completed {
  method: 'GET',
  url: '/@fs/C:/ledgerApp/node_modules/.vite/deps/zustand.js?v=2480adfd',
  statusCode: 200,
  duration: '2ms',
  ip: '127.0.0.1',
  response: undefined
}
2025-08-20T09:46:24.760Z [INFO]: Request completed {
  method: 'GET',
  url: '/@fs/C:/ledgerApp/node_modules/.vite/deps/zustand_middleware.js?v=d1c30947',
  statusCode: 200,
  duration: '3ms',
  ip: '127.0.0.1',
  response: undefined
}
2025-08-20T09:46:24.766Z [INFO]: Request completed {
  method: 'GET',
  url: '/@fs/C:/ledgerApp/node_modules/.vite/deps/@tanstack_react-query-persist-client.js?v=a41e441a',
  statusCode: 200,
  duration: '3ms',
  ip: '127.0.0.1',
  response: undefined
}
2025-08-20T09:46:24.771Z [INFO]: Request completed {
  method: 'GET',
  url: '/@fs/C:/ledgerApp/node_modules/.vite/deps/@tanstack_query-sync-storage-persister.js?v=e9ccb8cc',
  statusCode: 200,
  duration: '3ms',
  ip: '127.0.0.1',
  response: undefined
}
2025-08-20T09:46:24.779Z [INFO]: Request completed {
  method: 'GET',
  url: '/src/components/layout/LedgerLayout.tsx',
  statusCode: 200,
  duration: '4ms',
  ip: '127.0.0.1',
  response: undefined
}
2025-08-20T09:46:24.787Z [INFO]: Request completed {
  method: 'GET',
  url: '/src/components/layout/AppHeader.tsx',
  statusCode: 200,
  duration: '4ms',
  ip: '127.0.0.1',
  response: undefined
}
2025-08-20T09:46:24.798Z [INFO]: Request completed {
  method: 'GET',
  url: '/src/components/layout/SidebarNav.tsx',
  statusCode: 200,
  duration: '5ms',
  ip: '127.0.0.1',
  response: undefined
}
2025-08-20T09:46:24.804Z [INFO]: Request completed {
  method: 'GET',
  url: '/src/components/layout/MobileNavDrawer.tsx',
  statusCode: 200,
  duration: '3ms',
  ip: '127.0.0.1',
  response: undefined
}
2025-08-20T09:46:24.811Z [INFO]: Request completed {
  method: 'GET',
  url: '/src/components/layout/MobileBottomNav.tsx',
  statusCode: 200,
  duration: '3ms',
  ip: '127.0.0.1',
  response: undefined
}
2025-08-20T09:46:24.819Z [INFO]: Request completed {
  method: 'GET',
  url: '/src/components/layout/Breadcrumb.tsx',
  statusCode: 200,
  duration: '2ms',
  ip: '127.0.0.1',
  response: undefined
}
2025-08-20T09:46:24.825Z [INFO]: Request completed {
  method: 'GET',
  url: '/src/components/ui/button.tsx',
  statusCode: 200,
  duration: '3ms',
  ip: '127.0.0.1',
  response: undefined
}
2025-08-20T09:46:24.832Z [INFO]: Request completed {
  method: 'GET',
  url: '/src/components/ui/input.tsx',
  statusCode: 200,
  duration: '4ms',
  ip: '127.0.0.1',
  response: undefined
}
2025-08-20T09:46:24.838Z [INFO]: Request completed {
  method: 'GET',
  url: '/src/components/ui/label.tsx',
  statusCode: 200,
  duration: '3ms',
  ip: '127.0.0.1',
  response: undefined
}
2025-08-20T09:46:24.850Z [INFO]: Request completed {
  method: 'GET',
  url: '/src/components/ui/card.tsx',
  statusCode: 200,
  duration: '4ms',
  ip: '127.0.0.1',
  response: undefined
}
2025-08-20T09:46:24.954Z [INFO]: Request completed {
  method: 'GET',
  url: '/src/lib/design-tokens.ts',
  statusCode: 200,
  duration: '100ms',
  ip: '127.0.0.1',
  response: undefined
}
2025-08-20T09:46:24.965Z [INFO]: Request completed {
  method: 'GET',
  url: '/src/lib/api.ts',
  statusCode: 304,
  duration: '6ms',
  ip: '127.0.0.1',
  response: undefined
}
2025-08-20T09:46:24.976Z [INFO]: Request completed {
  method: 'GET',
  url: '/src/components/ui/alert.tsx',
  statusCode: 200,
  duration: '4ms',
  ip: '127.0.0.1',
  response: undefined
}
2025-08-20T09:46:24.986Z [INFO]: Request completed {
  method: 'GET',
  url: '/src/components/ui/skeleton.tsx',
  statusCode: 200,
  duration: '4ms',
  ip: '127.0.0.1',
  response: undefined
}
2025-08-20T09:46:24.997Z [INFO]: Request completed {
  method: 'GET',
  url: '/src/components/ui/badge.tsx',
  statusCode: 200,
  duration: '5ms',
  ip: '127.0.0.1',
  response: undefined
}
2025-08-20T09:46:25.005Z [INFO]: Request completed {
  method: 'GET',
  url: '/src/components/modals/CreateInvoiceModal.tsx',
  statusCode: 200,
  duration: '3ms',
  ip: '127.0.0.1',
  response: undefined
}
2025-08-20T09:46:25.018Z [INFO]: Request completed {
  method: 'GET',
  url: '/src/components/reports/StatementGenerator.tsx',
  statusCode: 200,
  duration: '9ms',
  ip: '127.0.0.1',
  response: undefined
}
2025-08-20T09:46:25.028Z [INFO]: Request completed {
  method: 'GET',
  url: '/src/components/modals/BulkOperationsModal.tsx',
  statusCode: 200,
  duration: '7ms',
  ip: '127.0.0.1',
  response: undefined
}
2025-08-20T09:46:25.037Z [INFO]: Request completed {
  method: 'GET',
  url: '/src/components/ui/dialog.tsx',
  statusCode: 200,
  duration: '3ms',
  ip: '127.0.0.1',
  response: undefined
}
2025-08-20T09:46:25.045Z [INFO]: Request completed {
  method: 'GET',
  url: '/src/components/ui/select.tsx',
  statusCode: 200,
  duration: '4ms',
  ip: '127.0.0.1',
  response: undefined
}
2025-08-20T09:46:25.051Z [INFO]: Request completed {
  method: 'GET',
  url: '/src/components/ui/switch.tsx',
  statusCode: 200,
  duration: '2ms',
  ip: '127.0.0.1',
  response: undefined
}
2025-08-20T09:46:25.056Z [INFO]: Request completed {
  method: 'GET',
  url: '/src/components/ui/textarea.tsx',
  statusCode: 200,
  duration: '2ms',
  ip: '127.0.0.1',
  response: undefined
}
2025-08-20T09:46:25.061Z [INFO]: Request completed {
  method: 'GET',
  url: '/@fs/C:/ledgerApp/node_modules/.vite/deps/@radix-ui_react-toast.js?v=54bc0dbd',
  statusCode: 200,
  duration: '2ms',
  ip: '127.0.0.1',
  response: undefined
}
2025-08-20T09:46:25.066Z [INFO]: Request completed {
  method: 'GET',
  url: '/@fs/C:/ledgerApp/node_modules/.vite/deps/class-variance-authority.js?v=a582b407',
  statusCode: 200,
  duration: '3ms',
  ip: '127.0.0.1',
  response: undefined
}
2025-08-20T09:46:25.077Z [INFO]: Request completed {
  method: 'GET',
  url: '/src/components/modals/CashEntryModal.tsx',
  statusCode: 200,
  duration: '2ms',
  ip: '127.0.0.1',
  response: undefined
}
2025-08-20T09:46:25.102Z [INFO]: Request completed {
  method: 'GET',
  url: '/@fs/C:/ledgerApp/node_modules/.vite/deps/lucide-react.js?v=e7a67a00',
  statusCode: 200,
  duration: '287ms',
  ip: '127.0.0.1',
  response: undefined
}
2025-08-20T09:46:25.108Z [INFO]: Request completed {
  method: 'GET',
  url: '/@fs/C:/ledgerApp/node_modules/.vite/deps/chunk-4MBMRILA.js?v=1401b8a5',
  statusCode: 200,
  duration: '38ms',
  ip: '127.0.0.1',
  response: undefined
}
2025-08-20T09:46:25.119Z [INFO]: Request completed {
  method: 'GET',
  url: '/@fs/C:/ledgerApp/node_modules/.vite/deps/chunk-3TFVT2CW.js?v=1401b8a5',
  statusCode: 200,
  duration: '34ms',
  ip: '127.0.0.1',
  response: undefined
}
2025-08-20T09:46:25.130Z [INFO]: Request completed {
  method: 'GET',
  url: '/@fs/C:/ledgerApp/node_modules/.vite/deps/chunk-S77I6LSE.js?v=1401b8a5',
  statusCode: 200,
  duration: '41ms',
  ip: '127.0.0.1',
  response: undefined
}
2025-08-20T09:46:25.143Z [INFO]: Request completed {
  method: 'GET',
  url: '/@fs/C:/ledgerApp/node_modules/.vite/deps/chunk-ZADDJO6S.js?v=1401b8a5',
  statusCode: 200,
  duration: '71ms',
  ip: '127.0.0.1',
  response: undefined
}
2025-08-20T09:46:25.160Z [INFO]: Request completed {
  method: 'GET',
  url: '/@fs/C:/ledgerApp/node_modules/.vite/deps/chunk-W2QS2GYL.js?v=1401b8a5',
  statusCode: 200,
  duration: '2ms',
  ip: '127.0.0.1',
  response: undefined
}
2025-08-20T09:46:25.169Z [INFO]: Request completed {
  method: 'GET',
  url: '/@fs/C:/ledgerApp/node_modules/.vite/deps/chunk-35JT3HWS.js?v=1401b8a5',
  statusCode: 200,
  duration: '3ms',
  ip: '127.0.0.1',
  response: undefined
}
2025-08-20T09:46:25.174Z [INFO]: Request completed {
  method: 'GET',
  url: '/@fs/C:/ledgerApp/node_modules/.vite/deps/chunk-2FHLZRSY.js?v=1401b8a5',
  statusCode: 200,
  duration: '3ms',
  ip: '127.0.0.1',
  response: undefined
}
2025-08-20T09:46:25.181Z [INFO]: Request completed {
  method: 'GET',
  url: '/@fs/C:/ledgerApp/node_modules/.vite/deps/chunk-3HUNQZAP.js?v=1401b8a5',
  statusCode: 200,
  duration: '4ms',
  ip: '127.0.0.1',
  response: undefined
}
2025-08-20T09:46:25.187Z [INFO]: Request completed {
  method: 'GET',
  url: '/@fs/C:/ledgerApp/node_modules/.vite/deps/chunk-PLT6GTVM.js?v=1401b8a5',
  statusCode: 200,
  duration: '3ms',
  ip: '127.0.0.1',
  response: undefined
}
2025-08-20T09:46:25.193Z [INFO]: Request completed {
  method: 'GET',
  url: '/@fs/C:/ledgerApp/node_modules/.vite/deps/chunk-GVTGVYSA.js?v=1401b8a5',
  statusCode: 200,
  duration: '2ms',
  ip: '127.0.0.1',
  response: undefined
}
2025-08-20T09:46:25.199Z [INFO]: Request completed {
  method: 'GET',
  url: '/@fs/C:/ledgerApp/node_modules/.vite/deps/chunk-5S42QOQO.js?v=1401b8a5',
  statusCode: 200,
  duration: '3ms',
  ip: '127.0.0.1',
  response: undefined
}
2025-08-20T09:46:25.263Z [INFO]: Request completed {
  method: 'GET',
  url: '/@fs/C:/ledgerApp/node_modules/.vite/deps/clsx.js?v=8a019fd2',
  statusCode: 200,
  duration: '13ms',
  ip: '127.0.0.1',
  response: undefined
}
2025-08-20T09:46:25.333Z [INFO]: Request completed {
  method: 'GET',
  url: '/@fs/C:/ledgerApp/node_modules/.vite/deps/tailwind-merge.js?v=ac9dd820',
  statusCode: 200,
  duration: '59ms',
  ip: '127.0.0.1',
  response: undefined
}
2025-08-20T09:46:25.352Z [INFO]: Request completed {
  method: 'GET',
  url: '/src/components/ui/tabs.tsx',
  statusCode: 200,
  duration: '13ms',
  ip: '127.0.0.1',
  response: undefined
}
2025-08-20T09:46:25.405Z [INFO]: Request completed {
  method: 'GET',
  url: '/@fs/C:/ledgerApp/node_modules/.vite/deps/chunk-WERSD76P.js?v=1401b8a5',
  statusCode: 200,
  duration: '335ms',
  ip: '127.0.0.1',
  response: undefined
}
2025-08-20T09:46:25.413Z [INFO]: Request completed {
  method: 'GET',
  url: '/@fs/C:/ledgerApp/node_modules/.vite/deps/chunk-64RRID7Q.js?v=1401b8a5',
  statusCode: 200,
  duration: '3ms',
  ip: '127.0.0.1',
  response: undefined
}
2025-08-20T09:46:25.440Z [INFO]: Request completed {
  method: 'GET',
  url: '/@fs/C:/ledgerApp/node_modules/.vite/deps/chunk-GN2RGETP.js?v=1401b8a5',
  statusCode: 200,
  duration: '14ms',
  ip: '127.0.0.1',
  response: undefined
}
2025-08-20T09:46:25.456Z [INFO]: Request completed {
  method: 'GET',
  url: '/@fs/C:/ledgerApp/node_modules/.vite/deps/chunk-5DFJHTZF.js?v=1401b8a5',
  statusCode: 200,
  duration: '6ms',
  ip: '127.0.0.1',
  response: undefined
}
2025-08-20T09:46:25.463Z [INFO]: Request completed {
  method: 'GET',
  url: '/@fs/C:/ledgerApp/node_modules/.vite/deps/chunk-F4G4ZOWP.js?v=1401b8a5',
  statusCode: 200,
  duration: '3ms',
  ip: '127.0.0.1',
  response: undefined
}
2025-08-20T09:46:25.470Z [INFO]: Request completed {
  method: 'GET',
  url: '/src/components/ui/sheet.tsx',
  statusCode: 200,
  duration: '4ms',
  ip: '127.0.0.1',
  response: undefined
}
2025-08-20T09:46:25.476Z [INFO]: Request completed {
  method: 'GET',
  url: '/@fs/C:/ledgerApp/node_modules/.vite/deps/@radix-ui_react-label.js?v=611d5ece',
  statusCode: 200,
  duration: '3ms',
  ip: '127.0.0.1',
  response: undefined
}
2025-08-20T09:46:25.493Z [INFO]: Request completed {
  method: 'GET',
  url: '/@fs/C:/ledgerApp/node_modules/.vite/deps/react-hook-form.js?v=ef842d36',
  statusCode: 200,
  duration: '12ms',
  ip: '127.0.0.1',
  response: undefined
}
2025-08-20T09:46:25.501Z [INFO]: Request completed {
  method: 'GET',
  url: '/@fs/C:/ledgerApp/node_modules/.vite/deps/@hookform_resolvers_zod.js?v=55eb0f53',
  statusCode: 200,
  duration: '2ms',
  ip: '127.0.0.1',
  response: undefined
}
2025-08-20T09:46:25.507Z [INFO]: Request completed {
  method: 'GET',
  url: '/@fs/C:/ledgerApp/node_modules/.vite/deps/zod.js?v=f0e936c6',
  statusCode: 200,
  duration: '4ms',
  ip: '127.0.0.1',
  response: undefined
}
2025-08-20T09:46:25.515Z [INFO]: Request completed {
  method: 'GET',
  url: '/src/components/ui/form.tsx',
  statusCode: 200,
  duration: '4ms',
  ip: '127.0.0.1',
  response: undefined
}
2025-08-20T09:46:25.520Z [INFO]: Request completed {
  method: 'GET',
  url: '/src/components/ui/table.tsx',
  statusCode: 200,
  duration: '2ms',
  ip: '127.0.0.1',
  response: undefined
}
2025-08-20T09:46:25.526Z [INFO]: Request completed {
  method: 'GET',
  url: '/src/components/ui/loading.tsx',
  statusCode: 200,
  duration: '4ms',
  ip: '127.0.0.1',
  response: undefined
}
2025-08-20T09:46:25.534Z [INFO]: Request completed {
  method: 'GET',
  url: '/@fs/C:/ledgerApp/node_modules/.vite/deps/@radix-ui_react-dialog.js?v=1a7aa3b9',
  statusCode: 200,
  duration: '4ms',
  ip: '127.0.0.1',
  response: undefined
}
2025-08-20T09:46:25.539Z [INFO]: Request completed {
  method: 'GET',
  url: '/@fs/C:/ledgerApp/node_modules/.vite/deps/chunk-MKRCTFNO.js?v=1401b8a5',
  statusCode: 200,
  duration: '3ms',
  ip: '127.0.0.1',
  response: undefined
}
2025-08-20T09:46:25.545Z [INFO]: Request completed {
  method: 'GET',
  url: '/src/components/ui/scroll-area.tsx',
  statusCode: 200,
  duration: '3ms',
  ip: '127.0.0.1',
  response: undefined
}
2025-08-20T09:46:25.553Z [INFO]: Request completed {
  method: 'GET',
  url: '/@fs/C:/ledgerApp/node_modules/.vite/deps/@radix-ui_react-slot.js?v=f7619e45',
  statusCode: 200,
  duration: '4ms',
  ip: '127.0.0.1',
  response: undefined
}
2025-08-20T09:46:25.557Z [INFO]: Request completed {
  method: 'GET',
  url: '/src/components/ui/progress.tsx',
  statusCode: 200,
  duration: '2ms',
  ip: '127.0.0.1',
  response: undefined
}
2025-08-20T09:46:25.565Z [INFO]: Request completed {
  method: 'GET',
  url: '/@fs/C:/ledgerApp/node_modules/.vite/deps/@radix-ui_react-select.js?v=0bc82c87',
  statusCode: 200,
  duration: '5ms',
  ip: '127.0.0.1',
  response: undefined
}
2025-08-20T09:46:25.570Z [INFO]: Request completed {
  method: 'GET',
  url: '/@fs/C:/ledgerApp/node_modules/.vite/deps/@radix-ui_react-switch.js?v=ca367908',
  statusCode: 200,
  duration: '3ms',
  ip: '127.0.0.1',
  response: undefined
}
2025-08-20T09:46:25.575Z [INFO]: Request completed {
  method: 'GET',
  url: '/@fs/C:/ledgerApp/node_modules/.vite/deps/chunk-U7P2NEEE.js?v=1401b8a5',
  statusCode: 200,
  duration: '2ms',
  ip: '127.0.0.1',
  response: undefined
}
2025-08-20T09:46:25.581Z [INFO]: Request completed {
  method: 'GET',
  url: '/src/lib/photo-utils.ts',
  statusCode: 304,
  duration: '3ms',
  ip: '127.0.0.1',
  response: undefined
}
2025-08-20T09:46:25.585Z [INFO]: Request completed {
  method: 'GET',
  url: '/@fs/C:/ledgerApp/node_modules/.vite/deps/@radix-ui_react-tabs.js?v=84b5bdc8',
  statusCode: 200,
  duration: '2ms',
  ip: '127.0.0.1',
  response: undefined
}
2025-08-20T09:46:25.591Z [INFO]: Request completed {
  method: 'GET',
  url: '/@fs/C:/ledgerApp/node_modules/.vite/deps/chunk-CXJMC5RA.js?v=1401b8a5',
  statusCode: 200,
  duration: '3ms',
  ip: '127.0.0.1',
  response: undefined
}
2025-08-20T09:46:25.598Z [INFO]: Request completed {
  method: 'GET',
  url: '/@fs/C:/ledgerApp/node_modules/.vite/deps/chunk-5WZ6JAJC.js?v=1401b8a5',
  statusCode: 200,
  duration: '4ms',
  ip: '127.0.0.1',
  response: undefined
}
2025-08-20T09:46:25.604Z [INFO]: Request completed {
  method: 'GET',
  url: '/@fs/C:/ledgerApp/node_modules/.vite/deps/@radix-ui_react-scroll-area.js?v=172579ed',
  statusCode: 200,
  duration: '3ms',
  ip: '127.0.0.1',
  response: undefined
}
2025-08-20T09:46:25.609Z [INFO]: Request completed {
  method: 'GET',
  url: '/@fs/C:/ledgerApp/node_modules/.vite/deps/@radix-ui_react-progress.js?v=6a7770a9',
  statusCode: 200,
  duration: '2ms',
  ip: '127.0.0.1',
  response: undefined
}
2025-08-20T09:46:25.615Z [INFO]: Request completed {
  method: 'GET',
  url: '/@fs/C:/ledgerApp/node_modules/.vite/deps/chunk-QH7Y6EI7.js?v=1401b8a5',
  statusCode: 200,
  duration: '4ms',
  ip: '127.0.0.1',
  response: undefined
}
2025-08-20T09:46:25.620Z [INFO]: Request completed {
  method: 'GET',
  url: '/@fs/C:/ledgerApp/node_modules/.vite/deps/chunk-6ZMM2PAV.js?v=1401b8a5',
  statusCode: 200,
  duration: '3ms',
  ip: '127.0.0.1',
  response: undefined
}
2025-08-20T09:46:25.624Z [INFO]: Request completed {
  method: 'GET',
  url: '/@fs/C:/ledgerApp/node_modules/.vite/deps/chunk-HGJTK426.js?v=1401b8a5',
  statusCode: 200,
  duration: '2ms',
  ip: '127.0.0.1',
  response: undefined
}
2025-08-20T09:46:25.936Z [INFO]: Request completed {
  method: 'GET',
  url: '/',
  statusCode: 200,
  duration: '104ms',
  ip: '127.0.0.1',
  response: undefined
}
2025-08-20T09:46:26.522Z [INFO]: Request completed {
  method: 'GET',
  url: '/api/businesses',
  statusCode: 304,
  duration: '744ms',
  ip: '127.0.0.1',
  response: undefined
}
2025-08-20T09:46:29.415Z [INFO]: Request completed {
  method: 'GET',
  url: '/',
  statusCode: 200,
  duration: '24ms',
  ip: '127.0.0.1',
  response: undefined
}
2025-08-20T09:46:29.453Z [INFO]: Request completed {
  method: 'GET',
  url: '/@vite/client',
  statusCode: 304,
  duration: '4ms',
  ip: '127.0.0.1',
  response: undefined
}
2025-08-20T09:46:29.460Z [INFO]: Request completed {
  method: 'GET',
  url: '/.well-known/appspecific/com.chrome.devtools.json',
  statusCode: 404,
  duration: '4ms',
  ip: '127.0.0.1',
  response: undefined
}
2025-08-20T09:46:29.465Z [INFO]: Request completed {
  method: 'GET',
  url: '/src/main.tsx?v=-cgIyGjYF9udBG1Dw04DJ',
  statusCode: 200,
  duration: '3ms',
  ip: '127.0.0.1',
  response: undefined
}
2025-08-20T09:46:30.171Z [INFO]: Request completed {
  method: 'GET',
  url: '/@react-refresh',
  statusCode: 304,
  duration: '1ms',
  ip: '127.0.0.1',
  response: undefined
}
2025-08-20T09:46:30.175Z [INFO]: Request completed {
  method: 'GET',
  url: '/@fs/C:/ledgerApp/node_modules/vite/dist/client/env.mjs',
  statusCode: 304,
  duration: '2ms',
  ip: '127.0.0.1',
  response: undefined
}
2025-08-20T09:46:30.180Z [INFO]: Request completed {
  method: 'GET',
  url: '/src/App.tsx?v=-cgIyGjYF9udBG1Dw04DJ',
  statusCode: 200,
  duration: '2ms',
  ip: '127.0.0.1',
  response: undefined
}
2025-08-20T09:46:30.183Z [INFO]: Request completed {
  method: 'GET',
  url: '/src/index.css?v=-cgIyGjYF9udBG1Dw04DJ',
  statusCode: 200,
  duration: '2ms',
  ip: '127.0.0.1',
  response: undefined
}
2025-08-20T09:46:30.200Z [INFO]: Request completed {
  method: 'GET',
  url: '/src/components/ui/toaster.tsx',
  statusCode: 304,
  duration: '3ms',
  ip: '127.0.0.1',
  response: undefined
}
2025-08-20T09:46:30.203Z [INFO]: Request completed {
  method: 'GET',
  url: '/src/components/ui/tooltip.tsx',
  statusCode: 304,
  duration: '2ms',
  ip: '127.0.0.1',
  response: undefined
}
2025-08-20T09:46:30.210Z [INFO]: Request completed {
  method: 'GET',
  url: '/src/lib/auth-store.ts',
  statusCode: 304,
  duration: '3ms',
  ip: '127.0.0.1',
  response: undefined
}
2025-08-20T09:46:30.217Z [INFO]: Request completed {
  method: 'GET',
  url: '/src/lib/queryClient.ts',
  statusCode: 304,
  duration: '4ms',
  ip: '127.0.0.1',
  response: undefined
}
2025-08-20T09:46:30.221Z [INFO]: Request completed {
  method: 'GET',
  url: '/src/components/layout/BusinessAppShell.tsx',
  statusCode: 304,
  duration: '2ms',
  ip: '127.0.0.1',
  response: undefined
}
2025-08-20T09:46:30.225Z [INFO]: Request completed {
  method: 'GET',
  url: '/src/components/layout/SuperAdminAppShell.tsx',
  statusCode: 304,
  duration: '3ms',
  ip: '127.0.0.1',
  response: undefined
}
2025-08-20T09:46:30.230Z [INFO]: Request completed {
  method: 'GET',
  url: '/src/pages/business/Login.tsx',
  statusCode: 304,
  duration: '2ms',
  ip: '127.0.0.1',
  response: undefined
}
2025-08-20T09:46:30.233Z [INFO]: Request completed {
  method: 'GET',
  url: '/src/pages/business/Dashboard.tsx',
  statusCode: 304,
  duration: '1ms',
  ip: '127.0.0.1',
  response: undefined
}
2025-08-20T09:46:30.236Z [INFO]: Request completed {
  method: 'GET',
  url: '/src/pages/business/Accounts.tsx',
  statusCode: 304,
  duration: '2ms',
  ip: '127.0.0.1',
  response: undefined
}
2025-08-20T09:46:30.241Z [INFO]: Request completed {
  method: 'GET',
  url: '/src/pages/business/Inventory.tsx',
  statusCode: 304,
  duration: '3ms',
  ip: '127.0.0.1',
  response: undefined
}
2025-08-20T09:46:30.246Z [INFO]: Request completed {
  method: 'GET',
  url: '/src/pages/business/Settings.tsx',
  statusCode: 304,
  duration: '2ms',
  ip: '127.0.0.1',
  response: undefined
}
2025-08-20T09:46:30.249Z [INFO]: Request completed {
  method: 'GET',
  url: '/src/pages/admin/Dashboard.tsx',
  statusCode: 304,
  duration: '1ms',
  ip: '127.0.0.1',
  response: undefined
}
2025-08-20T09:46:30.251Z [INFO]: Request completed {
  method: 'GET',
  url: '/src/pages/admin/Businesses.tsx',
  statusCode: 304,
  duration: '1ms',
  ip: '127.0.0.1',
  response: undefined
}
2025-08-20T09:46:30.254Z [INFO]: Request completed {
  method: 'GET',
  url: '/src/pages/admin/Branches.tsx',
  statusCode: 304,
  duration: '1ms',
  ip: '127.0.0.1',
  response: undefined
}
2025-08-20T09:46:30.256Z [INFO]: Request completed {
  method: 'GET',
  url: '/src/pages/admin/AppSettings.tsx',
  statusCode: 304,
  duration: '2ms',
  ip: '127.0.0.1',
  response: undefined
}
2025-08-20T09:46:30.260Z [INFO]: Request completed {
  method: 'GET',
  url: '/src/pages/admin/Audit.tsx',
  statusCode: 304,
  duration: '2ms',
  ip: '127.0.0.1',
  response: undefined
}
2025-08-20T09:46:30.263Z [INFO]: Request completed {
  method: 'GET',
  url: '/src/pages/admin/Feedback.tsx',
  statusCode: 304,
  duration: '1ms',
  ip: '127.0.0.1',
  response: undefined
}
2025-08-20T09:46:30.266Z [INFO]: Request completed {
  method: 'GET',
  url: '/src/pages/admin/Diagnostics.tsx',
  statusCode: 304,
  duration: '1ms',
  ip: '127.0.0.1',
  response: undefined
}
2025-08-20T09:46:30.268Z [INFO]: Request completed {
  method: 'GET',
  url: '/src/hooks/use-toast.ts',
  statusCode: 304,
  duration: '2ms',
  ip: '127.0.0.1',
  response: undefined
}
2025-08-20T09:46:30.271Z [INFO]: Request completed {
  method: 'GET',
  url: '/src/components/ui/toast.tsx',
  statusCode: 304,
  duration: '1ms',
  ip: '127.0.0.1',
  response: undefined
}
2025-08-20T09:46:30.274Z [INFO]: Request completed {
  method: 'GET',
  url: '/src/pages/admin/Login.tsx',
  statusCode: 304,
  duration: '1ms',
  ip: '127.0.0.1',
  response: undefined
}
2025-08-20T09:46:30.279Z [INFO]: Request completed {
  method: 'GET',
  url: '/src/pages/business/Cashbook.tsx',
  statusCode: 304,
  duration: '3ms',
  ip: '127.0.0.1',
  response: undefined
}
2025-08-20T09:46:30.282Z [INFO]: Request completed {
  method: 'GET',
  url: '/src/pages/business/Invoices.tsx',
  statusCode: 304,
  duration: '2ms',
  ip: '127.0.0.1',
  response: undefined
}
2025-08-20T09:46:30.284Z [INFO]: Request completed {
  method: 'GET',
  url: '/src/pages/business/Reports.tsx',
  statusCode: 304,
  duration: '2ms',
  ip: '127.0.0.1',
  response: undefined
}
2025-08-20T09:46:30.287Z [INFO]: Request completed {
  method: 'GET',
  url: '/src/pages/admin/UsersRoles.tsx',
  statusCode: 304,
  duration: '1ms',
  ip: '127.0.0.1',
  response: undefined
}
2025-08-20T09:46:30.290Z [INFO]: Request completed {
  method: 'GET',
  url: '/src/lib/utils.ts',
  statusCode: 304,
  duration: '1ms',
  ip: '127.0.0.1',
  response: undefined
}
2025-08-20T09:46:30.293Z [INFO]: Request completed {
  method: 'GET',
  url: '/src/components/layout/LedgerLayout.tsx',
  statusCode: 304,
  duration: '2ms',
  ip: '127.0.0.1',
  response: undefined
}
2025-08-20T09:46:30.297Z [INFO]: Request completed {
  method: 'GET',
  url: '/src/components/layout/AppHeader.tsx',
  statusCode: 304,
  duration: '2ms',
  ip: '127.0.0.1',
  response: undefined
}
2025-08-20T09:46:30.300Z [INFO]: Request completed {
  method: 'GET',
  url: '/src/components/layout/SidebarNav.tsx',
  statusCode: 304,
  duration: '1ms',
  ip: '127.0.0.1',
  response: undefined
}
2025-08-20T09:46:30.302Z [INFO]: Request completed {
  method: 'GET',
  url: '/src/components/layout/MobileNavDrawer.tsx',
  statusCode: 304,
  duration: '1ms',
  ip: '127.0.0.1',
  response: undefined
}
2025-08-20T09:46:30.305Z [INFO]: Request completed {
  method: 'GET',
  url: '/src/components/layout/MobileBottomNav.tsx',
  statusCode: 304,
  duration: '1ms',
  ip: '127.0.0.1',
  response: undefined
}
2025-08-20T09:46:30.308Z [INFO]: Request completed {
  method: 'GET',
  url: '/src/components/layout/Breadcrumb.tsx',
  statusCode: 304,
  duration: '1ms',
  ip: '127.0.0.1',
  response: undefined
}
2025-08-20T09:46:30.311Z [INFO]: Request completed {
  method: 'GET',
  url: '/src/components/ui/button.tsx',
  statusCode: 304,
  duration: '1ms',
  ip: '127.0.0.1',
  response: undefined
}
2025-08-20T09:46:30.314Z [INFO]: Request completed {
  method: 'GET',
  url: '/src/components/ui/input.tsx',
  statusCode: 304,
  duration: '1ms',
  ip: '127.0.0.1',
  response: undefined
}
2025-08-20T09:46:30.316Z [INFO]: Request completed {
  method: 'GET',
  url: '/src/components/ui/label.tsx',
  statusCode: 304,
  duration: '2ms',
  ip: '127.0.0.1',
  response: undefined
}
2025-08-20T09:46:30.319Z [INFO]: Request completed {
  method: 'GET',
  url: '/src/components/ui/card.tsx',
  statusCode: 304,
  duration: '1ms',
  ip: '127.0.0.1',
  response: undefined
}
2025-08-20T09:46:30.321Z [INFO]: Request completed {
  method: 'GET',
  url: '/src/lib/design-tokens.ts',
  statusCode: 304,
  duration: '1ms',
  ip: '127.0.0.1',
  response: undefined
}
2025-08-20T09:46:30.324Z [INFO]: Request completed {
  method: 'GET',
  url: '/src/lib/api.ts',
  statusCode: 304,
  duration: '1ms',
  ip: '127.0.0.1',
  response: undefined
}
2025-08-20T09:46:30.327Z [INFO]: Request completed {
  method: 'GET',
  url: '/src/components/ui/alert.tsx',
  statusCode: 304,
  duration: '2ms',
  ip: '127.0.0.1',
  response: undefined
}
2025-08-20T09:46:30.330Z [INFO]: Request completed {
  method: 'GET',
  url: '/src/components/ui/skeleton.tsx',
  statusCode: 304,
  duration: '1ms',
  ip: '127.0.0.1',
  response: undefined
}
2025-08-20T09:46:30.332Z [INFO]: Request completed {
  method: 'GET',
  url: '/src/components/ui/badge.tsx',
  statusCode: 304,
  duration: '1ms',
  ip: '127.0.0.1',
  response: undefined
}
2025-08-20T09:46:30.335Z [INFO]: Request completed {
  method: 'GET',
  url: '/src/components/modals/CashEntryModal.tsx',
  statusCode: 304,
  duration: '1ms',
  ip: '127.0.0.1',
  response: undefined
}
2025-08-20T09:46:30.341Z [INFO]: Request completed {
  method: 'GET',
  url: '/src/components/modals/CreateInvoiceModal.tsx',
  statusCode: 304,
  duration: '3ms',
  ip: '127.0.0.1',
  response: undefined
}
2025-08-20T09:46:30.349Z [INFO]: Request completed {
  method: 'GET',
  url: '/src/components/reports/StatementGenerator.tsx',
  statusCode: 304,
  duration: '5ms',
  ip: '127.0.0.1',
  response: undefined
}
2025-08-20T09:46:30.361Z [INFO]: Request completed {
  method: 'GET',
  url: '/src/components/modals/BulkOperationsModal.tsx',
  statusCode: 304,
  duration: '3ms',
  ip: '127.0.0.1',
  response: undefined
}
2025-08-20T09:46:30.364Z [INFO]: Request completed {
  method: 'GET',
  url: '/src/components/ui/dialog.tsx',
  statusCode: 304,
  duration: '1ms',
  ip: '127.0.0.1',
  response: undefined
}
2025-08-20T09:46:30.368Z [INFO]: Request completed {
  method: 'GET',
  url: '/src/components/ui/select.tsx',
  statusCode: 304,
  duration: '2ms',
  ip: '127.0.0.1',
  response: undefined
}
2025-08-20T09:46:30.372Z [INFO]: Request completed {
  method: 'GET',
  url: '/src/components/ui/switch.tsx',
  statusCode: 304,
  duration: '2ms',
  ip: '127.0.0.1',
  response: undefined
}
2025-08-20T09:46:30.376Z [INFO]: Request completed {
  method: 'GET',
  url: '/src/components/ui/textarea.tsx',
  statusCode: 304,
  duration: '1ms',
  ip: '127.0.0.1',
  response: undefined
}
2025-08-20T09:46:30.380Z [INFO]: Request completed {
  method: 'GET',
  url: '/src/components/ui/tabs.tsx',
  statusCode: 304,
  duration: '2ms',
  ip: '127.0.0.1',
  response: undefined
}
2025-08-20T09:46:30.384Z [INFO]: Request completed {
  method: 'GET',
  url: '/src/components/ui/sheet.tsx',
  statusCode: 304,
  duration: '2ms',
  ip: '127.0.0.1',
  response: undefined
}
2025-08-20T09:46:30.386Z [INFO]: Request completed {
  method: 'GET',
  url: '/src/components/ui/scroll-area.tsx',
  statusCode: 304,
  duration: '1ms',
  ip: '127.0.0.1',
  response: undefined
}
2025-08-20T09:46:30.389Z [INFO]: Request completed {
  method: 'GET',
  url: '/src/lib/photo-utils.ts',
  statusCode: 304,
  duration: '1ms',
  ip: '127.0.0.1',
  response: undefined
}
2025-08-20T09:46:30.392Z [INFO]: Request completed {
  method: 'GET',
  url: '/src/components/ui/form.tsx',
  statusCode: 304,
  duration: '1ms',
  ip: '127.0.0.1',
  response: undefined
}
2025-08-20T09:46:30.396Z [INFO]: Request completed {
  method: 'GET',
  url: '/src/components/ui/table.tsx',
  statusCode: 304,
  duration: '2ms',
  ip: '127.0.0.1',
  response: undefined
}
2025-08-20T09:46:30.399Z [INFO]: Request completed {
  method: 'GET',
  url: '/src/components/ui/loading.tsx',
  statusCode: 304,
  duration: '1ms',
  ip: '127.0.0.1',
  response: undefined
}
2025-08-20T09:46:30.401Z [INFO]: Request completed {
  method: 'GET',
  url: '/src/components/ui/progress.tsx',
  statusCode: 304,
  duration: '1ms',
  ip: '127.0.0.1',
  response: undefined
}
2025-08-20T09:46:30.512Z [INFO]: Request completed {
  method: 'GET',
  url: '/sw.js',
  statusCode: 304,
  duration: '3ms',
  ip: '127.0.0.1',
  response: undefined
}
2025-08-20T09:46:30.539Z [INFO]: Request completed {
  method: 'GET',
  url: '/',
  statusCode: 200,
  duration: '16ms',
  ip: '127.0.0.1',
  response: undefined
}
2025-08-20T09:46:30.562Z [INFO]: Request completed {
  method: 'GET',
  url: '/src/App.tsx',
  statusCode: 200,
  duration: '3ms',
  ip: '127.0.0.1',
  response: undefined
}
2025-08-20T09:46:30.583Z [INFO]: Request completed {
  method: 'GET',
  url: '/',
  statusCode: 200,
  duration: '24ms',
  ip: '127.0.0.1',
  response: undefined
}
2025-08-20T09:46:30.591Z [INFO]: Request completed {
  method: 'GET',
  url: '/src/index.css',
  statusCode: 200,
  duration: '5ms',
  ip: '127.0.0.1',
  response: undefined
}
2025-08-20T09:46:30.599Z [INFO]: Request completed {
  method: 'GET',
  url: '/src/main.tsx',
  statusCode: 200,
  duration: '44ms',
  ip: '127.0.0.1',
  response: undefined
}
2025-08-20T09:46:30.686Z [INFO]: Request completed {
  method: 'GET',
  url: '/api/businesses',
  statusCode: 304,
  duration: '183ms',
  ip: '127.0.0.1',
  response: undefined
}
2025-08-20T09:50:13.035Z [INFO]: Request completed {
  method: 'GET',
  url: '/api/branches/biz_ismail',
  statusCode: 401,
  duration: '7ms',
  ip: '127.0.0.1',
  response: undefined
}
2025-08-20T09:50:20.337Z [SECURITY]: Failed login {
  email: 'ismail@eng-ict.com',
  reason: 'Invalid password',
  ip: 'unknown',
  userAgent: undefined
}
2025-08-20T09:50:20.339Z [INFO]: Request completed {
  method: 'POST',
  url: '/api/auth/login',
  statusCode: 200,
  duration: '746ms',
  ip: '127.0.0.1',
  response: undefined
}
2025-08-20T09:51:14.337Z [SECURITY]: Successful login {
  email: 'hana@hajjelec.com',
  userId: 'user_6sald2ys1',
  ip: 'unknown',
  userAgent: undefined
}
2025-08-20T09:51:14.342Z [INFO]: Request completed {
  method: 'POST',
  url: '/api/auth/login',
  statusCode: 200,
  duration: '961ms',
  ip: '127.0.0.1',
  response: undefined
}
2025-08-20T09:54:45.303Z [INFO]: Request completed {
  method: 'GET',
  url: '/api/branches/biz_rmdbi4ukd',
  statusCode: 403,
  duration: '5ms',
  ip: '127.0.0.1',
  response: undefined
}
2025-08-20T09:55:02.624Z [SECURITY]: Successful login {
  email: 'admin@system.com',
  userId: 'user_admin',
  ip: 'unknown',
  userAgent: undefined
}
2025-08-20T09:55:02.626Z [INFO]: Request completed {
  method: 'POST',
  url: '/api/auth/admin/login',
  statusCode: 200,
  duration: '501ms',
  ip: '127.0.0.1',
  response: undefined
}
2025-08-20T09:55:18.617Z [INFO]: Request completed {
  method: 'GET',
  url: '/api/branches/biz_rmdbi4ukd',
  statusCode: 404,
  duration: '186ms',
  ip: '127.0.0.1',
  response: undefined
}
2025-08-20T09:57:20.619Z [INFO]: Request completed {
  method: 'GET',
  url: '/api/branches/biz_rmdbi4ukd',
  statusCode: 404,
  duration: '185ms',
  ip: '127.0.0.1',
  response: undefined
}
2025-08-20T09:57:36.665Z [INFO]: Request completed {
  method: 'GET',
  url: '/api/branches/biz_rmdbi4ukd',
  statusCode: 404,
  duration: '489ms',
  ip: '127.0.0.1',
  response: undefined
}
2025-08-20T09:59:55.889Z [INFO]: Request completed {
  method: 'GET',
  url: '/api/branches/branch_9giwu5xjl',
  statusCode: 200,
  duration: '187ms',
  ip: '127.0.0.1',
  response: undefined
}
2025-08-20T10:00:26.884Z [INFO]: Request completed {
  method: 'GET',
  url: '/',
  statusCode: 200,
  duration: '41ms',
  ip: '127.0.0.1',
  response: undefined
}
2025-08-20T11:18:04.452Z [INFO]: Request completed {
  method: 'GET',
  url: '/.well-known/appspecific/com.chrome.devtools.json',
  statusCode: 404,
  duration: '7ms',
  ip: '127.0.0.1',
  response: undefined
}
2025-08-20T11:18:07.426Z [INFO]: Request completed {
  method: 'GET',
  url: '/api/businesses',
  statusCode: 200,
  duration: '728ms',
  ip: '127.0.0.1',
  response: undefined
}
2025-08-20T11:18:08.388Z [INFO]: Request completed {
  method: 'GET',
  url: '/sw.js',
  statusCode: 304,
  duration: '10ms',
  ip: '127.0.0.1',
  response: undefined
}
2025-08-20T11:25:33.451Z [INFO]: Request completed {
  method: 'GET',
  url: '/api/branches?businessId=biz_vm6cc68ua',
  statusCode: 200,
  duration: '753ms',
  ip: '127.0.0.1',
  response: undefined
}
2025-08-20T11:25:51.477Z [INFO]: Request completed {
  method: 'GET',
  url: '/',
  statusCode: 200,
  duration: '852ms',
  ip: '127.0.0.1',
  response: undefined
}
2025-08-20T11:25:52.653Z [INFO]: Request completed {
  method: 'GET',
  url: '/.well-known/appspecific/com.chrome.devtools.json',
  statusCode: 404,
  duration: '4ms',
  ip: '127.0.0.1',
  response: undefined
}
2025-08-20T11:25:52.722Z [INFO]: Request completed {
  method: 'GET',
  url: '/@vite/client',
  statusCode: 200,
  duration: '89ms',
  ip: '127.0.0.1',
  response: undefined
}
2025-08-20T11:25:52.826Z [INFO]: Request completed {
  method: 'GET',
  url: '/src/main.tsx?v=HcrKY3Czt_hp-Qq1ktzCW',
  statusCode: 200,
  duration: '180ms',
  ip: '127.0.0.1',
  response: undefined
}
2025-08-20T11:25:53.392Z [INFO]: Request completed {
  method: 'GET',
  url: '/@fs/C:/ledgerApp/node_modules/vite/dist/client/env.mjs',
  statusCode: 304,
  duration: '2ms',
  ip: '127.0.0.1',
  response: undefined
}
2025-08-20T11:25:53.448Z [INFO]: Request completed {
  method: 'GET',
  url: '/src/App.tsx?v=HcrKY3Czt_hp-Qq1ktzCW',
  statusCode: 200,
  duration: '48ms',
  ip: '127.0.0.1',
  response: undefined
}
2025-08-20T11:25:53.461Z [INFO]: Request completed {
  method: 'GET',
  url: '/@react-refresh',
  statusCode: 304,
  duration: '75ms',
  ip: '127.0.0.1',
  response: undefined
}
2025-08-20T11:25:54.793Z [INFO]: Request completed {
  method: 'GET',
  url: '/src/index.css?v=HcrKY3Czt_hp-Qq1ktzCW',
  statusCode: 200,
  duration: '1338ms',
  ip: '127.0.0.1',
  response: undefined
}
2025-08-20T11:25:55.340Z [INFO]: Request completed {
  method: 'GET',
  url: '/src/lib/auth-store.ts',
  statusCode: 304,
  duration: '32ms',
  ip: '127.0.0.1',
  response: undefined
}
2025-08-20T11:25:55.371Z [INFO]: Request completed {
  method: 'GET',
  url: '/src/components/layout/BusinessAppShell.tsx',
  statusCode: 304,
  duration: '59ms',
  ip: '127.0.0.1',
  response: undefined
}
2025-08-20T11:25:55.375Z [INFO]: Request completed {
  method: 'GET',
  url: '/src/lib/queryClient.ts',
  statusCode: 304,
  duration: '64ms',
  ip: '127.0.0.1',
  response: undefined
}
2025-08-20T11:25:55.377Z [INFO]: Request completed {
  method: 'GET',
  url: '/src/components/layout/SuperAdminAppShell.tsx',
  statusCode: 304,
  duration: '77ms',
  ip: '127.0.0.1',
  response: undefined
}
2025-08-20T11:25:55.408Z [INFO]: Request completed {
  method: 'GET',
  url: '/src/components/ui/toaster.tsx',
  statusCode: 304,
  duration: '586ms',
  ip: '127.0.0.1',
  response: undefined
}
2025-08-20T11:25:55.411Z [INFO]: Request completed {
  method: 'GET',
  url: '/src/components/ui/tooltip.tsx',
  statusCode: 304,
  duration: '586ms',
  ip: '127.0.0.1',
  response: undefined
}
2025-08-20T11:25:55.412Z [INFO]: Request completed {
  method: 'GET',
  url: '/src/pages/admin/Login.tsx',
  statusCode: 304,
  duration: '31ms',
  ip: '127.0.0.1',
  response: undefined
}
2025-08-20T11:25:55.480Z [INFO]: Request completed {
  method: 'GET',
  url: '/src/pages/business/Accounts.tsx',
  statusCode: 304,
  duration: '97ms',
  ip: '127.0.0.1',
  response: undefined
}
2025-08-20T11:25:55.498Z [INFO]: Request completed {
  method: 'GET',
  url: '/src/pages/business/Login.tsx',
  statusCode: 304,
  duration: '154ms',
  ip: '127.0.0.1',
  response: undefined
}
2025-08-20T11:25:55.509Z [INFO]: Request completed {
  method: 'GET',
  url: '/src/pages/business/Reports.tsx',
  statusCode: 304,
  duration: '2ms',
  ip: '127.0.0.1',
  response: undefined
}
2025-08-20T11:25:55.534Z [INFO]: Request completed {
  method: 'GET',
  url: '/src/pages/business/Settings.tsx',
  statusCode: 304,
  duration: '23ms',
  ip: '127.0.0.1',
  response: undefined
}
2025-08-20T11:25:55.559Z [INFO]: Request completed {
  method: 'GET',
  url: '/src/pages/business/Inventory.tsx',
  statusCode: 304,
  duration: '53ms',
  ip: '127.0.0.1',
  response: undefined
}
2025-08-20T11:25:55.569Z [INFO]: Request completed {
  method: 'GET',
  url: '/src/pages/business/Cashbook.tsx',
  statusCode: 304,
  duration: '67ms',
  ip: '127.0.0.1',
  response: undefined
}
2025-08-20T11:25:55.583Z [INFO]: Request completed {
  method: 'GET',
  url: '/src/pages/business/Invoices.tsx',
  statusCode: 304,
  duration: '79ms',
  ip: '127.0.0.1',
  response: undefined
}
2025-08-20T11:25:55.588Z [INFO]: Request completed {
  method: 'GET',
  url: '/src/pages/admin/Dashboard.tsx',
  statusCode: 304,
  duration: '2ms',
  ip: '127.0.0.1',
  response: undefined
}
2025-08-20T11:25:55.592Z [INFO]: Request completed {
  method: 'GET',
  url: '/src/pages/admin/Audit.tsx',
  statusCode: 304,
  duration: '2ms',
  ip: '127.0.0.1',
  response: undefined
}
2025-08-20T11:25:55.596Z [INFO]: Request completed {
  method: 'GET',
  url: '/src/pages/admin/Feedback.tsx',
  statusCode: 304,
  duration: '2ms',
  ip: '127.0.0.1',
  response: undefined
}
2025-08-20T11:25:55.600Z [INFO]: Request completed {
  method: 'GET',
  url: '/src/pages/admin/Diagnostics.tsx',
  statusCode: 304,
  duration: '2ms',
  ip: '127.0.0.1',
  response: undefined
}
2025-08-20T11:25:55.606Z [INFO]: Request completed {
  method: 'GET',
  url: '/src/pages/admin/Businesses.tsx',
  statusCode: 304,
  duration: '1ms',
  ip: '127.0.0.1',
  response: undefined
}
2025-08-20T11:25:55.610Z [INFO]: Request completed {
  method: 'GET',
  url: '/src/pages/admin/Branches.tsx',
  statusCode: 304,
  duration: '2ms',
  ip: '127.0.0.1',
  response: undefined
}
2025-08-20T11:25:55.614Z [INFO]: Request completed {
  method: 'GET',
  url: '/src/pages/admin/UsersRoles.tsx',
  statusCode: 304,
  duration: '2ms',
  ip: '127.0.0.1',
  response: undefined
}
2025-08-20T11:25:55.617Z [INFO]: Request completed {
  method: 'GET',
  url: '/src/pages/admin/AppSettings.tsx',
  statusCode: 304,
  duration: '1ms',
  ip: '127.0.0.1',
  response: undefined
}
2025-08-20T11:25:55.652Z [INFO]: Request completed {
  method: 'GET',
  url: '/src/pages/business/Dashboard.tsx',
  statusCode: 304,
  duration: '269ms',
  ip: '127.0.0.1',
  response: undefined
}
2025-08-20T11:25:56.093Z [INFO]: Request completed {
  method: 'GET',
  url: '/src/components/layout/AppHeader.tsx',
  statusCode: 304,
  duration: '436ms',
  ip: '127.0.0.1',
  response: undefined
}
2025-08-20T11:25:56.183Z [INFO]: Request completed {
  method: 'GET',
  url: '/src/components/layout/Breadcrumb.tsx',
  statusCode: 304,
  duration: '247ms',
  ip: '127.0.0.1',
  response: undefined
}
2025-08-20T11:25:56.216Z [INFO]: Request completed {
  method: 'GET',
  url: '/src/components/layout/SidebarNav.tsx',
  statusCode: 304,
  duration: '557ms',
  ip: '127.0.0.1',
  response: undefined
}
2025-08-20T11:25:56.220Z [INFO]: Request completed {
  method: 'GET',
  url: '/src/components/layout/MobileBottomNav.tsx',
  statusCode: 304,
  duration: '554ms',
  ip: '127.0.0.1',
  response: undefined
}
2025-08-20T11:25:56.240Z [INFO]: Request completed {
  method: 'GET',
  url: '/src/components/layout/MobileNavDrawer.tsx',
  statusCode: 304,
  duration: '578ms',
  ip: '127.0.0.1',
  response: undefined
}
2025-08-20T11:25:56.296Z [INFO]: Request completed {
  method: 'GET',
  url: '/src/hooks/use-toast.ts',
  statusCode: 304,
  duration: '153ms',
  ip: '127.0.0.1',
  response: undefined
}
2025-08-20T11:25:56.299Z [INFO]: Request completed {
  method: 'GET',
  url: '/src/components/layout/LedgerLayout.tsx',
  statusCode: 304,
  duration: '697ms',
  ip: '127.0.0.1',
  response: undefined
}
2025-08-20T11:25:56.510Z [INFO]: Request completed {
  method: 'GET',
  url: '/src/components/ui/toast.tsx',
  statusCode: 304,
  duration: '4ms',
  ip: '127.0.0.1',
  response: undefined
}
2025-08-20T11:25:56.517Z [INFO]: Request completed {
  method: 'GET',
  url: '/src/lib/utils.ts',
  statusCode: 304,
  duration: '3ms',
  ip: '127.0.0.1',
  response: undefined
}
2025-08-20T11:25:56.530Z [INFO]: Request completed {
  method: 'GET',
  url: '/src/components/ui/button.tsx',
  statusCode: 304,
  duration: '8ms',
  ip: '127.0.0.1',
  response: undefined
}
2025-08-20T11:25:56.553Z [INFO]: Request completed {
  method: 'GET',
  url: '/src/components/ui/input.tsx',
  statusCode: 304,
  duration: '3ms',
  ip: '127.0.0.1',
  response: undefined
}
2025-08-20T11:25:56.559Z [INFO]: Request completed {
  method: 'GET',
  url: '/src/components/ui/label.tsx',
  statusCode: 304,
  duration: '2ms',
  ip: '127.0.0.1',
  response: undefined
}
2025-08-20T11:25:56.567Z [INFO]: Request completed {
  method: 'GET',
  url: '/src/components/ui/card.tsx',
  statusCode: 304,
  duration: '3ms',
  ip: '127.0.0.1',
  response: undefined
}
2025-08-20T11:25:56.587Z [INFO]: Request completed {
  method: 'GET',
  url: '/src/lib/design-tokens.ts',
  statusCode: 304,
  duration: '2ms',
  ip: '127.0.0.1',
  response: undefined
}
2025-08-20T11:25:56.616Z [INFO]: Request completed {
  method: 'GET',
  url: '/src/lib/api.ts',
  statusCode: 200,
  duration: '23ms',
  ip: '127.0.0.1',
  response: undefined
}
2025-08-20T11:25:56.623Z [INFO]: Request completed {
  method: 'GET',
  url: '/src/components/ui/badge.tsx',
  statusCode: 304,
  duration: '5ms',
  ip: '127.0.0.1',
  response: undefined
}
2025-08-20T11:25:56.630Z [INFO]: Request completed {
  method: 'GET',
  url: '/src/components/ui/skeleton.tsx',
  statusCode: 304,
  duration: '3ms',
  ip: '127.0.0.1',
  response: undefined
}
2025-08-20T11:25:56.638Z [INFO]: Request completed {
  method: 'GET',
  url: '/src/components/ui/alert.tsx',
  statusCode: 304,
  duration: '4ms',
  ip: '127.0.0.1',
  response: undefined
}
2025-08-20T11:25:56.646Z [INFO]: Request completed {
  method: 'GET',
  url: '/src/components/ui/switch.tsx',
  statusCode: 304,
  duration: '3ms',
  ip: '127.0.0.1',
  response: undefined
}
2025-08-20T11:25:56.652Z [INFO]: Request completed {
  method: 'GET',
  url: '/src/components/ui/select.tsx',
  statusCode: 304,
  duration: '3ms',
  ip: '127.0.0.1',
  response: undefined
}
2025-08-20T11:25:56.673Z [INFO]: Request completed {
  method: 'GET',
  url: '/src/components/ui/dialog.tsx',
  statusCode: 304,
  duration: '4ms',
  ip: '127.0.0.1',
  response: undefined
}
2025-08-20T11:25:56.697Z [INFO]: Request completed {
  method: 'GET',
  url: '/src/components/ui/textarea.tsx',
  statusCode: 304,
  duration: '3ms',
  ip: '127.0.0.1',
  response: undefined
}
2025-08-20T11:25:56.744Z [INFO]: Request completed {
  method: 'GET',
  url: '/src/components/modals/BulkOperationsModal.tsx',
  statusCode: 304,
  duration: '76ms',
  ip: '127.0.0.1',
  response: undefined
}
2025-08-20T11:25:56.770Z [INFO]: Request completed {
  method: 'GET',
  url: '/src/components/reports/StatementGenerator.tsx',
  statusCode: 304,
  duration: '105ms',
  ip: '127.0.0.1',
  response: undefined
}
2025-08-20T11:25:56.796Z [INFO]: Request completed {
  method: 'GET',
  url: '/src/components/modals/CashEntryModal.tsx',
  statusCode: 304,
  duration: '140ms',
  ip: '127.0.0.1',
  response: undefined
}
2025-08-20T11:25:56.828Z [INFO]: Request completed {
  method: 'GET',
  url: '/src/components/modals/CreateInvoiceModal.tsx',
  statusCode: 304,
  duration: '167ms',
  ip: '127.0.0.1',
  response: undefined
}
2025-08-20T11:25:56.922Z [INFO]: Request completed {
  method: 'GET',
  url: '/src/components/ui/sheet.tsx',
  statusCode: 304,
  duration: '222ms',
  ip: '127.0.0.1',
  response: undefined
}
2025-08-20T11:25:56.939Z [INFO]: Request completed {
  method: 'GET',
  url: '/src/components/ui/tabs.tsx',
  statusCode: 304,
  duration: '260ms',
  ip: '127.0.0.1',
  response: undefined
}
2025-08-20T11:25:56.943Z [INFO]: Request completed {
  method: 'GET',
  url: '/src/components/ui/scroll-area.tsx',
  statusCode: 304,
  duration: '49ms',
  ip: '127.0.0.1',
  response: undefined
}
2025-08-20T11:25:57.095Z [INFO]: Request completed {
  method: 'GET',
  url: '/src/components/ui/progress.tsx',
  statusCode: 304,
  duration: '200ms',
  ip: '127.0.0.1',
  response: undefined
}
2025-08-20T11:25:57.121Z [INFO]: Request completed {
  method: 'GET',
  url: '/src/lib/photo-utils.ts',
  statusCode: 304,
  duration: '194ms',
  ip: '127.0.0.1',
  response: undefined
}
2025-08-20T11:25:57.124Z [INFO]: Request completed {
  method: 'GET',
  url: '/src/components/ui/loading.tsx',
  statusCode: 304,
  duration: '225ms',
  ip: '127.0.0.1',
  response: undefined
}
2025-08-20T11:25:57.144Z [INFO]: Request completed {
  method: 'GET',
  url: '/src/components/ui/form.tsx',
  statusCode: 304,
  duration: '75ms',
  ip: '127.0.0.1',
  response: undefined
}
2025-08-20T11:25:57.147Z [INFO]: Request completed {
  method: 'GET',
  url: '/src/components/ui/table.tsx',
  statusCode: 304,
  duration: '249ms',
  ip: '127.0.0.1',
  response: undefined
}
2025-08-20T11:25:57.388Z [INFO]: Request completed {
  method: 'GET',
  url: '/',
  statusCode: 200,
  duration: '54ms',
  ip: '127.0.0.1',
  response: undefined
}
2025-08-20T11:25:57.396Z [INFO]: Request completed {
  method: 'GET',
  url: '/sw.js',
  statusCode: 304,
  duration: '5ms',
  ip: '127.0.0.1',
  response: undefined
}
2025-08-20T11:25:57.426Z [INFO]: Request completed {
  method: 'GET',
  url: '/src/App.tsx',
  statusCode: 200,
  duration: '4ms',
  ip: '127.0.0.1',
  response: undefined
}
2025-08-20T11:25:57.451Z [INFO]: Request completed {
  method: 'GET',
  url: '/',
  statusCode: 200,
  duration: '36ms',
  ip: '127.0.0.1',
  response: undefined
}
2025-08-20T11:25:57.462Z [INFO]: Request completed {
  method: 'GET',
  url: '/src/index.css',
  statusCode: 200,
  duration: '8ms',
  ip: '127.0.0.1',
  response: undefined
}
2025-08-20T11:25:57.470Z [INFO]: Request completed {
  method: 'GET',
  url: '/src/main.tsx',
  statusCode: 200,
  duration: '50ms',
  ip: '127.0.0.1',
  response: undefined
}
2025-08-20T11:25:57.526Z [INFO]: Request completed {
  method: 'GET',
  url: '/api/businesses',
  statusCode: 304,
  duration: '212ms',
  ip: '127.0.0.1',
  response: undefined
}
2025-08-20T11:26:49.888Z [INFO]: Request completed {
  method: 'GET',
  url: '/api/branches?businessId=biz_vm6cc68ua',
  statusCode: 200,
  duration: '186ms',
  ip: '127.0.0.1',
  response: undefined
}
2025-08-20T11:27:29.224Z [INFO]: Request completed {
  method: 'GET',
  url: '/.well-known/appspecific/com.chrome.devtools.json',
  statusCode: 404,
  duration: '1ms',
  ip: '127.0.0.1',
  response: undefined
}
2025-08-20T11:27:33.164Z [INFO]: Request completed {
  method: 'GET',
  url: '/',
  statusCode: 200,
  duration: '61ms',
  ip: '127.0.0.1',
  response: undefined
}
2025-08-20T11:27:33.191Z [INFO]: Request completed {
  method: 'GET',
  url: '/@vite/client',
  statusCode: 304,
  duration: '2ms',
  ip: '127.0.0.1',
  response: undefined
}
2025-08-20T11:27:33.197Z [INFO]: Request completed {
  method: 'GET',
  url: '/src/main.tsx?v=rSEqujgK8H9hrPNtn8F5x',
  statusCode: 200,
  duration: '9ms',
  ip: '127.0.0.1',
  response: undefined
}
2025-08-20T11:27:33.200Z [INFO]: Request completed {
  method: 'GET',
  url: '/.well-known/appspecific/com.chrome.devtools.json',
  statusCode: 404,
  duration: '2ms',
  ip: '127.0.0.1',
  response: undefined
}
2025-08-20T11:27:33.977Z [INFO]: Request completed {
  method: 'GET',
  url: '/@react-refresh',
  statusCode: 304,
  duration: '3ms',
  ip: '127.0.0.1',
  response: undefined
}
2025-08-20T11:27:33.982Z [INFO]: Request completed {
  method: 'GET',
  url: '/@fs/C:/ledgerApp/node_modules/vite/dist/client/env.mjs',
  statusCode: 304,
  duration: '3ms',
  ip: '127.0.0.1',
  response: undefined
}
2025-08-20T11:27:33.987Z [INFO]: Request completed {
  method: 'GET',
  url: '/src/index.css?v=rSEqujgK8H9hrPNtn8F5x',
  statusCode: 200,
  duration: '3ms',
  ip: '127.0.0.1',
  response: undefined
}
2025-08-20T11:27:33.993Z [INFO]: Request completed {
  method: 'GET',
  url: '/src/App.tsx?v=rSEqujgK8H9hrPNtn8F5x',
  statusCode: 200,
  duration: '3ms',
  ip: '127.0.0.1',
  response: undefined
}
2025-08-20T11:27:34.022Z [INFO]: Request completed {
  method: 'GET',
  url: '/src/components/ui/toaster.tsx',
  statusCode: 304,
  duration: '2ms',
  ip: '127.0.0.1',
  response: undefined
}
2025-08-20T11:27:34.026Z [INFO]: Request completed {
  method: 'GET',
  url: '/src/components/ui/tooltip.tsx',
  statusCode: 304,
  duration: '2ms',
  ip: '127.0.0.1',
  response: undefined
}
2025-08-20T11:27:34.033Z [INFO]: Request completed {
  method: 'GET',
  url: '/src/lib/auth-store.ts',
  statusCode: 304,
  duration: '3ms',
  ip: '127.0.0.1',
  response: undefined
}
2025-08-20T11:27:34.037Z [INFO]: Request completed {
  method: 'GET',
  url: '/src/lib/queryClient.ts',
  statusCode: 304,
  duration: '2ms',
  ip: '127.0.0.1',
  response: undefined
}
2025-08-20T11:27:34.042Z [INFO]: Request completed {
  method: 'GET',
  url: '/src/components/layout/SuperAdminAppShell.tsx',
  statusCode: 304,
  duration: '2ms',
  ip: '127.0.0.1',
  response: undefined
}
2025-08-20T11:27:34.047Z [INFO]: Request completed {
  method: 'GET',
  url: '/src/pages/business/Login.tsx',
  statusCode: 304,
  duration: '3ms',
  ip: '127.0.0.1',
  response: undefined
}
2025-08-20T11:27:34.052Z [INFO]: Request completed {
  method: 'GET',
  url: '/src/pages/admin/Login.tsx',
  statusCode: 304,
  duration: '3ms',
  ip: '127.0.0.1',
  response: undefined
}
2025-08-20T11:27:34.055Z [INFO]: Request completed {
  method: 'GET',
  url: '/src/pages/business/Dashboard.tsx',
  statusCode: 304,
  duration: '2ms',
  ip: '127.0.0.1',
  response: undefined
}
2025-08-20T11:27:34.058Z [INFO]: Request completed {
  method: 'GET',
  url: '/src/pages/business/Accounts.tsx',
  statusCode: 304,
  duration: '1ms',
  ip: '127.0.0.1',
  response: undefined
}
2025-08-20T11:27:34.061Z [INFO]: Request completed {
  method: 'GET',
  url: '/src/pages/business/Cashbook.tsx',
  statusCode: 304,
  duration: '1ms',
  ip: '127.0.0.1',
  response: undefined
}
2025-08-20T11:27:34.065Z [INFO]: Request completed {
  method: 'GET',
  url: '/src/pages/business/Invoices.tsx',
  statusCode: 304,
  duration: '2ms',
  ip: '127.0.0.1',
  response: undefined
}
2025-08-20T11:27:34.068Z [INFO]: Request completed {
  method: 'GET',
  url: '/src/pages/business/Inventory.tsx',
  statusCode: 304,
  duration: '1ms',
  ip: '127.0.0.1',
  response: undefined
}
2025-08-20T11:27:34.072Z [INFO]: Request completed {
  method: 'GET',
  url: '/src/pages/business/Reports.tsx',
  statusCode: 304,
  duration: '2ms',
  ip: '127.0.0.1',
  response: undefined
}
2025-08-20T11:27:34.076Z [INFO]: Request completed {
  method: 'GET',
  url: '/src/components/layout/BusinessAppShell.tsx',
  statusCode: 304,
  duration: '2ms',
  ip: '127.0.0.1',
  response: undefined
}
2025-08-20T11:27:34.079Z [INFO]: Request completed {
  method: 'GET',
  url: '/src/pages/business/Settings.tsx',
  statusCode: 304,
  duration: '1ms',
  ip: '127.0.0.1',
  response: undefined
}
2025-08-20T11:27:34.082Z [INFO]: Request completed {
  method: 'GET',
  url: '/src/pages/admin/Dashboard.tsx',
  statusCode: 304,
  duration: '1ms',
  ip: '127.0.0.1',
  response: undefined
}
2025-08-20T11:27:34.085Z [INFO]: Request completed {
  method: 'GET',
  url: '/src/pages/admin/Businesses.tsx',
  statusCode: 304,
  duration: '1ms',
  ip: '127.0.0.1',
  response: undefined
}
2025-08-20T11:27:34.087Z [INFO]: Request completed {
  method: 'GET',
  url: '/src/pages/admin/Branches.tsx',
  statusCode: 304,
  duration: '2ms',
  ip: '127.0.0.1',
  response: undefined
}
2025-08-20T11:27:34.090Z [INFO]: Request completed {
  method: 'GET',
  url: '/src/pages/admin/UsersRoles.tsx',
  statusCode: 304,
  duration: '1ms',
  ip: '127.0.0.1',
  response: undefined
}
2025-08-20T11:27:34.092Z [INFO]: Request completed {
  method: 'GET',
  url: '/src/pages/admin/AppSettings.tsx',
  statusCode: 304,
  duration: '2ms',
  ip: '127.0.0.1',
  response: undefined
}
2025-08-20T11:27:34.095Z [INFO]: Request completed {
  method: 'GET',
  url: '/src/pages/admin/Audit.tsx',
  statusCode: 304,
  duration: '1ms',
  ip: '127.0.0.1',
  response: undefined
}
2025-08-20T11:27:34.097Z [INFO]: Request completed {
  method: 'GET',
  url: '/src/pages/admin/Feedback.tsx',
  statusCode: 304,
  duration: '1ms',
  ip: '127.0.0.1',
  response: undefined
}
2025-08-20T11:27:34.099Z [INFO]: Request completed {
  method: 'GET',
  url: '/src/pages/admin/Diagnostics.tsx',
  statusCode: 304,
  duration: '1ms',
  ip: '127.0.0.1',
  response: undefined
}
2025-08-20T11:27:34.103Z [INFO]: Request completed {
  method: 'GET',
  url: '/src/hooks/use-toast.ts',
  statusCode: 304,
  duration: '2ms',
  ip: '127.0.0.1',
  response: undefined
}
2025-08-20T11:27:34.106Z [INFO]: Request completed {
  method: 'GET',
  url: '/src/components/ui/toast.tsx',
  statusCode: 304,
  duration: '1ms',
  ip: '127.0.0.1',
  response: undefined
}
2025-08-20T11:27:34.108Z [INFO]: Request completed {
  method: 'GET',
  url: '/src/lib/utils.ts',
  statusCode: 304,
  duration: '2ms',
  ip: '127.0.0.1',
  response: undefined
}
2025-08-20T11:27:34.111Z [INFO]: Request completed {
  method: 'GET',
  url: '/src/components/layout/AppHeader.tsx',
  statusCode: 304,
  duration: '2ms',
  ip: '127.0.0.1',
  response: undefined
}
2025-08-20T11:27:34.114Z [INFO]: Request completed {
  method: 'GET',
  url: '/src/components/layout/SidebarNav.tsx',
  statusCode: 304,
  duration: '1ms',
  ip: '127.0.0.1',
  response: undefined
}
2025-08-20T11:27:34.117Z [INFO]: Request completed {
  method: 'GET',
  url: '/src/components/layout/MobileNavDrawer.tsx',
  statusCode: 304,
  duration: '1ms',
  ip: '127.0.0.1',
  response: undefined
}
2025-08-20T11:27:34.120Z [INFO]: Request completed {
  method: 'GET',
  url: '/src/components/layout/MobileBottomNav.tsx',
  statusCode: 304,
  duration: '1ms',
  ip: '127.0.0.1',
  response: undefined
}
2025-08-20T11:27:34.122Z [INFO]: Request completed {
  method: 'GET',
  url: '/src/components/layout/Breadcrumb.tsx',
  statusCode: 304,
  duration: '1ms',
  ip: '127.0.0.1',
  response: undefined
}
2025-08-20T11:27:34.125Z [INFO]: Request completed {
  method: 'GET',
  url: '/src/components/ui/button.tsx',
  statusCode: 304,
  duration: '1ms',
  ip: '127.0.0.1',
  response: undefined
}
2025-08-20T11:27:34.128Z [INFO]: Request completed {
  method: 'GET',
  url: '/src/components/ui/input.tsx',
  statusCode: 304,
  duration: '1ms',
  ip: '127.0.0.1',
  response: undefined
}
2025-08-20T11:27:34.130Z [INFO]: Request completed {
  method: 'GET',
  url: '/src/components/ui/label.tsx',
  statusCode: 304,
  duration: '1ms',
  ip: '127.0.0.1',
  response: undefined
}
2025-08-20T11:27:34.133Z [INFO]: Request completed {
  method: 'GET',
  url: '/src/components/ui/card.tsx',
  statusCode: 304,
  duration: '1ms',
  ip: '127.0.0.1',
  response: undefined
}
2025-08-20T11:27:34.136Z [INFO]: Request completed {
  method: 'GET',
  url: '/src/lib/design-tokens.ts',
  statusCode: 304,
  duration: '1ms',
  ip: '127.0.0.1',
  response: undefined
}
2025-08-20T11:27:34.139Z [INFO]: Request completed {
  method: 'GET',
  url: '/src/lib/api.ts',
  statusCode: 304,
  duration: '1ms',
  ip: '127.0.0.1',
  response: undefined
}
2025-08-20T11:27:34.142Z [INFO]: Request completed {
  method: 'GET',
  url: '/src/components/ui/alert.tsx',
  statusCode: 304,
  duration: '1ms',
  ip: '127.0.0.1',
  response: undefined
}
2025-08-20T11:27:34.145Z [INFO]: Request completed {
  method: 'GET',
  url: '/src/components/ui/skeleton.tsx',
  statusCode: 304,
  duration: '1ms',
  ip: '127.0.0.1',
  response: undefined
}
2025-08-20T11:27:34.147Z [INFO]: Request completed {
  method: 'GET',
  url: '/src/components/ui/badge.tsx',
  statusCode: 304,
  duration: '1ms',
  ip: '127.0.0.1',
  response: undefined
}
2025-08-20T11:27:34.150Z [INFO]: Request completed {
  method: 'GET',
  url: '/src/components/modals/CashEntryModal.tsx',
  statusCode: 304,
  duration: '1ms',
  ip: '127.0.0.1',
  response: undefined
}
2025-08-20T11:27:34.153Z [INFO]: Request completed {
  method: 'GET',
  url: '/src/components/modals/CreateInvoiceModal.tsx',
  statusCode: 304,
  duration: '2ms',
  ip: '127.0.0.1',
  response: undefined
}
2025-08-20T11:27:34.156Z [INFO]: Request completed {
  method: 'GET',
  url: '/src/components/reports/StatementGenerator.tsx',
  statusCode: 304,
  duration: '2ms',
  ip: '127.0.0.1',
  response: undefined
}
2025-08-20T11:27:34.160Z [INFO]: Request completed {
  method: 'GET',
  url: '/src/components/modals/BulkOperationsModal.tsx',
  statusCode: 304,
  duration: '2ms',
  ip: '127.0.0.1',
  response: undefined
}
2025-08-20T11:27:34.163Z [INFO]: Request completed {
  method: 'GET',
  url: '/src/components/ui/dialog.tsx',
  statusCode: 304,
  duration: '1ms',
  ip: '127.0.0.1',
  response: undefined
}
2025-08-20T11:27:34.166Z [INFO]: Request completed {
  method: 'GET',
  url: '/src/components/ui/select.tsx',
  statusCode: 304,
  duration: '2ms',
  ip: '127.0.0.1',
  response: undefined
}
2025-08-20T11:27:34.169Z [INFO]: Request completed {
  method: 'GET',
  url: '/src/components/layout/LedgerLayout.tsx',
  statusCode: 304,
  duration: '1ms',
  ip: '127.0.0.1',
  response: undefined
}
2025-08-20T11:27:34.172Z [INFO]: Request completed {
  method: 'GET',
  url: '/src/components/ui/switch.tsx',
  statusCode: 304,
  duration: '1ms',
  ip: '127.0.0.1',
  response: undefined
}
2025-08-20T11:27:34.175Z [INFO]: Request completed {
  method: 'GET',
  url: '/src/components/ui/textarea.tsx',
  statusCode: 304,
  duration: '1ms',
  ip: '127.0.0.1',
  response: undefined
}
2025-08-20T11:27:34.177Z [INFO]: Request completed {
  method: 'GET',
  url: '/src/lib/photo-utils.ts',
  statusCode: 304,
  duration: '1ms',
  ip: '127.0.0.1',
  response: undefined
}
2025-08-20T11:27:34.180Z [INFO]: Request completed {
  method: 'GET',
  url: '/src/components/ui/form.tsx',
  statusCode: 304,
  duration: '1ms',
  ip: '127.0.0.1',
  response: undefined
}
2025-08-20T11:27:34.183Z [INFO]: Request completed {
  method: 'GET',
  url: '/src/components/ui/table.tsx',
  statusCode: 304,
  duration: '2ms',
  ip: '127.0.0.1',
  response: undefined
}
2025-08-20T11:27:34.186Z [INFO]: Request completed {
  method: 'GET',
  url: '/src/components/ui/loading.tsx',
  statusCode: 304,
  duration: '1ms',
  ip: '127.0.0.1',
  response: undefined
}
2025-08-20T11:27:34.188Z [INFO]: Request completed {
  method: 'GET',
  url: '/src/components/ui/progress.tsx',
  statusCode: 304,
  duration: '1ms',
  ip: '127.0.0.1',
  response: undefined
}
2025-08-20T11:27:34.192Z [INFO]: Request completed {
  method: 'GET',
  url: '/src/components/ui/tabs.tsx',
  statusCode: 304,
  duration: '2ms',
  ip: '127.0.0.1',
  response: undefined
}
2025-08-20T11:27:34.194Z [INFO]: Request completed {
  method: 'GET',
  url: '/src/components/ui/sheet.tsx',
  statusCode: 304,
  duration: '1ms',
  ip: '127.0.0.1',
  response: undefined
}
2025-08-20T11:27:34.197Z [INFO]: Request completed {
  method: 'GET',
  url: '/src/components/ui/scroll-area.tsx',
  statusCode: 304,
  duration: '1ms',
  ip: '127.0.0.1',
  response: undefined
}
2025-08-20T11:27:34.301Z [INFO]: Request completed {
  method: 'GET',
  url: '/sw.js',
  statusCode: 304,
  duration: '2ms',
  ip: '127.0.0.1',
  response: undefined
}
2025-08-20T11:27:34.323Z [INFO]: Request completed {
  method: 'GET',
  url: '/src/main.tsx',
  statusCode: 304,
  duration: '2ms',
  ip: '127.0.0.1',
  response: undefined
}
2025-08-20T11:27:34.328Z [INFO]: Request completed {
  method: 'GET',
  url: '/src/App.tsx',
  statusCode: 304,
  duration: '2ms',
  ip: '127.0.0.1',
  response: undefined
}
2025-08-20T11:27:34.335Z [INFO]: Request completed {
  method: 'GET',
  url: '/src/index.css',
  statusCode: 304,
  duration: '4ms',
  ip: '127.0.0.1',
  response: undefined
}
2025-08-20T11:27:34.354Z [INFO]: Request completed {
  method: 'GET',
  url: '/',
  statusCode: 200,
  duration: '33ms',
  ip: '127.0.0.1',
  response: undefined
}
2025-08-20T11:27:34.388Z [INFO]: Request completed {
  method: 'GET',
  url: '/',
  statusCode: 200,
  duration: '20ms',
  ip: '127.0.0.1',
  response: undefined
}
2025-08-20T11:27:34.480Z [INFO]: Request completed {
  method: 'GET',
  url: '/api/businesses',
  statusCode: 304,
  duration: '184ms',
  ip: '127.0.0.1',
  response: undefined
}
2025-08-20T11:28:55.158Z [INFO]: Request completed {
  method: 'GET',
  url: '/src/pages/business/Login.tsx?t=1755689334657',
  statusCode: 200,
  duration: '165ms',
  ip: '127.0.0.1',
  response: undefined
}
2025-08-20T11:28:55.431Z [INFO]: Request completed {
  method: 'GET',
  url: '/src/index.css?t=1755689334657&v=HcrKY3Czt_hp-Qq1ktzCW',
  statusCode: 200,
  duration: '437ms',
  ip: '127.0.0.1',
  response: undefined
}
2025-08-20T11:28:56.517Z [INFO]: Request completed {
  method: 'GET',
  url: '/api/branches?businessId=biz_vm6cc68ua',
  statusCode: 200,
  duration: '186ms',
  ip: '127.0.0.1',
  response: undefined
}
2025-08-20T11:28:57.040Z [INFO]: Request completed {
  method: 'GET',
  url: '/api/businesses',
  statusCode: 304,
  duration: '707ms',
  ip: '127.0.0.1',
  response: undefined
}
2025-08-20T11:28:59.965Z [INFO]: Request completed {
  method: 'GET',
  url: '/src/pages/business/Login.tsx?t=1755689339891',
  statusCode: 200,
  duration: '65ms',
  ip: '127.0.0.1',
  response: undefined
}
2025-08-20T11:29:00.187Z [INFO]: Request completed {
  method: 'GET',
  url: '/src/index.css?t=1755689339891&v=HcrKY3Czt_hp-Qq1ktzCW',
  statusCode: 200,
  duration: '286ms',
  ip: '127.0.0.1',
  response: undefined
}
2025-08-20T11:29:00.495Z [INFO]: Request completed {
  method: 'GET',
  url: '/api/businesses',
  statusCode: 304,
  duration: '178ms',
  ip: '127.0.0.1',
  response: undefined
}
2025-08-20T11:29:00.504Z [INFO]: Request completed {
  method: 'GET',
  url: '/api/branches?businessId=biz_vm6cc68ua',
  statusCode: 304,
  duration: '184ms',
  ip: '127.0.0.1',
  response: undefined
}
2025-08-20T11:29:30.535Z [INFO]: Request completed {
  method: 'GET',
  url: '/@react-refresh',
  statusCode: 304,
  duration: '53ms',
  ip: '127.0.0.1',
  response: undefined
}
2025-08-20T11:29:31.091Z [INFO]: Request completed {
  method: 'GET',
  url: '/',
  statusCode: 200,
  duration: '524ms',
  ip: '127.0.0.1',
  response: undefined
}
2025-08-20T11:29:33.034Z [INFO]: Request completed {
  method: 'GET',
  url: '/sw.js',
  statusCode: 304,
  duration: '3ms',
  ip: '127.0.0.1',
  response: undefined
}
2025-08-20T11:29:38.146Z [INFO]: Request completed {
  method: 'GET',
  url: '/',
  statusCode: 200,
  duration: '22ms',
  ip: '127.0.0.1',
  response: undefined
}
2025-08-20T11:29:38.168Z [INFO]: Request completed {
  method: 'GET',
  url: '/.well-known/appspecific/com.chrome.devtools.json',
  statusCode: 404,
  duration: '3ms',
  ip: '127.0.0.1',
  response: undefined
}
2025-08-20T11:29:38.200Z [INFO]: Request completed {
  method: 'GET',
  url: '/@vite/client',
  statusCode: 200,
  duration: '28ms',
  ip: '127.0.0.1',
  response: undefined
}
2025-08-20T11:29:38.212Z [INFO]: Request completed {
  method: 'GET',
  url: '/src/main.tsx?v=cfe2AzOcQYJVVl9PczP-s',
  statusCode: 200,
  duration: '2ms',
  ip: '127.0.0.1',
  response: undefined
}
2025-08-20T11:29:39.149Z [INFO]: Request completed {
  method: 'GET',
  url: '/@react-refresh',
  statusCode: 304,
  duration: '3ms',
  ip: '127.0.0.1',
  response: undefined
}
2025-08-20T11:29:39.158Z [INFO]: Request completed {
  method: 'GET',
  url: '/@fs/C:/ledgerApp/node_modules/vite/dist/client/env.mjs',
  statusCode: 304,
  duration: '3ms',
  ip: '127.0.0.1',
  response: undefined
}
2025-08-20T11:29:39.168Z [INFO]: Request completed {
  method: 'GET',
  url: '/src/App.tsx?v=cfe2AzOcQYJVVl9PczP-s',
  statusCode: 200,
  duration: '7ms',
  ip: '127.0.0.1',
  response: undefined
}
2025-08-20T11:29:39.177Z [INFO]: Request completed {
  method: 'GET',
  url: '/src/index.css?v=cfe2AzOcQYJVVl9PczP-s',
  statusCode: 200,
  duration: '4ms',
  ip: '127.0.0.1',
  response: undefined
}
2025-08-20T11:29:39.199Z [INFO]: Request completed {
  method: 'GET',
  url: '/src/components/ui/toaster.tsx',
  statusCode: 304,
  duration: '3ms',
  ip: '127.0.0.1',
  response: undefined
}
2025-08-20T11:29:39.206Z [INFO]: Request completed {
  method: 'GET',
  url: '/src/lib/queryClient.ts',
  statusCode: 304,
  duration: '2ms',
  ip: '127.0.0.1',
  response: undefined
}
2025-08-20T11:29:39.210Z [INFO]: Request completed {
  method: 'GET',
  url: '/src/components/layout/BusinessAppShell.tsx',
  statusCode: 304,
  duration: '3ms',
  ip: '127.0.0.1',
  response: undefined
}
2025-08-20T11:29:39.217Z [INFO]: Request completed {
  method: 'GET',
  url: '/src/components/layout/SuperAdminAppShell.tsx',
  statusCode: 304,
  duration: '3ms',
  ip: '127.0.0.1',
  response: undefined
}
2025-08-20T11:29:39.225Z [INFO]: Request completed {
  method: 'GET',
  url: '/src/pages/business/Login.tsx',
  statusCode: 200,
  duration: '6ms',
  ip: '127.0.0.1',
  response: undefined
}
2025-08-20T11:29:39.231Z [INFO]: Request completed {
  method: 'GET',
  url: '/src/components/ui/tooltip.tsx',
  statusCode: 304,
  duration: '3ms',
  ip: '127.0.0.1',
  response: undefined
}
2025-08-20T11:29:39.235Z [INFO]: Request completed {
  method: 'GET',
  url: '/src/lib/auth-store.ts',
  statusCode: 304,
  duration: '2ms',
  ip: '127.0.0.1',
  response: undefined
}
2025-08-20T11:29:39.241Z [INFO]: Request completed {
  method: 'GET',
  url: '/src/pages/business/Dashboard.tsx',
  statusCode: 304,
  duration: '2ms',
  ip: '127.0.0.1',
  response: undefined
}
2025-08-20T11:29:39.250Z [INFO]: Request completed {
  method: 'GET',
  url: '/src/pages/business/Accounts.tsx',
  statusCode: 304,
  duration: '6ms',
  ip: '127.0.0.1',
  response: undefined
}
2025-08-20T11:29:39.260Z [INFO]: Request completed {
  method: 'GET',
  url: '/src/pages/business/Cashbook.tsx',
  statusCode: 304,
  duration: '7ms',
  ip: '127.0.0.1',
  response: undefined
}
2025-08-20T11:29:39.264Z [INFO]: Request completed {
  method: 'GET',
  url: '/src/pages/business/Invoices.tsx',
  statusCode: 304,
  duration: '2ms',
  ip: '127.0.0.1',
  response: undefined
}
2025-08-20T11:29:39.269Z [INFO]: Request completed {
  method: 'GET',
  url: '/src/pages/admin/Login.tsx',
  statusCode: 304,
  duration: '2ms',
  ip: '127.0.0.1',
  response: undefined
}
2025-08-20T11:29:39.274Z [INFO]: Request completed {
  method: 'GET',
  url: '/src/pages/business/Settings.tsx',
  statusCode: 304,
  duration: '2ms',
  ip: '127.0.0.1',
  response: undefined
}
2025-08-20T11:29:39.279Z [INFO]: Request completed {
  method: 'GET',
  url: '/src/pages/admin/Dashboard.tsx',
  statusCode: 304,
  duration: '2ms',
  ip: '127.0.0.1',
  response: undefined
}
2025-08-20T11:29:39.283Z [INFO]: Request completed {
  method: 'GET',
  url: '/src/pages/admin/Businesses.tsx',
  statusCode: 304,
  duration: '2ms',
  ip: '127.0.0.1',
  response: undefined
}
2025-08-20T11:29:39.286Z [INFO]: Request completed {
  method: 'GET',
  url: '/src/pages/admin/Branches.tsx',
  statusCode: 304,
  duration: '1ms',
  ip: '127.0.0.1',
  response: undefined
}
2025-08-20T11:29:39.291Z [INFO]: Request completed {
  method: 'GET',
  url: '/src/pages/admin/UsersRoles.tsx',
  statusCode: 304,
  duration: '3ms',
  ip: '127.0.0.1',
  response: undefined
}
2025-08-20T11:29:39.295Z [INFO]: Request completed {
  method: 'GET',
  url: '/src/pages/admin/AppSettings.tsx',
  statusCode: 304,
  duration: '2ms',
  ip: '127.0.0.1',
  response: undefined
}
2025-08-20T11:29:39.298Z [INFO]: Request completed {
  method: 'GET',
  url: '/src/pages/admin/Audit.tsx',
  statusCode: 304,
  duration: '2ms',
  ip: '127.0.0.1',
  response: undefined
}
2025-08-20T11:29:39.301Z [INFO]: Request completed {
  method: 'GET',
  url: '/src/pages/admin/Feedback.tsx',
  statusCode: 304,
  duration: '1ms',
  ip: '127.0.0.1',
  response: undefined
}
2025-08-20T11:29:39.307Z [INFO]: Request completed {
  method: 'GET',
  url: '/src/pages/admin/Diagnostics.tsx',
  statusCode: 304,
  duration: '2ms',
  ip: '127.0.0.1',
  response: undefined
}
2025-08-20T11:29:39.311Z [INFO]: Request completed {
  method: 'GET',
  url: '/src/pages/business/Inventory.tsx',
  statusCode: 304,
  duration: '1ms',
  ip: '127.0.0.1',
  response: undefined
}
2025-08-20T11:29:39.315Z [INFO]: Request completed {
  method: 'GET',
  url: '/src/pages/business/Reports.tsx',
  statusCode: 304,
  duration: '2ms',
  ip: '127.0.0.1',
  response: undefined
}
2025-08-20T11:29:39.317Z [INFO]: Request completed {
  method: 'GET',
  url: '/src/hooks/use-toast.ts',
  statusCode: 304,
  duration: '1ms',
  ip: '127.0.0.1',
  response: undefined
}
2025-08-20T11:29:39.320Z [INFO]: Request completed {
  method: 'GET',
  url: '/src/components/ui/toast.tsx',
  statusCode: 304,
  duration: '2ms',
  ip: '127.0.0.1',
  response: undefined
}
2025-08-20T11:29:39.325Z [INFO]: Request completed {
  method: 'GET',
  url: '/src/components/layout/LedgerLayout.tsx',
  statusCode: 304,
  duration: '2ms',
  ip: '127.0.0.1',
  response: undefined
}
2025-08-20T11:29:39.330Z [INFO]: Request completed {
  method: 'GET',
  url: '/src/components/layout/AppHeader.tsx',
  statusCode: 304,
  duration: '2ms',
  ip: '127.0.0.1',
  response: undefined
}
2025-08-20T11:29:39.333Z [INFO]: Request completed {
  method: 'GET',
  url: '/src/components/layout/SidebarNav.tsx',
  statusCode: 304,
  duration: '1ms',
  ip: '127.0.0.1',
  response: undefined
}
2025-08-20T11:29:39.336Z [INFO]: Request completed {
  method: 'GET',
  url: '/src/components/layout/MobileNavDrawer.tsx',
  statusCode: 304,
  duration: '1ms',
  ip: '127.0.0.1',
  response: undefined
}
2025-08-20T11:29:39.339Z [INFO]: Request completed {
  method: 'GET',
  url: '/src/components/layout/MobileBottomNav.tsx',
  statusCode: 304,
  duration: '2ms',
  ip: '127.0.0.1',
  response: undefined
}
2025-08-20T11:29:39.343Z [INFO]: Request completed {
  method: 'GET',
  url: '/src/components/layout/Breadcrumb.tsx',
  statusCode: 304,
  duration: '2ms',
  ip: '127.0.0.1',
  response: undefined
}
2025-08-20T11:29:39.345Z [INFO]: Request completed {
  method: 'GET',
  url: '/src/components/ui/button.tsx',
  statusCode: 304,
  duration: '2ms',
  ip: '127.0.0.1',
  response: undefined
}
2025-08-20T11:29:39.348Z [INFO]: Request completed {
  method: 'GET',
  url: '/src/components/ui/input.tsx',
  statusCode: 304,
  duration: '2ms',
  ip: '127.0.0.1',
  response: undefined
}
2025-08-20T11:29:39.351Z [INFO]: Request completed {
  method: 'GET',
  url: '/src/components/ui/label.tsx',
  statusCode: 304,
  duration: '1ms',
  ip: '127.0.0.1',
  response: undefined
}
2025-08-20T11:29:39.353Z [INFO]: Request completed {
  method: 'GET',
  url: '/src/components/ui/card.tsx',
  statusCode: 304,
  duration: '2ms',
  ip: '127.0.0.1',
  response: undefined
}
2025-08-20T11:29:39.357Z [INFO]: Request completed {
  method: 'GET',
  url: '/src/lib/design-tokens.ts',
  statusCode: 304,
  duration: '2ms',
  ip: '127.0.0.1',
  response: undefined
}
2025-08-20T11:29:39.360Z [INFO]: Request completed {
  method: 'GET',
  url: '/src/lib/api.ts',
  statusCode: 304,
  duration: '1ms',
  ip: '127.0.0.1',
  response: undefined
}
2025-08-20T11:29:39.363Z [INFO]: Request completed {
  method: 'GET',
  url: '/src/components/ui/alert.tsx',
  statusCode: 304,
  duration: '2ms',
  ip: '127.0.0.1',
  response: undefined
}
2025-08-20T11:29:39.366Z [INFO]: Request completed {
  method: 'GET',
  url: '/src/components/ui/skeleton.tsx',
  statusCode: 304,
  duration: '1ms',
  ip: '127.0.0.1',
  response: undefined
}
2025-08-20T11:29:39.368Z [INFO]: Request completed {
  method: 'GET',
  url: '/src/lib/utils.ts',
  statusCode: 304,
  duration: '1ms',
  ip: '127.0.0.1',
  response: undefined
}
2025-08-20T11:29:39.372Z [INFO]: Request completed {
  method: 'GET',
  url: '/src/components/ui/badge.tsx',
  statusCode: 304,
  duration: '1ms',
  ip: '127.0.0.1',
  response: undefined
}
2025-08-20T11:29:39.375Z [INFO]: Request completed {
  method: 'GET',
  url: '/src/components/modals/CashEntryModal.tsx',
  statusCode: 304,
  duration: '1ms',
  ip: '127.0.0.1',
  response: undefined
}
2025-08-20T11:29:39.378Z [INFO]: Request completed {
  method: 'GET',
  url: '/src/components/modals/CreateInvoiceModal.tsx',
  statusCode: 304,
  duration: '1ms',
  ip: '127.0.0.1',
  response: undefined
}
2025-08-20T11:29:39.382Z [INFO]: Request completed {
  method: 'GET',
  url: '/src/components/reports/StatementGenerator.tsx',
  statusCode: 304,
  duration: '2ms',
  ip: '127.0.0.1',
  response: undefined
}
2025-08-20T11:29:39.384Z [INFO]: Request completed {
  method: 'GET',
  url: '/src/components/modals/BulkOperationsModal.tsx',
  statusCode: 304,
  duration: '2ms',
  ip: '127.0.0.1',
  response: undefined
}
2025-08-20T11:29:39.390Z [INFO]: Request completed {
  method: 'GET',
  url: '/src/components/ui/dialog.tsx',
  statusCode: 304,
  duration: '2ms',
  ip: '127.0.0.1',
  response: undefined
}
2025-08-20T11:29:39.394Z [INFO]: Request completed {
  method: 'GET',
  url: '/src/components/ui/select.tsx',
  statusCode: 304,
  duration: '2ms',
  ip: '127.0.0.1',
  response: undefined
}
2025-08-20T11:29:39.397Z [INFO]: Request completed {
  method: 'GET',
  url: '/src/components/ui/switch.tsx',
  statusCode: 304,
  duration: '1ms',
  ip: '127.0.0.1',
  response: undefined
}
2025-08-20T11:29:39.399Z [INFO]: Request completed {
  method: 'GET',
  url: '/src/components/ui/textarea.tsx',
  statusCode: 304,
  duration: '1ms',
  ip: '127.0.0.1',
  response: undefined
}
2025-08-20T11:29:39.402Z [INFO]: Request completed {
  method: 'GET',
  url: '/src/components/ui/tabs.tsx',
  statusCode: 304,
  duration: '1ms',
  ip: '127.0.0.1',
  response: undefined
}
2025-08-20T11:29:39.407Z [INFO]: Request completed {
  method: 'GET',
  url: '/src/components/ui/sheet.tsx',
  statusCode: 304,
  duration: '2ms',
  ip: '127.0.0.1',
  response: undefined
}
2025-08-20T11:29:39.410Z [INFO]: Request completed {
  method: 'GET',
  url: '/src/components/ui/scroll-area.tsx',
  statusCode: 304,
  duration: '1ms',
  ip: '127.0.0.1',
  response: undefined
}
2025-08-20T11:29:39.413Z [INFO]: Request completed {
  method: 'GET',
  url: '/src/lib/photo-utils.ts',
  statusCode: 304,
  duration: '1ms',
  ip: '127.0.0.1',
  response: undefined
}
2025-08-20T11:29:39.416Z [INFO]: Request completed {
  method: 'GET',
  url: '/src/components/ui/form.tsx',
  statusCode: 304,
  duration: '1ms',
  ip: '127.0.0.1',
  response: undefined
}
2025-08-20T11:29:39.419Z [INFO]: Request completed {
  method: 'GET',
  url: '/src/components/ui/table.tsx',
  statusCode: 304,
  duration: '1ms',
  ip: '127.0.0.1',
  response: undefined
}
2025-08-20T11:29:39.425Z [INFO]: Request completed {
  method: 'GET',
  url: '/src/components/ui/loading.tsx',
  statusCode: 304,
  duration: '3ms',
  ip: '127.0.0.1',
  response: undefined
}
2025-08-20T11:29:39.429Z [INFO]: Request completed {
  method: 'GET',
  url: '/src/components/ui/progress.tsx',
  statusCode: 304,
  duration: '2ms',
  ip: '127.0.0.1',
  response: undefined
}
2025-08-20T11:29:39.530Z [INFO]: Request completed {
  method: 'GET',
  url: '/sw.js',
  statusCode: 200,
  duration: '8ms',
  ip: '127.0.0.1',
  response: undefined
}
2025-08-20T11:29:39.546Z [INFO]: Request completed {
  method: 'GET',
  url: '/',
  statusCode: 200,
  duration: '20ms',
  ip: '127.0.0.1',
  response: undefined
}
2025-08-20T11:29:39.553Z [INFO]: Request completed {
  method: 'GET',
  url: '/src/App.tsx',
  statusCode: 200,
  duration: '2ms',
  ip: '127.0.0.1',
  response: undefined
}
2025-08-20T11:29:39.563Z [INFO]: Request completed {
  method: 'GET',
  url: '/src/index.css',
  statusCode: 200,
  duration: '3ms',
  ip: '127.0.0.1',
  response: undefined
}
2025-08-20T11:29:39.579Z [INFO]: Request completed {
  method: 'GET',
  url: '/',
  statusCode: 200,
  duration: '30ms',
  ip: '127.0.0.1',
  response: undefined
}
2025-08-20T11:29:39.583Z [INFO]: Request completed {
  method: 'GET',
  url: '/src/main.tsx',
  statusCode: 304,
  duration: '33ms',
  ip: '127.0.0.1',
  response: undefined
}
2025-08-20T11:29:41.264Z [INFO]: Request completed {
  method: 'GET',
  url: '/api/businesses',
  statusCode: 304,
  duration: '1759ms',
  ip: '127.0.0.1',
  response: undefined
}
2025-08-20T11:29:42.280Z [INFO]: Request completed {
  method: 'GET',
  url: '/api/branches?businessId=biz_vm6cc68ua',
  statusCode: 304,
  duration: '200ms',
  ip: '127.0.0.1',
  response: undefined
}
2025-08-20T11:31:00.887Z [INFO]: Request completed {
  method: 'GET',
  url: '/api/branches/business/biz_vm6cc68ua',
  statusCode: 403,
  duration: '8ms',
  ip: '127.0.0.1',
  response: undefined
}
2025-08-20T16:59:54.251Z [INFO]: Request completed {
  method: 'GET',
  url: '/@react-refresh',
  statusCode: 304,
  duration: '1ms',
  ip: '127.0.0.1',
  response: undefined
}
2025-08-20T16:59:54.418Z [INFO]: Request completed {
  method: 'GET',
  url: '/',
  statusCode: 200,
  duration: '26ms',
  ip: '127.0.0.1',
  response: undefined
}
2025-08-20T16:59:56.728Z [INFO]: Request completed {
  method: 'GET',
  url: '/sw.js',
  statusCode: 304,
  duration: '3ms',
  ip: '127.0.0.1',
  response: undefined
}
2025-08-20T17:13:33.842Z [INFO]: Request completed {
  method: 'GET',
  url: '/@vite/client',
  statusCode: 304,
  duration: '2ms',
  ip: '127.0.0.1',
  response: undefined
}
2025-08-20T17:13:33.844Z [INFO]: Request completed {
  method: 'GET',
  url: '/.well-known/appspecific/com.chrome.devtools.json',
  statusCode: 404,
  duration: '1ms',
  ip: '127.0.0.1',
  response: undefined
}
2025-08-20T17:13:33.848Z [INFO]: Request completed {
  method: 'GET',
  url: '/src/main.tsx?v=6bEVolPIO7cMB4RcL0TSO',
  statusCode: 200,
  duration: '2ms',
  ip: '127.0.0.1',
  response: undefined
}
2025-08-20T17:13:34.274Z [INFO]: Request completed {
  method: 'GET',
  url: '/@fs/C:/ledgerApp/node_modules/vite/dist/client/env.mjs',
  statusCode: 304,
  duration: '2ms',
  ip: '127.0.0.1',
  response: undefined
}
2025-08-20T17:13:34.284Z [INFO]: Request completed {
  method: 'GET',
  url: '/src/App.tsx?v=6bEVolPIO7cMB4RcL0TSO',
  statusCode: 200,
  duration: '2ms',
  ip: '127.0.0.1',
  response: undefined
}
2025-08-20T17:13:34.289Z [INFO]: Request completed {
  method: 'GET',
  url: '/src/index.css?v=6bEVolPIO7cMB4RcL0TSO',
  statusCode: 200,
  duration: '3ms',
  ip: '127.0.0.1',
  response: undefined
}
2025-08-20T17:13:34.314Z [INFO]: Request completed {
  method: 'GET',
  url: '/src/components/ui/toaster.tsx',
  statusCode: 304,
  duration: '1ms',
  ip: '127.0.0.1',
  response: undefined
}
2025-08-20T17:13:34.317Z [INFO]: Request completed {
  method: 'GET',
  url: '/src/components/ui/tooltip.tsx',
  statusCode: 304,
  duration: '1ms',
  ip: '127.0.0.1',
  response: undefined
}
2025-08-20T17:13:34.321Z [INFO]: Request completed {
  method: 'GET',
  url: '/src/lib/auth-store.ts',
  statusCode: 304,
  duration: '2ms',
  ip: '127.0.0.1',
  response: undefined
}
2025-08-20T17:13:34.324Z [INFO]: Request completed {
  method: 'GET',
  url: '/src/lib/queryClient.ts',
  statusCode: 304,
  duration: '2ms',
  ip: '127.0.0.1',
  response: undefined
}
2025-08-20T17:13:34.329Z [INFO]: Request completed {
  method: 'GET',
  url: '/src/components/layout/BusinessAppShell.tsx',
  statusCode: 304,
  duration: '2ms',
  ip: '127.0.0.1',
  response: undefined
}
2025-08-20T17:13:34.333Z [INFO]: Request completed {
  method: 'GET',
  url: '/src/components/layout/SuperAdminAppShell.tsx',
  statusCode: 304,
  duration: '1ms',
  ip: '127.0.0.1',
  response: undefined
}
2025-08-20T17:13:34.336Z [INFO]: Request completed {
  method: 'GET',
  url: '/src/pages/business/Login.tsx',
  statusCode: 304,
  duration: '1ms',
  ip: '127.0.0.1',
  response: undefined
}
2025-08-20T17:13:34.340Z [INFO]: Request completed {
  method: 'GET',
  url: '/src/pages/business/Dashboard.tsx',
  statusCode: 304,
  duration: '1ms',
  ip: '127.0.0.1',
  response: undefined
}
2025-08-20T17:13:34.344Z [INFO]: Request completed {
  method: 'GET',
  url: '/src/pages/business/Accounts.tsx',
  statusCode: 304,
  duration: '2ms',
  ip: '127.0.0.1',
  response: undefined
}
2025-08-20T17:13:34.347Z [INFO]: Request completed {
  method: 'GET',
  url: '/src/pages/business/Cashbook.tsx',
  statusCode: 304,
  duration: '1ms',
  ip: '127.0.0.1',
  response: undefined
}
2025-08-20T17:13:34.350Z [INFO]: Request completed {
  method: 'GET',
  url: '/src/pages/business/Invoices.tsx',
  statusCode: 304,
  duration: '1ms',
  ip: '127.0.0.1',
  response: undefined
}
2025-08-20T17:13:34.356Z [INFO]: Request completed {
  method: 'GET',
  url: '/src/pages/business/Inventory.tsx',
  statusCode: 304,
  duration: '2ms',
  ip: '127.0.0.1',
  response: undefined
}
2025-08-20T17:13:34.360Z [INFO]: Request completed {
  method: 'GET',
  url: '/src/pages/business/Reports.tsx',
  statusCode: 304,
  duration: '2ms',
  ip: '127.0.0.1',
  response: undefined
}
2025-08-20T17:13:34.363Z [INFO]: Request completed {
  method: 'GET',
  url: '/src/pages/business/Settings.tsx',
  statusCode: 304,
  duration: '1ms',
  ip: '127.0.0.1',
  response: undefined
}
2025-08-20T17:13:34.366Z [INFO]: Request completed {
  method: 'GET',
  url: '/src/pages/admin/Dashboard.tsx',
  statusCode: 304,
  duration: '2ms',
  ip: '127.0.0.1',
  response: undefined
}
2025-08-20T17:13:34.369Z [INFO]: Request completed {
  method: 'GET',
  url: '/src/pages/admin/Businesses.tsx',
  statusCode: 304,
  duration: '1ms',
  ip: '127.0.0.1',
  response: undefined
}
2025-08-20T17:13:34.372Z [INFO]: Request completed {
  method: 'GET',
  url: '/src/pages/admin/Branches.tsx',
  statusCode: 304,
  duration: '1ms',
  ip: '127.0.0.1',
  response: undefined
}
2025-08-20T17:13:34.377Z [INFO]: Request completed {
  method: 'GET',
  url: '/src/pages/admin/AppSettings.tsx',
  statusCode: 304,
  duration: '2ms',
  ip: '127.0.0.1',
  response: undefined
}
2025-08-20T17:13:34.381Z [INFO]: Request completed {
  method: 'GET',
  url: '/src/pages/admin/Audit.tsx',
  statusCode: 304,
  duration: '1ms',
  ip: '127.0.0.1',
  response: undefined
}
2025-08-20T17:13:34.384Z [INFO]: Request completed {
  method: 'GET',
  url: '/src/pages/admin/Feedback.tsx',
  statusCode: 304,
  duration: '2ms',
  ip: '127.0.0.1',
  response: undefined
}
2025-08-20T17:13:34.387Z [INFO]: Request completed {
  method: 'GET',
  url: '/src/pages/admin/Diagnostics.tsx',
  statusCode: 304,
  duration: '1ms',
  ip: '127.0.0.1',
  response: undefined
}
2025-08-20T17:13:34.390Z [INFO]: Request completed {
  method: 'GET',
  url: '/src/components/ui/toast.tsx',
  statusCode: 304,
  duration: '1ms',
  ip: '127.0.0.1',
  response: undefined
}
2025-08-20T17:13:34.394Z [INFO]: Request completed {
  method: 'GET',
  url: '/src/pages/admin/Login.tsx',
  statusCode: 304,
  duration: '2ms',
  ip: '127.0.0.1',
  response: undefined
}
2025-08-20T17:13:34.397Z [INFO]: Request completed {
  method: 'GET',
  url: '/src/pages/admin/UsersRoles.tsx',
  statusCode: 304,
  duration: '1ms',
  ip: '127.0.0.1',
  response: undefined
}
2025-08-20T17:13:34.400Z [INFO]: Request completed {
  method: 'GET',
  url: '/src/hooks/use-toast.ts',
  statusCode: 304,
  duration: '2ms',
  ip: '127.0.0.1',
  response: undefined
}
2025-08-20T17:13:34.403Z [INFO]: Request completed {
  method: 'GET',
  url: '/src/components/layout/LedgerLayout.tsx',
  statusCode: 304,
  duration: '1ms',
  ip: '127.0.0.1',
  response: undefined
}
2025-08-20T17:13:34.408Z [INFO]: Request completed {
  method: 'GET',
  url: '/src/components/layout/AppHeader.tsx',
  statusCode: 304,
  duration: '3ms',
  ip: '127.0.0.1',
  response: undefined
}
2025-08-20T17:13:34.412Z [INFO]: Request completed {
  method: 'GET',
  url: '/src/components/layout/MobileNavDrawer.tsx',
  statusCode: 304,
  duration: '1ms',
  ip: '127.0.0.1',
  response: undefined
}
2025-08-20T17:13:34.416Z [INFO]: Request completed {
  method: 'GET',
  url: '/src/components/layout/MobileBottomNav.tsx',
  statusCode: 304,
  duration: '2ms',
  ip: '127.0.0.1',
  response: undefined
}
2025-08-20T17:13:34.419Z [INFO]: Request completed {
  method: 'GET',
  url: '/src/components/layout/Breadcrumb.tsx',
  statusCode: 304,
  duration: '2ms',
  ip: '127.0.0.1',
  response: undefined
}
2025-08-20T17:13:34.422Z [INFO]: Request completed {
  method: 'GET',
  url: '/src/components/ui/button.tsx',
  statusCode: 304,
  duration: '2ms',
  ip: '127.0.0.1',
  response: undefined
}
2025-08-20T17:13:34.426Z [INFO]: Request completed {
  method: 'GET',
  url: '/src/components/ui/input.tsx',
  statusCode: 304,
  duration: '2ms',
  ip: '127.0.0.1',
  response: undefined
}
2025-08-20T17:13:34.432Z [INFO]: Request completed {
  method: 'GET',
  url: '/src/components/ui/label.tsx',
  statusCode: 304,
  duration: '3ms',
  ip: '127.0.0.1',
  response: undefined
}
2025-08-20T17:13:34.435Z [INFO]: Request completed {
  method: 'GET',
  url: '/src/components/ui/card.tsx',
  statusCode: 304,
  duration: '2ms',
  ip: '127.0.0.1',
  response: undefined
}
2025-08-20T17:13:34.441Z [INFO]: Request completed {
  method: 'GET',
  url: '/src/lib/design-tokens.ts',
  statusCode: 304,
  duration: '2ms',
  ip: '127.0.0.1',
  response: undefined
}
2025-08-20T17:13:34.446Z [INFO]: Request completed {
  method: 'GET',
  url: '/src/lib/api.ts',
  statusCode: 304,
  duration: '2ms',
  ip: '127.0.0.1',
  response: undefined
}
2025-08-20T17:13:34.450Z [INFO]: Request completed {
  method: 'GET',
  url: '/src/components/ui/alert.tsx',
  statusCode: 304,
  duration: '2ms',
  ip: '127.0.0.1',
  response: undefined
}
2025-08-20T17:13:34.454Z [INFO]: Request completed {
  method: 'GET',
  url: '/src/components/ui/skeleton.tsx',
  statusCode: 304,
  duration: '2ms',
  ip: '127.0.0.1',
  response: undefined
}
2025-08-20T17:13:34.460Z [INFO]: Request completed {
  method: 'GET',
  url: '/src/components/modals/CashEntryModal.tsx',
  statusCode: 304,
  duration: '4ms',
  ip: '127.0.0.1',
  response: undefined
}
2025-08-20T17:13:34.469Z [INFO]: Request completed {
  method: 'GET',
  url: '/src/components/modals/CreateInvoiceModal.tsx',
  statusCode: 304,
  duration: '5ms',
  ip: '127.0.0.1',
  response: undefined
}
2025-08-20T17:13:34.474Z [INFO]: Request completed {
  method: 'GET',
  url: '/src/lib/utils.ts',
  statusCode: 304,
  duration: '3ms',
  ip: '127.0.0.1',
  response: undefined
}
2025-08-20T17:13:34.480Z [INFO]: Request completed {
  method: 'GET',
  url: '/src/components/layout/SidebarNav.tsx',
  statusCode: 304,
  duration: '2ms',
  ip: '127.0.0.1',
  response: undefined
}
2025-08-20T17:13:34.483Z [INFO]: Request completed {
  method: 'GET',
  url: '/src/components/ui/badge.tsx',
  statusCode: 304,
  duration: '1ms',
  ip: '127.0.0.1',
  response: undefined
}
2025-08-20T17:13:34.491Z [INFO]: Request completed {
  method: 'GET',
  url: '/src/components/reports/StatementGenerator.tsx',
  statusCode: 304,
  duration: '2ms',
  ip: '127.0.0.1',
  response: undefined
}
2025-08-20T17:13:34.496Z [INFO]: Request completed {
  method: 'GET',
  url: '/src/components/modals/BulkOperationsModal.tsx',
  statusCode: 304,
  duration: '3ms',
  ip: '127.0.0.1',
  response: undefined
}
2025-08-20T17:13:34.501Z [INFO]: Request completed {
  method: 'GET',
  url: '/src/components/ui/dialog.tsx',
  statusCode: 304,
  duration: '2ms',
  ip: '127.0.0.1',
  response: undefined
}
2025-08-20T17:13:34.508Z [INFO]: Request completed {
  method: 'GET',
  url: '/src/components/ui/select.tsx',
  statusCode: 304,
  duration: '2ms',
  ip: '127.0.0.1',
  response: undefined
}
2025-08-20T17:13:34.512Z [INFO]: Request completed {
  method: 'GET',
  url: '/src/components/ui/switch.tsx',
  statusCode: 304,
  duration: '2ms',
  ip: '127.0.0.1',
  response: undefined
}
2025-08-20T17:13:34.516Z [INFO]: Request completed {
  method: 'GET',
  url: '/src/components/ui/textarea.tsx',
  statusCode: 304,
  duration: '2ms',
  ip: '127.0.0.1',
  response: undefined
}
2025-08-20T17:13:34.524Z [INFO]: Request completed {
  method: 'GET',
  url: '/src/components/ui/tabs.tsx',
  statusCode: 304,
  duration: '3ms',
  ip: '127.0.0.1',
  response: undefined
}
2025-08-20T17:13:34.528Z [INFO]: Request completed {
  method: 'GET',
  url: '/src/components/ui/sheet.tsx',
  statusCode: 304,
  duration: '2ms',
  ip: '127.0.0.1',
  response: undefined
}
2025-08-20T17:13:34.533Z [INFO]: Request completed {
  method: 'GET',
  url: '/src/components/ui/scroll-area.tsx',
  statusCode: 304,
  duration: '2ms',
  ip: '127.0.0.1',
  response: undefined
}
2025-08-20T17:13:34.536Z [INFO]: Request completed {
  method: 'GET',
  url: '/src/lib/photo-utils.ts',
  statusCode: 304,
  duration: '1ms',
  ip: '127.0.0.1',
  response: undefined
}
2025-08-20T17:13:34.541Z [INFO]: Request completed {
  method: 'GET',
  url: '/src/components/ui/form.tsx',
  statusCode: 304,
  duration: '2ms',
  ip: '127.0.0.1',
  response: undefined
}
2025-08-20T17:13:34.544Z [INFO]: Request completed {
  method: 'GET',
  url: '/src/components/ui/table.tsx',
  statusCode: 304,
  duration: '1ms',
  ip: '127.0.0.1',
  response: undefined
}
2025-08-20T17:13:34.546Z [INFO]: Request completed {
  method: 'GET',
  url: '/src/components/ui/loading.tsx',
  statusCode: 304,
  duration: '1ms',
  ip: '127.0.0.1',
  response: undefined
}
2025-08-20T17:13:34.549Z [INFO]: Request completed {
  method: 'GET',
  url: '/src/components/ui/progress.tsx',
  statusCode: 304,
  duration: '1ms',
  ip: '127.0.0.1',
  response: undefined
}
2025-08-20T17:13:35.690Z [INFO]: Request completed {
  method: 'GET',
  url: '/api/businesses',
  statusCode: 304,
  duration: '1039ms',
  ip: '127.0.0.1',
  response: undefined
}
2025-08-20T17:13:36.278Z [INFO]: Request completed {
  method: 'GET',
  url: '/sw.js',
  statusCode: 304,
  duration: '3ms',
  ip: '127.0.0.1',
  response: undefined
}
2025-08-20T17:13:37.450Z [INFO]: Request completed {
  method: 'GET',
  url: '/api/branches?businessId=biz_vm6cc68ua',
  statusCode: 304,
  duration: '273ms',
  ip: '127.0.0.1',
  response: undefined
}
2025-08-20T17:14:14.754Z [INFO]: Request completed {
  method: 'GET',
  url: '/api/branches/business/biz_vm6cc68ua',
  statusCode: 403,
  duration: '5ms',
  ip: '127.0.0.1',
  response: undefined
}
2025-08-20T17:14:34.096Z [INFO]: Request completed {
  method: 'GET',
  url: '/api/branches/business/biz_vm6cc68ua',
  statusCode: 403,
  duration: '5ms',
  ip: '127.0.0.1',
  response: undefined
}
2025-08-20T17:43:04.949Z [INFO]: Request completed {
  method: 'GET',
  url: '/api/branches/business/biz_vm6cc68ua',
  statusCode: 403,
  duration: '5ms',
  ip: '127.0.0.1',
  response: undefined
}
2025-08-20T17:43:15.030Z [INFO]: Request completed {
  method: 'GET',
  url: '/',
  statusCode: 200,
  duration: '66ms',
  ip: '127.0.0.1',
  response: undefined
}
2025-08-20T17:43:15.076Z [INFO]: Request completed {
  method: 'GET',
  url: '/@vite/client',
  statusCode: 304,
  duration: '1ms',
  ip: '127.0.0.1',
  response: undefined
}
2025-08-20T17:43:15.087Z [INFO]: Request completed {
  method: 'GET',
  url: '/src/main.tsx?v=Og3QBhWpRy3_KleV5TE-0',
  statusCode: 200,
  duration: '7ms',
  ip: '127.0.0.1',
  response: undefined
}
2025-08-20T17:43:15.090Z [INFO]: Request completed {
  method: 'GET',
  url: '/.well-known/appspecific/com.chrome.devtools.json',
  statusCode: 404,
  duration: '2ms',
  ip: '127.0.0.1',
  response: undefined
}
2025-08-20T17:43:15.806Z [INFO]: Request completed {
  method: 'GET',
  url: '/@react-refresh',
  statusCode: 304,
  duration: '2ms',
  ip: '127.0.0.1',
  response: undefined
}
2025-08-20T17:43:15.811Z [INFO]: Request completed {
  method: 'GET',
  url: '/@fs/C:/ledgerApp/node_modules/vite/dist/client/env.mjs',
  statusCode: 304,
  duration: '2ms',
  ip: '127.0.0.1',
  response: undefined
}
2025-08-20T17:43:15.817Z [INFO]: Request completed {
  method: 'GET',
  url: '/src/App.tsx?v=Og3QBhWpRy3_KleV5TE-0',
  statusCode: 200,
  duration: '4ms',
  ip: '127.0.0.1',
  response: undefined
}
2025-08-20T17:43:15.822Z [INFO]: Request completed {
  method: 'GET',
  url: '/src/index.css?v=Og3QBhWpRy3_KleV5TE-0',
  statusCode: 200,
  duration: '2ms',
  ip: '127.0.0.1',
  response: undefined
}
2025-08-20T17:43:15.846Z [INFO]: Request completed {
  method: 'GET',
  url: '/src/components/ui/toaster.tsx',
  statusCode: 304,
  duration: '2ms',
  ip: '127.0.0.1',
  response: undefined
}
2025-08-20T17:43:15.851Z [INFO]: Request completed {
  method: 'GET',
  url: '/src/lib/queryClient.ts',
  statusCode: 304,
  duration: '2ms',
  ip: '127.0.0.1',
  response: undefined
}
2025-08-20T17:43:15.855Z [INFO]: Request completed {
  method: 'GET',
  url: '/src/components/layout/BusinessAppShell.tsx',
  statusCode: 304,
  duration: '2ms',
  ip: '127.0.0.1',
  response: undefined
}
2025-08-20T17:43:15.858Z [INFO]: Request completed {
  method: 'GET',
  url: '/src/components/layout/SuperAdminAppShell.tsx',
  statusCode: 304,
  duration: '2ms',
  ip: '127.0.0.1',
  response: undefined
}
2025-08-20T17:43:15.861Z [INFO]: Request completed {
  method: 'GET',
  url: '/src/pages/business/Login.tsx',
  statusCode: 304,
  duration: '1ms',
  ip: '127.0.0.1',
  response: undefined
}
2025-08-20T17:43:15.865Z [INFO]: Request completed {
  method: 'GET',
  url: '/src/pages/admin/Login.tsx',
  statusCode: 304,
  duration: '2ms',
  ip: '127.0.0.1',
  response: undefined
}
2025-08-20T17:43:15.869Z [INFO]: Request completed {
  method: 'GET',
  url: '/src/pages/business/Dashboard.tsx',
  statusCode: 304,
  duration: '2ms',
  ip: '127.0.0.1',
  response: undefined
}
2025-08-20T17:43:15.873Z [INFO]: Request completed {
  method: 'GET',
  url: '/src/pages/business/Accounts.tsx',
  statusCode: 304,
  duration: '2ms',
  ip: '127.0.0.1',
  response: undefined
}
2025-08-20T17:43:15.878Z [INFO]: Request completed {
  method: 'GET',
  url: '/src/pages/business/Cashbook.tsx',
  statusCode: 304,
  duration: '2ms',
  ip: '127.0.0.1',
  response: undefined
}
2025-08-20T17:43:15.882Z [INFO]: Request completed {
  method: 'GET',
  url: '/src/pages/business/Invoices.tsx',
  statusCode: 304,
  duration: '2ms',
  ip: '127.0.0.1',
  response: undefined
}
2025-08-20T17:43:15.886Z [INFO]: Request completed {
  method: 'GET',
  url: '/src/components/ui/tooltip.tsx',
  statusCode: 304,
  duration: '2ms',
  ip: '127.0.0.1',
  response: undefined
}
2025-08-20T17:43:15.890Z [INFO]: Request completed {
  method: 'GET',
  url: '/src/lib/auth-store.ts',
  statusCode: 304,
  duration: '2ms',
  ip: '127.0.0.1',
  response: undefined
}
2025-08-20T17:43:15.894Z [INFO]: Request completed {
  method: 'GET',
  url: '/src/pages/business/Inventory.tsx',
  statusCode: 304,
  duration: '2ms',
  ip: '127.0.0.1',
  response: undefined
}
2025-08-20T17:43:15.900Z [INFO]: Request completed {
  method: 'GET',
  url: '/src/pages/business/Reports.tsx',
  statusCode: 304,
  duration: '3ms',
  ip: '127.0.0.1',
  response: undefined
}
2025-08-20T17:43:15.906Z [INFO]: Request completed {
  method: 'GET',
  url: '/src/pages/business/Settings.tsx',
  statusCode: 304,
  duration: '4ms',
  ip: '127.0.0.1',
  response: undefined
}
2025-08-20T17:43:15.912Z [INFO]: Request completed {
  method: 'GET',
  url: '/src/pages/admin/Dashboard.tsx',
  statusCode: 304,
  duration: '2ms',
  ip: '127.0.0.1',
  response: undefined
}
2025-08-20T17:43:15.917Z [INFO]: Request completed {
  method: 'GET',
  url: '/src/pages/admin/Branches.tsx',
  statusCode: 304,
  duration: '2ms',
  ip: '127.0.0.1',
  response: undefined
}
2025-08-20T17:43:15.923Z [INFO]: Request completed {
  method: 'GET',
  url: '/src/pages/admin/UsersRoles.tsx',
  statusCode: 304,
  duration: '5ms',
  ip: '127.0.0.1',
  response: undefined
}
2025-08-20T17:43:15.926Z [INFO]: Request completed {
  method: 'GET',
  url: '/src/pages/admin/AppSettings.tsx',
  statusCode: 304,
  duration: '1ms',
  ip: '127.0.0.1',
  response: undefined
}
2025-08-20T17:43:15.931Z [INFO]: Request completed {
  method: 'GET',
  url: '/src/pages/admin/Audit.tsx',
  statusCode: 304,
  duration: '2ms',
  ip: '127.0.0.1',
  response: undefined
}
2025-08-20T17:43:15.934Z [INFO]: Request completed {
  method: 'GET',
  url: '/src/pages/admin/Feedback.tsx',
  statusCode: 304,
  duration: '1ms',
  ip: '127.0.0.1',
  response: undefined
}
2025-08-20T17:43:15.938Z [INFO]: Request completed {
  method: 'GET',
  url: '/src/pages/admin/Diagnostics.tsx',
  statusCode: 304,
  duration: '2ms',
  ip: '127.0.0.1',
  response: undefined
}
2025-08-20T17:43:15.941Z [INFO]: Request completed {
  method: 'GET',
  url: '/src/hooks/use-toast.ts',
  statusCode: 304,
  duration: '1ms',
  ip: '127.0.0.1',
  response: undefined
}
2025-08-20T17:43:15.944Z [INFO]: Request completed {
  method: 'GET',
  url: '/src/components/ui/toast.tsx',
  statusCode: 304,
  duration: '2ms',
  ip: '127.0.0.1',
  response: undefined
}
2025-08-20T17:43:15.948Z [INFO]: Request completed {
  method: 'GET',
  url: '/src/components/layout/LedgerLayout.tsx',
  statusCode: 304,
  duration: '2ms',
  ip: '127.0.0.1',
  response: undefined
}
2025-08-20T17:43:15.953Z [INFO]: Request completed {
  method: 'GET',
  url: '/src/components/layout/AppHeader.tsx',
  statusCode: 304,
  duration: '2ms',
  ip: '127.0.0.1',
  response: undefined
}
2025-08-20T17:43:15.956Z [INFO]: Request completed {
  method: 'GET',
  url: '/src/components/layout/SidebarNav.tsx',
  statusCode: 304,
  duration: '2ms',
  ip: '127.0.0.1',
  response: undefined
}
2025-08-20T17:43:15.959Z [INFO]: Request completed {
  method: 'GET',
  url: '/src/components/layout/MobileNavDrawer.tsx',
  statusCode: 304,
  duration: '2ms',
  ip: '127.0.0.1',
  response: undefined
}
2025-08-20T17:43:15.962Z [INFO]: Request completed {
  method: 'GET',
  url: '/src/components/layout/MobileBottomNav.tsx',
  statusCode: 304,
  duration: '2ms',
  ip: '127.0.0.1',
  response: undefined
}
2025-08-20T17:43:15.965Z [INFO]: Request completed {
  method: 'GET',
  url: '/src/components/layout/Breadcrumb.tsx',
  statusCode: 304,
  duration: '1ms',
  ip: '127.0.0.1',
  response: undefined
}
2025-08-20T17:43:15.971Z [INFO]: Request completed {
  method: 'GET',
  url: '/src/components/ui/button.tsx',
  statusCode: 304,
  duration: '4ms',
  ip: '127.0.0.1',
  response: undefined
}
2025-08-20T17:43:15.975Z [INFO]: Request completed {
  method: 'GET',
  url: '/src/pages/admin/Businesses.tsx',
  statusCode: 304,
  duration: '2ms',
  ip: '127.0.0.1',
  response: undefined
}
2025-08-20T17:43:15.978Z [INFO]: Request completed {
  method: 'GET',
  url: '/src/components/ui/input.tsx',
  statusCode: 304,
  duration: '2ms',
  ip: '127.0.0.1',
  response: undefined
}
2025-08-20T17:43:15.981Z [INFO]: Request completed {
  method: 'GET',
  url: '/src/components/ui/label.tsx',
  statusCode: 304,
  duration: '1ms',
  ip: '127.0.0.1',
  response: undefined
}
2025-08-20T17:43:15.986Z [INFO]: Request completed {
  method: 'GET',
  url: '/src/components/ui/card.tsx',
  statusCode: 304,
  duration: '2ms',
  ip: '127.0.0.1',
  response: undefined
}
2025-08-20T17:43:15.989Z [INFO]: Request completed {
  method: 'GET',
  url: '/src/lib/design-tokens.ts',
  statusCode: 304,
  duration: '1ms',
  ip: '127.0.0.1',
  response: undefined
}
2025-08-20T17:43:15.992Z [INFO]: Request completed {
  method: 'GET',
  url: '/src/lib/api.ts',
  statusCode: 304,
  duration: '1ms',
  ip: '127.0.0.1',
  response: undefined
}
2025-08-20T17:43:15.995Z [INFO]: Request completed {
  method: 'GET',
  url: '/src/components/ui/alert.tsx',
  statusCode: 304,
  duration: '1ms',
  ip: '127.0.0.1',
  response: undefined
}
2025-08-20T17:43:15.997Z [INFO]: Request completed {
  method: 'GET',
  url: '/src/components/ui/skeleton.tsx',
  statusCode: 304,
  duration: '1ms',
  ip: '127.0.0.1',
  response: undefined
}
2025-08-20T17:43:16.000Z [INFO]: Request completed {
  method: 'GET',
  url: '/src/components/ui/badge.tsx',
  statusCode: 304,
  duration: '1ms',
  ip: '127.0.0.1',
  response: undefined
}
2025-08-20T17:43:16.003Z [INFO]: Request completed {
  method: 'GET',
  url: '/src/components/modals/CashEntryModal.tsx',
  statusCode: 304,
  duration: '1ms',
  ip: '127.0.0.1',
  response: undefined
}
2025-08-20T17:43:16.008Z [INFO]: Request completed {
  method: 'GET',
  url: '/src/components/modals/CreateInvoiceModal.tsx',
  statusCode: 304,
  duration: '2ms',
  ip: '127.0.0.1',
  response: undefined
}
2025-08-20T17:43:16.011Z [INFO]: Request completed {
  method: 'GET',
  url: '/src/components/reports/StatementGenerator.tsx',
  statusCode: 304,
  duration: '1ms',
  ip: '127.0.0.1',
  response: undefined
}
2025-08-20T17:43:16.015Z [INFO]: Request completed {
  method: 'GET',
  url: '/src/components/modals/BulkOperationsModal.tsx',
  statusCode: 304,
  duration: '2ms',
  ip: '127.0.0.1',
  response: undefined
}
2025-08-20T17:43:16.018Z [INFO]: Request completed {
  method: 'GET',
  url: '/src/components/ui/dialog.tsx',
  statusCode: 304,
  duration: '2ms',
  ip: '127.0.0.1',
  response: undefined
}
2025-08-20T17:43:16.021Z [INFO]: Request completed {
  method: 'GET',
  url: '/src/components/ui/select.tsx',
  statusCode: 304,
  duration: '1ms',
  ip: '127.0.0.1',
  response: undefined
}
2025-08-20T17:43:16.024Z [INFO]: Request completed {
  method: 'GET',
  url: '/src/lib/utils.ts',
  statusCode: 304,
  duration: '1ms',
  ip: '127.0.0.1',
  response: undefined
}
2025-08-20T17:43:16.027Z [INFO]: Request completed {
  method: 'GET',
  url: '/src/components/ui/switch.tsx',
  statusCode: 304,
  duration: '1ms',
  ip: '127.0.0.1',
  response: undefined
}
2025-08-20T17:43:16.031Z [INFO]: Request completed {
  method: 'GET',
  url: '/src/components/ui/textarea.tsx',
  statusCode: 304,
  duration: '2ms',
  ip: '127.0.0.1',
  response: undefined
}
2025-08-20T17:43:16.034Z [INFO]: Request completed {
  method: 'GET',
  url: '/src/components/ui/tabs.tsx',
  statusCode: 304,
  duration: '2ms',
  ip: '127.0.0.1',
  response: undefined
}
2025-08-20T17:43:16.038Z [INFO]: Request completed {
  method: 'GET',
  url: '/src/components/ui/sheet.tsx',
  statusCode: 304,
  duration: '2ms',
  ip: '127.0.0.1',
  response: undefined
}
2025-08-20T17:43:16.040Z [INFO]: Request completed {
  method: 'GET',
  url: '/src/components/ui/scroll-area.tsx',
  statusCode: 304,
  duration: '1ms',
  ip: '127.0.0.1',
  response: undefined
}
2025-08-20T17:43:16.044Z [INFO]: Request completed {
  method: 'GET',
  url: '/src/lib/photo-utils.ts',
  statusCode: 304,
  duration: '1ms',
  ip: '127.0.0.1',
  response: undefined
}
2025-08-20T17:43:16.047Z [INFO]: Request completed {
  method: 'GET',
  url: '/src/components/ui/form.tsx',
  statusCode: 304,
  duration: '1ms',
  ip: '127.0.0.1',
  response: undefined
}
2025-08-20T17:43:16.050Z [INFO]: Request completed {
  method: 'GET',
  url: '/src/components/ui/table.tsx',
  statusCode: 304,
  duration: '2ms',
  ip: '127.0.0.1',
  response: undefined
}
2025-08-20T17:43:16.052Z [INFO]: Request completed {
  method: 'GET',
  url: '/src/components/ui/loading.tsx',
  statusCode: 304,
  duration: '2ms',
  ip: '127.0.0.1',
  response: undefined
}
2025-08-20T17:43:16.056Z [INFO]: Request completed {
  method: 'GET',
  url: '/src/components/ui/progress.tsx',
  statusCode: 304,
  duration: '1ms',
  ip: '127.0.0.1',
  response: undefined
}
2025-08-20T17:43:16.176Z [INFO]: Request completed {
  method: 'GET',
  url: '/sw.js',
  statusCode: 304,
  duration: '2ms',
  ip: '127.0.0.1',
  response: undefined
}
2025-08-20T17:43:16.194Z [INFO]: Request completed {
  method: 'GET',
  url: '/',
  statusCode: 200,
  duration: '25ms',
  ip: '127.0.0.1',
  response: undefined
}
2025-08-20T17:43:16.206Z [INFO]: Request completed {
  method: 'GET',
  url: '/src/main.tsx',
  statusCode: 304,
  duration: '2ms',
  ip: '127.0.0.1',
  response: undefined
}
2025-08-20T17:43:16.209Z [INFO]: Request completed {
  method: 'GET',
  url: '/src/App.tsx',
  statusCode: 304,
  duration: '1ms',
  ip: '127.0.0.1',
  response: undefined
}
2025-08-20T17:43:16.216Z [INFO]: Request completed {
  method: 'GET',
  url: '/src/index.css',
  statusCode: 304,
  duration: '1ms',
  ip: '127.0.0.1',
  response: undefined
}
2025-08-20T17:43:16.232Z [INFO]: Request completed {
  method: 'GET',
  url: '/',
  statusCode: 200,
  duration: '30ms',
  ip: '127.0.0.1',
  response: undefined
}
2025-08-20T17:43:16.527Z [INFO]: Request completed {
  method: 'GET',
  url: '/api/businesses',
  statusCode: 304,
  duration: '373ms',
  ip: '127.0.0.1',
  response: undefined
}
2025-08-20T17:43:17.828Z [INFO]: Request completed {
  method: 'GET',
  url: '/api/branches?businessId=biz_vm6cc68ua',
  statusCode: 304,
  duration: '307ms',
  ip: '127.0.0.1',
  response: undefined
}
2025-08-20T17:44:35.054Z [INFO]: Request completed {
  method: 'GET',
  url: '/api/branches/business/biz_vm6cc68ua',
  statusCode: 403,
  duration: '5ms',
  ip: '127.0.0.1',
  response: undefined
}
2025-08-20T18:01:36.333Z [INFO]: Request completed {
  method: 'GET',
  url: '/sw.js',
  statusCode: 304,
  duration: '8ms',
  ip: '127.0.0.1',
  response: undefined
}
2025-08-20T18:01:48.671Z [INFO]: Request completed {
  method: 'GET',
  url: '/@vite/client',
  statusCode: 200,
  duration: '67ms',
  ip: '127.0.0.1',
  response: undefined
}
2025-08-20T18:01:48.677Z [INFO]: Request completed {
  method: 'GET',
  url: '/.well-known/appspecific/com.chrome.devtools.json',
  statusCode: 404,
  duration: '3ms',
  ip: '127.0.0.1',
  response: undefined
}
2025-08-20T18:01:49.347Z [INFO]: Request completed {
  method: 'GET',
  url: '/src/main.tsx?v=uqCpBX8fbuhBBdUZQnds_',
  statusCode: 200,
  duration: '735ms',
  ip: '127.0.0.1',
  response: undefined
}
2025-08-20T18:01:50.725Z [INFO]: Request completed {
  method: 'GET',
  url: '/@react-refresh',
  statusCode: 304,
  duration: '1ms',
  ip: '127.0.0.1',
  response: undefined
}
2025-08-20T18:01:50.728Z [INFO]: Request completed {
  method: 'GET',
  url: '/@fs/C:/ledgerApp/node_modules/vite/dist/client/env.mjs',
  statusCode: 304,
  duration: '1ms',
  ip: '127.0.0.1',
  response: undefined
}
2025-08-20T18:01:50.734Z [INFO]: Request completed {
  method: 'GET',
  url: '/src/App.tsx?v=uqCpBX8fbuhBBdUZQnds_',
  statusCode: 200,
  duration: '4ms',
  ip: '127.0.0.1',
  response: undefined
}
2025-08-20T18:01:50.741Z [INFO]: Request completed {
  method: 'GET',
  url: '/src/index.css?v=uqCpBX8fbuhBBdUZQnds_',
  statusCode: 200,
  duration: '3ms',
  ip: '127.0.0.1',
  response: undefined
}
2025-08-20T18:01:50.832Z [INFO]: Request completed {
  method: 'GET',
  url: '/src/components/ui/toaster.tsx',
  statusCode: 304,
  duration: '2ms',
  ip: '127.0.0.1',
  response: undefined
}
2025-08-20T18:01:50.836Z [INFO]: Request completed {
  method: 'GET',
  url: '/src/components/ui/tooltip.tsx',
  statusCode: 304,
  duration: '3ms',
  ip: '127.0.0.1',
  response: undefined
}
2025-08-20T18:01:50.840Z [INFO]: Request completed {
  method: 'GET',
  url: '/src/lib/auth-store.ts',
  statusCode: 304,
  duration: '2ms',
  ip: '127.0.0.1',
  response: undefined
}
2025-08-20T18:01:50.844Z [INFO]: Request completed {
  method: 'GET',
  url: '/src/lib/queryClient.ts',
  statusCode: 304,
  duration: '2ms',
  ip: '127.0.0.1',
  response: undefined
}
2025-08-20T18:01:50.849Z [INFO]: Request completed {
  method: 'GET',
  url: '/src/components/layout/BusinessAppShell.tsx',
  statusCode: 304,
  duration: '1ms',
  ip: '127.0.0.1',
  response: undefined
}
2025-08-20T18:01:50.854Z [INFO]: Request completed {
  method: 'GET',
  url: '/src/components/layout/SuperAdminAppShell.tsx',
  statusCode: 304,
  duration: '2ms',
  ip: '127.0.0.1',
  response: undefined
}
2025-08-20T18:01:50.862Z [INFO]: Request completed {
  method: 'GET',
  url: '/src/pages/admin/Login.tsx',
  statusCode: 304,
  duration: '3ms',
  ip: '127.0.0.1',
  response: undefined
}
2025-08-20T18:01:50.887Z [INFO]: Request completed {
  method: 'GET',
  url: '/src/pages/business/Login.tsx',
  statusCode: 304,
  duration: '30ms',
  ip: '127.0.0.1',
  response: undefined
}
2025-08-20T18:01:50.924Z [INFO]: Request completed {
  method: 'GET',
  url: '/src/pages/business/Accounts.tsx',
  statusCode: 304,
  duration: '59ms',
  ip: '127.0.0.1',
  response: undefined
}
2025-08-20T18:01:50.936Z [INFO]: Request completed {
  method: 'GET',
  url: '/src/pages/business/Cashbook.tsx',
  statusCode: 304,
  duration: '69ms',
  ip: '127.0.0.1',
  response: undefined
}
2025-08-20T18:01:51.021Z [INFO]: Request completed {
  method: 'GET',
  url: '/src/pages/business/Invoices.tsx',
  statusCode: 304,
  duration: '1ms',
  ip: '127.0.0.1',
  response: undefined
}
2025-08-20T18:01:51.024Z [INFO]: Request completed {
  method: 'GET',
  url: '/src/pages/business/Inventory.tsx',
  statusCode: 304,
  duration: '2ms',
  ip: '127.0.0.1',
  response: undefined
}
2025-08-20T18:01:51.028Z [INFO]: Request completed {
  method: 'GET',
  url: '/src/pages/business/Reports.tsx',
  statusCode: 304,
  duration: '2ms',
  ip: '127.0.0.1',
  response: undefined
}
2025-08-20T18:01:51.047Z [INFO]: Request completed {
  method: 'GET',
  url: '/src/pages/business/Dashboard.tsx',
  statusCode: 304,
  duration: '183ms',
  ip: '127.0.0.1',
  response: undefined
}
2025-08-20T18:01:51.085Z [INFO]: Request completed {
  method: 'GET',
  url: '/src/pages/business/Settings.tsx',
  statusCode: 304,
  duration: '2ms',
  ip: '127.0.0.1',
  response: undefined
}
2025-08-20T18:01:51.088Z [INFO]: Request completed {
  method: 'GET',
  url: '/src/pages/admin/Dashboard.tsx',
  statusCode: 304,
  duration: '2ms',
  ip: '127.0.0.1',
  response: undefined
}
2025-08-20T18:01:51.092Z [INFO]: Request completed {
  method: 'GET',
  url: '/src/pages/admin/Branches.tsx',
  statusCode: 304,
  duration: '1ms',
  ip: '127.0.0.1',
  response: undefined
}
2025-08-20T18:01:51.096Z [INFO]: Request completed {
  method: 'GET',
  url: '/src/pages/admin/AppSettings.tsx',
  statusCode: 304,
  duration: '2ms',
  ip: '127.0.0.1',
  response: undefined
}
2025-08-20T18:01:51.099Z [INFO]: Request completed {
  method: 'GET',
  url: '/src/pages/admin/Audit.tsx',
  statusCode: 304,
  duration: '1ms',
  ip: '127.0.0.1',
  response: undefined
}
2025-08-20T18:01:51.102Z [INFO]: Request completed {
  method: 'GET',
  url: '/src/pages/admin/Diagnostics.tsx',
  statusCode: 304,
  duration: '2ms',
  ip: '127.0.0.1',
  response: undefined
}
2025-08-20T18:01:51.108Z [INFO]: Request completed {
  method: 'GET',
  url: '/src/pages/admin/UsersRoles.tsx',
  statusCode: 304,
  duration: '1ms',
  ip: '127.0.0.1',
  response: undefined
}
2025-08-20T18:01:51.128Z [INFO]: Request completed {
  method: 'GET',
  url: '/src/lib/utils.ts',
  statusCode: 304,
  duration: '21ms',
  ip: '127.0.0.1',
  response: undefined
}
2025-08-20T18:01:51.129Z [INFO]: Request completed {
  method: 'GET',
  url: '/src/components/ui/toast.tsx',
  statusCode: 304,
  duration: '23ms',
  ip: '127.0.0.1',
  response: undefined
}
2025-08-20T18:01:51.146Z [INFO]: Request completed {
  method: 'GET',
  url: '/src/hooks/use-toast.ts',
  statusCode: 304,
  duration: '43ms',
  ip: '127.0.0.1',
  response: undefined
}
2025-08-20T18:01:51.158Z [INFO]: Request completed {
  method: 'GET',
  url: '/src/pages/admin/Businesses.tsx',
  statusCode: 304,
  duration: '0ms',
  ip: '127.0.0.1',
  response: undefined
}
2025-08-20T18:01:51.160Z [INFO]: Request completed {
  method: 'GET',
  url: '/src/pages/admin/Feedback.tsx',
  statusCode: 304,
  duration: '1ms',
  ip: '127.0.0.1',
  response: undefined
}
2025-08-20T18:01:51.162Z [INFO]: Request completed {
  method: 'GET',
  url: '/src/components/layout/MobileNavDrawer.tsx',
  statusCode: 304,
  duration: '2ms',
  ip: '127.0.0.1',
  response: undefined
}
2025-08-20T18:01:51.166Z [INFO]: Request completed {
  method: 'GET',
  url: '/src/components/layout/MobileBottomNav.tsx',
  statusCode: 304,
  duration: '1ms',
  ip: '127.0.0.1',
  response: undefined
}
2025-08-20T18:01:51.171Z [INFO]: Request completed {
  method: 'GET',
  url: '/src/components/ui/button.tsx',
  statusCode: 304,
  duration: '3ms',
  ip: '127.0.0.1',
  response: undefined
}
2025-08-20T18:01:51.173Z [INFO]: Request completed {
  method: 'GET',
  url: '/src/components/ui/input.tsx',
  statusCode: 304,
  duration: '1ms',
  ip: '127.0.0.1',
  response: undefined
}
2025-08-20T18:01:51.177Z [INFO]: Request completed {
  method: 'GET',
  url: '/src/components/ui/label.tsx',
  statusCode: 304,
  duration: '2ms',
  ip: '127.0.0.1',
  response: undefined
}
2025-08-20T18:01:51.180Z [INFO]: Request completed {
  method: 'GET',
  url: '/src/components/ui/card.tsx',
  statusCode: 304,
  duration: '2ms',
  ip: '127.0.0.1',
  response: undefined
}
2025-08-20T18:01:51.182Z [INFO]: Request completed {
  method: 'GET',
  url: '/src/lib/design-tokens.ts',
  statusCode: 304,
  duration: '1ms',
  ip: '127.0.0.1',
  response: undefined
}
2025-08-20T18:01:51.187Z [INFO]: Request completed {
  method: 'GET',
  url: '/src/lib/api.ts',
  statusCode: 304,
  duration: '2ms',
  ip: '127.0.0.1',
  response: undefined
}
2025-08-20T18:01:51.189Z [INFO]: Request completed {
  method: 'GET',
  url: '/src/components/ui/alert.tsx',
  statusCode: 304,
  duration: '1ms',
  ip: '127.0.0.1',
  response: undefined
}
2025-08-20T18:01:51.192Z [INFO]: Request completed {
  method: 'GET',
  url: '/src/components/ui/skeleton.tsx',
  statusCode: 304,
  duration: '2ms',
  ip: '127.0.0.1',
  response: undefined
}
2025-08-20T18:01:51.195Z [INFO]: Request completed {
  method: 'GET',
  url: '/src/components/ui/badge.tsx',
  statusCode: 304,
  duration: '1ms',
  ip: '127.0.0.1',
  response: undefined
}
2025-08-20T18:01:51.202Z [INFO]: Request completed {
  method: 'GET',
  url: '/src/components/layout/LedgerLayout.tsx',
  statusCode: 304,
  duration: '1ms',
  ip: '127.0.0.1',
  response: undefined
}
2025-08-20T18:01:51.217Z [INFO]: Request completed {
  method: 'GET',
  url: '/src/components/layout/AppHeader.tsx',
  statusCode: 304,
  duration: '1ms',
  ip: '127.0.0.1',
  response: undefined
}
2025-08-20T18:01:51.220Z [INFO]: Request completed {
  method: 'GET',
  url: '/src/components/layout/Breadcrumb.tsx',
  statusCode: 304,
  duration: '1ms',
  ip: '127.0.0.1',
  response: undefined
}
2025-08-20T18:01:51.223Z [INFO]: Request completed {
  method: 'GET',
  url: '/src/components/layout/SidebarNav.tsx',
  statusCode: 304,
  duration: '1ms',
  ip: '127.0.0.1',
  response: undefined
}
2025-08-20T18:01:51.228Z [INFO]: Request completed {
  method: 'GET',
  url: '/src/components/ui/select.tsx',
  statusCode: 304,
  duration: '0ms',
  ip: '127.0.0.1',
  response: undefined
}
2025-08-20T18:01:51.286Z [INFO]: Request completed {
  method: 'GET',
  url: '/src/components/ui/switch.tsx',
  statusCode: 304,
  duration: '1ms',
  ip: '127.0.0.1',
  response: undefined
}
2025-08-20T18:01:51.288Z [INFO]: Request completed {
  method: 'GET',
  url: '/src/components/ui/textarea.tsx',
  statusCode: 304,
  duration: '1ms',
  ip: '127.0.0.1',
  response: undefined
}
2025-08-20T18:01:51.311Z [INFO]: Request completed {
  method: 'GET',
  url: '/src/components/ui/dialog.tsx',
  statusCode: 304,
  duration: '85ms',
  ip: '127.0.0.1',
  response: undefined
}
2025-08-20T18:01:51.327Z [INFO]: Request completed {
  method: 'GET',
  url: '/src/components/ui/tabs.tsx',
  statusCode: 304,
  duration: '37ms',
  ip: '127.0.0.1',
  response: undefined
}
2025-08-20T18:01:51.328Z [INFO]: Request completed {
  method: 'GET',
  url: '/src/components/ui/sheet.tsx',
  statusCode: 304,
  duration: '5ms',
  ip: '127.0.0.1',
  response: undefined
}
2025-08-20T18:01:51.340Z [INFO]: Request completed {
  method: 'GET',
  url: '/src/components/modals/BulkOperationsModal.tsx',
  statusCode: 304,
  duration: '111ms',
  ip: '127.0.0.1',
  response: undefined
}
2025-08-20T18:01:51.341Z [INFO]: Request completed {
  method: 'GET',
  url: '/src/components/reports/StatementGenerator.tsx',
  statusCode: 304,
  duration: '116ms',
  ip: '127.0.0.1',
  response: undefined
}
2025-08-20T18:01:51.354Z [INFO]: Request completed {
  method: 'GET',
  url: '/src/components/modals/CashEntryModal.tsx',
  statusCode: 304,
  duration: '158ms',
  ip: '127.0.0.1',
  response: undefined
}
2025-08-20T18:01:51.370Z [INFO]: Request completed {
  method: 'GET',
  url: '/src/components/modals/CreateInvoiceModal.tsx',
  statusCode: 304,
  duration: '169ms',
  ip: '127.0.0.1',
  response: undefined
}
2025-08-20T18:01:51.374Z [INFO]: Request completed {
  method: 'GET',
  url: '/src/components/ui/scroll-area.tsx',
  statusCode: 304,
  duration: '2ms',
  ip: '127.0.0.1',
  response: undefined
}
2025-08-20T18:01:51.514Z [INFO]: Request completed {
  method: 'GET',
  url: '/src/components/ui/table.tsx',
  statusCode: 304,
  duration: '136ms',
  ip: '127.0.0.1',
  response: undefined
}
2025-08-20T18:01:51.525Z [INFO]: Request completed {
  method: 'GET',
  url: '/src/lib/photo-utils.ts',
  statusCode: 304,
  duration: '138ms',
  ip: '127.0.0.1',
  response: undefined
}
2025-08-20T18:01:51.529Z [INFO]: Request completed {
  method: 'GET',
  url: '/src/components/ui/progress.tsx',
  statusCode: 304,
  duration: '152ms',
  ip: '127.0.0.1',
  response: undefined
}
2025-08-20T18:01:51.531Z [INFO]: Request completed {
  method: 'GET',
  url: '/src/components/ui/form.tsx',
  statusCode: 304,
  duration: '148ms',
  ip: '127.0.0.1',
  response: undefined
}
2025-08-20T18:01:51.542Z [INFO]: Request completed {
  method: 'GET',
  url: '/src/components/ui/loading.tsx',
  statusCode: 304,
  duration: '163ms',
  ip: '127.0.0.1',
  response: undefined
}
2025-08-20T18:01:51.741Z [INFO]: Request completed {
  method: 'GET',
  url: '/',
  statusCode: 200,
  duration: '63ms',
  ip: '127.0.0.1',
  response: undefined
}
2025-08-20T18:01:52.806Z [INFO]: Request completed {
  method: 'GET',
  url: '/api/businesses',
  statusCode: 304,
  duration: '1154ms',
  ip: '127.0.0.1',
  response: undefined
}
2025-08-20T18:01:53.293Z [INFO]: Request completed {
  method: 'GET',
  url: '/sw.js',
  statusCode: 304,
  duration: '2ms',
  ip: '127.0.0.1',
  response: undefined
}
2025-08-20T18:01:54.313Z [INFO]: Request completed {
  method: 'GET',
  url: '/api/branches?businessId=biz_vm6cc68ua',
  statusCode: 304,
  duration: '286ms',
  ip: '127.0.0.1',
  response: undefined
}
2025-08-20T18:02:30.866Z [SECURITY]: Successful login {
  email: 'hana@hajjelec.com',
  userId: 'user_s5mutnm2q',
  ip: 'unknown',
  userAgent: undefined
}
2025-08-20T18:02:30.873Z [INFO]: Request completed {
  method: 'POST',
  url: '/api/auth/login',
  statusCode: 200,
  duration: '1744ms',
  ip: '127.0.0.1',
  response: undefined
}
2025-08-20T18:05:02.648Z [INFO]: Request completed {
  method: 'GET',
  url: '/src/pages/admin/Login.tsx?t=1755713102301',
  statusCode: 200,
  duration: '4ms',
  ip: '127.0.0.1',
  response: undefined
}
2025-08-20T18:05:02.657Z [INFO]: Request completed {
  method: 'GET',
  url: '/src/pages/business/Inventory.tsx?t=1755713102301',
  statusCode: 200,
  duration: '4ms',
  ip: '127.0.0.1',
  response: undefined
}
2025-08-20T18:05:02.665Z [INFO]: Request completed {
  method: 'GET',
  url: '/src/pages/admin/Branches.tsx?t=1755713102301',
  statusCode: 200,
  duration: '5ms',
  ip: '127.0.0.1',
  response: undefined
}
2025-08-20T18:05:02.671Z [INFO]: Request completed {
  method: 'GET',
  url: '/src/pages/business/Reports.tsx?t=1755713102301',
  statusCode: 200,
  duration: '4ms',
  ip: '127.0.0.1',
  response: undefined
}
2025-08-20T18:05:02.747Z [INFO]: Request completed {
  method: 'GET',
  url: '/src/pages/business/Settings.tsx?t=1755713102301',
  statusCode: 200,
  duration: '5ms',
  ip: '127.0.0.1',
  response: undefined
}
2025-08-20T18:05:02.772Z [INFO]: Request completed {
  method: 'GET',
  url: '/src/pages/business/Invoices.tsx?t=1755713102301',
  statusCode: 200,
  duration: '20ms',
  ip: '127.0.0.1',
  response: undefined
}
2025-08-20T18:05:02.805Z [INFO]: Request completed {
  method: 'GET',
  url: '/src/pages/business/Accounts.tsx?t=1755713102301',
  statusCode: 200,
  duration: '14ms',
  ip: '127.0.0.1',
  response: undefined
}
2025-08-20T18:05:02.838Z [INFO]: Request completed {
  method: 'GET',
  url: '/src/pages/business/Cashbook.tsx?t=1755713102301',
  statusCode: 200,
  duration: '11ms',
  ip: '127.0.0.1',
  response: undefined
}
2025-08-20T18:05:02.849Z [INFO]: Request completed {
  method: 'GET',
  url: '/src/pages/business/Login.tsx?t=1755713102301',
  statusCode: 200,
  duration: '9ms',
  ip: '127.0.0.1',
  response: undefined
}
2025-08-20T18:05:02.869Z [INFO]: Request completed {
  method: 'GET',
  url: '/src/pages/business/Dashboard.tsx?t=1755713102301',
  statusCode: 200,
  duration: '13ms',
  ip: '127.0.0.1',
  response: undefined
}
2025-08-20T18:05:02.885Z [INFO]: Request completed {
  method: 'GET',
  url: '/src/components/modals/CreateInvoiceModal.tsx?t=1755713102301',
  statusCode: 200,
  duration: '4ms',
  ip: '127.0.0.1',
  response: undefined
}
2025-08-20T18:05:02.898Z [INFO]: Request completed {
  method: 'GET',
  url: '/src/lib/api.ts?t=1755713102301',
  statusCode: 200,
  duration: '10ms',
  ip: '127.0.0.1',
  response: undefined
}
2025-08-20T18:05:03.318Z [INFO]: Request completed {
  method: 'GET',
  url: '/src/index.css?t=1755713102301&v=uqCpBX8fbuhBBdUZQnds_',
  statusCode: 200,
  duration: '667ms',
  ip: '127.0.0.1',
  response: undefined
}
2025-08-20T18:05:04.591Z [INFO]: Request completed {
  method: 'GET',
  url: '/api/businesses',
  statusCode: 304,
  duration: '267ms',
  ip: '127.0.0.1',
  response: undefined
}
2025-08-20T18:05:07.230Z [INFO]: Request completed {
  method: 'GET',
  url: '/api/branches?businessId=biz_vm6cc68ua',
  statusCode: 304,
  duration: '2900ms',
  ip: '127.0.0.1',
  response: undefined
}
2025-08-20T18:05:37.515Z [SECURITY]: Failed login {
  email: 'admin@system.com',
  reason: 'User not found',
  ip: 'unknown',
  userAgent: undefined
}
2025-08-20T18:05:37.519Z [INFO]: Request completed {
  method: 'POST',
  url: '/api/auth/admin/login',
  statusCode: 200,
  duration: '280ms',
  ip: '127.0.0.1',
  response: undefined
}
2025-08-20T18:05:48.196Z [INFO]: Request completed {
  method: 'GET',
  url: '/src/App.tsx?t=1755713148160&v=uqCpBX8fbuhBBdUZQnds_',
  statusCode: 200,
  duration: '22ms',
  ip: '127.0.0.1',
  response: undefined
}
2025-08-20T18:05:48.636Z [INFO]: Request completed {
  method: 'GET',
  url: '/src/index.css?t=1755713148160&v=uqCpBX8fbuhBBdUZQnds_',
  statusCode: 200,
  duration: '436ms',
  ip: '127.0.0.1',
  response: undefined
}
2025-08-20T18:05:48.644Z [INFO]: Request completed {
  method: 'GET',
  url: '/src/components/layout/SuperAdminAppShell.tsx?t=1755713148160',
  statusCode: 200,
  duration: '3ms',
  ip: '127.0.0.1',
  response: undefined
}
2025-08-20T18:05:48.654Z [INFO]: Request completed {
  method: 'GET',
  url: '/src/pages/admin/Login.tsx?t=1755713148160',
  statusCode: 200,
  duration: '5ms',
  ip: '127.0.0.1',
  response: undefined
}
2025-08-20T18:05:48.663Z [INFO]: Request completed {
  method: 'GET',
  url: '/src/pages/business/Inventory.tsx?t=1755713148160',
  statusCode: 200,
  duration: '4ms',
  ip: '127.0.0.1',
  response: undefined
}
2025-08-20T18:05:48.671Z [INFO]: Request completed {
  method: 'GET',
  url: '/src/pages/admin/Branches.tsx?t=1755713148160',
  statusCode: 200,
  duration: '2ms',
  ip: '127.0.0.1',
  response: undefined
}
2025-08-20T18:05:48.677Z [INFO]: Request completed {
  method: 'GET',
  url: '/src/pages/business/Reports.tsx?t=1755713148160',
  statusCode: 200,
  duration: '3ms',
  ip: '127.0.0.1',
  response: undefined
}
2025-08-20T18:05:48.689Z [INFO]: Request completed {
  method: 'GET',
  url: '/src/pages/business/Settings.tsx?t=1755713148160',
  statusCode: 200,
  duration: '9ms',
  ip: '127.0.0.1',
  response: undefined
}
2025-08-20T18:05:48.699Z [INFO]: Request completed {
  method: 'GET',
  url: '/src/pages/business/Login.tsx?t=1755713148160',
  statusCode: 200,
  duration: '7ms',
  ip: '127.0.0.1',
  response: undefined
}
2025-08-20T18:05:48.706Z [INFO]: Request completed {
  method: 'GET',
  url: '/src/pages/business/Invoices.tsx?t=1755713148160',
  statusCode: 200,
  duration: '4ms',
  ip: '127.0.0.1',
  response: undefined
}
2025-08-20T18:05:48.712Z [INFO]: Request completed {
  method: 'GET',
  url: '/src/pages/business/Accounts.tsx?t=1755713148160',
  statusCode: 200,
  duration: '3ms',
  ip: '127.0.0.1',
  response: undefined
}
2025-08-20T18:05:48.723Z [INFO]: Request completed {
  method: 'GET',
  url: '/src/pages/business/Cashbook.tsx?t=1755713148160',
  statusCode: 200,
  duration: '3ms',
  ip: '127.0.0.1',
  response: undefined
}
2025-08-20T18:05:48.728Z [INFO]: Request completed {
  method: 'GET',
  url: '/src/pages/business/Dashboard.tsx?t=1755713148160',
  statusCode: 200,
  duration: '3ms',
  ip: '127.0.0.1',
  response: undefined
}
2025-08-20T18:05:48.736Z [INFO]: Request completed {
  method: 'GET',
  url: '/src/components/layout/SidebarNav.tsx?t=1755713148160',
  statusCode: 200,
  duration: '4ms',
  ip: '127.0.0.1',
  response: undefined
}
2025-08-20T18:05:48.742Z [INFO]: Request completed {
  method: 'GET',
  url: '/src/components/layout/MobileBottomNav.tsx?t=1755713148160',
  statusCode: 200,
  duration: '3ms',
  ip: '127.0.0.1',
  response: undefined
}
2025-08-20T18:05:48.747Z [INFO]: Request completed {
  method: 'GET',
  url: '/src/components/layout/Breadcrumb.tsx?t=1755713148160',
  statusCode: 200,
  duration: '3ms',
  ip: '127.0.0.1',
  response: undefined
}
2025-08-20T18:05:48.754Z [INFO]: Request completed {
  method: 'GET',
  url: '/src/components/layout/AppHeader.tsx?t=1755713148160',
  statusCode: 200,
  duration: '3ms',
  ip: '127.0.0.1',
  response: undefined
}
2025-08-20T18:05:48.759Z [INFO]: Request completed {
  method: 'GET',
  url: '/src/components/modals/CreateInvoiceModal.tsx?t=1755713148160',
  statusCode: 200,
  duration: '2ms',
  ip: '127.0.0.1',
  response: undefined
}
2025-08-20T18:05:48.764Z [INFO]: Request completed {
  method: 'GET',
  url: '/src/components/layout/MobileNavDrawer.tsx?t=1755713148160',
  statusCode: 200,
  duration: '3ms',
  ip: '127.0.0.1',
  response: undefined
}
2025-08-20T18:05:48.775Z [INFO]: Request completed {
  method: 'GET',
  url: '/src/lib/auth-store.ts?t=1755713148160',
  statusCode: 200,
  duration: '5ms',
  ip: '127.0.0.1',
  response: undefined
}
2025-08-20T18:05:48.781Z [INFO]: Request completed {
  method: 'GET',
  url: '/src/lib/api.ts?t=1755713148160',
  statusCode: 200,
  duration: '4ms',
  ip: '127.0.0.1',
  response: undefined
}
2025-08-20T18:05:49.589Z [INFO]: Request completed {
  method: 'GET',
  url: '/api/branches?businessId=biz_vm6cc68ua',
  statusCode: 304,
  duration: '268ms',
  ip: '127.0.0.1',
  response: undefined
}
2025-08-20T18:05:50.417Z [INFO]: Request completed {
  method: 'GET',
  url: '/api/businesses',
  statusCode: 304,
  duration: '1099ms',
  ip: '127.0.0.1',
  response: undefined
}
2025-08-20T18:50:38.396Z [INFO]: Request completed {
  method: 'GET',
  url: '/',
  statusCode: 200,
  duration: '1689ms',
  ip: '127.0.0.1',
  response: undefined
}
2025-08-20T18:50:40.058Z [INFO]: Request completed {
  method: 'GET',
  url: '/.well-known/appspecific/com.chrome.devtools.json',
  statusCode: 404,
  duration: '6ms',
  ip: '127.0.0.1',
  response: undefined
}
2025-08-20T18:50:40.209Z [INFO]: Request completed {
  method: 'GET',
  url: '/@vite/client',
  statusCode: 200,
  duration: '169ms',
  ip: '127.0.0.1',
  response: undefined
}
2025-08-20T18:50:40.247Z [INFO]: Request completed {
  method: 'GET',
  url: '/@react-refresh',
  statusCode: 304,
  duration: '179ms',
  ip: '127.0.0.1',
  response: undefined
}
2025-08-20T18:50:40.249Z [INFO]: Request completed {
  method: 'GET',
  url: '/src/main.tsx?v=RNwfSziRLmpUQp5DI98d2',
  statusCode: 200,
  duration: '219ms',
  ip: '127.0.0.1',
  response: undefined
}
2025-08-20T18:50:40.266Z [INFO]: Request completed {
  method: 'GET',
  url: '/@fs/C:/ledgerApp/node_modules/vite/dist/client/env.mjs',
  statusCode: 304,
  duration: '10ms',
  ip: '127.0.0.1',
  response: undefined
}
2025-08-20T18:50:41.245Z [INFO]: Request completed {
  method: 'GET',
  url: '/src/App.tsx?v=RNwfSziRLmpUQp5DI98d2',
  statusCode: 200,
  duration: '986ms',
  ip: '127.0.0.1',
  response: undefined
}
2025-08-20T18:50:43.778Z [INFO]: Request completed {
  method: 'GET',
  url: '/src/index.css?v=RNwfSziRLmpUQp5DI98d2',
  statusCode: 200,
  duration: '3516ms',
  ip: '127.0.0.1',
  response: undefined
}
2025-08-20T18:50:44.971Z [INFO]: Request completed {
  method: 'GET',
  url: '/src/lib/queryClient.ts',
  statusCode: 304,
  duration: '1176ms',
  ip: '127.0.0.1',
  response: undefined
}
2025-08-20T18:50:45.089Z [INFO]: Request completed {
  method: 'GET',
  url: '/src/components/ui/toaster.tsx',
  statusCode: 304,
  duration: '3811ms',
  ip: '127.0.0.1',
  response: undefined
}
2025-08-20T18:50:45.157Z [INFO]: Request completed {
  method: 'GET',
  url: '/src/lib/auth-store.ts',
  statusCode: 200,
  duration: '3870ms',
  ip: '127.0.0.1',
  response: undefined
}
2025-08-20T18:50:45.159Z [INFO]: Request completed {
  method: 'GET',
  url: '/src/components/layout/SuperAdminAppShell.tsx',
  statusCode: 304,
  duration: '1370ms',
  ip: '127.0.0.1',
  response: undefined
}
2025-08-20T18:50:45.161Z [INFO]: Request completed {
  method: 'GET',
  url: '/src/pages/admin/Login.tsx',
  statusCode: 304,
  duration: '69ms',
  ip: '127.0.0.1',
  response: undefined
}
2025-08-20T18:50:45.183Z [INFO]: Request completed {
  method: 'GET',
  url: '/src/components/layout/BusinessAppShell.tsx',
  statusCode: 304,
  duration: '1381ms',
  ip: '127.0.0.1',
  response: undefined
}
2025-08-20T18:50:45.245Z [INFO]: Request completed {
  method: 'GET',
  url: '/src/components/ui/tooltip.tsx',
  statusCode: 304,
  duration: '3965ms',
  ip: '127.0.0.1',
  response: undefined
}
2025-08-20T18:50:45.392Z [INFO]: Request completed {
  method: 'GET',
  url: '/src/pages/business/Login.tsx',
  statusCode: 200,
  duration: '343ms',
  ip: '127.0.0.1',
  response: undefined
}
2025-08-20T18:50:45.493Z [INFO]: Request completed {
  method: 'GET',
  url: '/src/pages/business/Accounts.tsx',
  statusCode: 304,
  duration: '3ms',
  ip: '127.0.0.1',
  response: undefined
}
2025-08-20T18:50:45.500Z [INFO]: Request completed {
  method: 'GET',
  url: '/src/pages/business/Cashbook.tsx',
  statusCode: 304,
  duration: '3ms',
  ip: '127.0.0.1',
  response: undefined
}
2025-08-20T18:50:45.510Z [INFO]: Request completed {
  method: 'GET',
  url: '/src/pages/business/Invoices.tsx',
  statusCode: 304,
  duration: '4ms',
  ip: '127.0.0.1',
  response: undefined
}
2025-08-20T18:50:45.518Z [INFO]: Request completed {
  method: 'GET',
  url: '/src/pages/business/Inventory.tsx',
  statusCode: 304,
  duration: '3ms',
  ip: '127.0.0.1',
  response: undefined
}
2025-08-20T18:50:45.531Z [INFO]: Request completed {
  method: 'GET',
  url: '/src/pages/business/Reports.tsx',
  statusCode: 304,
  duration: '4ms',
  ip: '127.0.0.1',
  response: undefined
}
2025-08-20T18:50:45.540Z [INFO]: Request completed {
  method: 'GET',
  url: '/src/pages/business/Settings.tsx',
  statusCode: 304,
  duration: '5ms',
  ip: '127.0.0.1',
  response: undefined
}
2025-08-20T18:50:45.548Z [INFO]: Request completed {
  method: 'GET',
  url: '/src/pages/admin/Dashboard.tsx',
  statusCode: 304,
  duration: '5ms',
  ip: '127.0.0.1',
  response: undefined
}
2025-08-20T18:50:45.555Z [INFO]: Request completed {
  method: 'GET',
  url: '/src/pages/admin/Businesses.tsx',
  statusCode: 304,
  duration: '4ms',
  ip: '127.0.0.1',
  response: undefined
}
2025-08-20T18:50:45.560Z [INFO]: Request completed {
  method: 'GET',
  url: '/src/pages/admin/UsersRoles.tsx',
  statusCode: 304,
  duration: '3ms',
  ip: '127.0.0.1',
  response: undefined
}
2025-08-20T18:50:45.566Z [INFO]: Request completed {
  method: 'GET',
  url: '/src/pages/admin/Branches.tsx',
  statusCode: 304,
  duration: '3ms',
  ip: '127.0.0.1',
  response: undefined
}
2025-08-20T18:50:45.573Z [INFO]: Request completed {
  method: 'GET',
  url: '/src/pages/admin/AppSettings.tsx',
  statusCode: 304,
  duration: '3ms',
  ip: '127.0.0.1',
  response: undefined
}
2025-08-20T18:50:45.579Z [INFO]: Request completed {
  method: 'GET',
  url: '/src/pages/admin/Audit.tsx',
  statusCode: 304,
  duration: '3ms',
  ip: '127.0.0.1',
  response: undefined
}
2025-08-20T18:50:45.588Z [INFO]: Request completed {
  method: 'GET',
  url: '/src/pages/admin/Feedback.tsx',
  statusCode: 304,
  duration: '3ms',
  ip: '127.0.0.1',
  response: undefined
}
2025-08-20T18:50:45.595Z [INFO]: Request completed {
  method: 'GET',
  url: '/src/pages/admin/Diagnostics.tsx',
  statusCode: 304,
  duration: '4ms',
  ip: '127.0.0.1',
  response: undefined
}
2025-08-20T18:50:45.661Z [INFO]: Request completed {
  method: 'GET',
  url: '/src/pages/business/Dashboard.tsx',
  statusCode: 304,
  duration: '174ms',
  ip: '127.0.0.1',
  response: undefined
}
2025-08-20T18:50:46.107Z [INFO]: Request completed {
  method: 'GET',
  url: '/src/components/ui/toast.tsx',
  statusCode: 304,
  duration: '506ms',
  ip: '127.0.0.1',
  response: undefined
}
2025-08-20T18:50:46.363Z [INFO]: Request completed {
  method: 'GET',
  url: '/src/components/layout/MobileBottomNav.tsx',
  statusCode: 200,
  duration: '754ms',
  ip: '127.0.0.1',
  response: undefined
}
2025-08-20T18:50:46.406Z [INFO]: Request completed {
  method: 'GET',
  url: '/src/hooks/use-toast.ts',
  statusCode: 304,
  duration: '808ms',
  ip: '127.0.0.1',
  response: undefined
}
2025-08-20T18:50:46.409Z [INFO]: Request completed {
  method: 'GET',
  url: '/src/components/layout/Breadcrumb.tsx',
  statusCode: 304,
  duration: '295ms',
  ip: '127.0.0.1',
  response: undefined
}
2025-08-20T18:50:46.412Z [INFO]: Request completed {
  method: 'GET',
  url: '/src/components/layout/SidebarNav.tsx',
  statusCode: 200,
  duration: '806ms',
  ip: '127.0.0.1',
  response: undefined
}
2025-08-20T18:50:46.438Z [INFO]: Request completed {
  method: 'GET',
  url: '/src/components/layout/MobileNavDrawer.tsx',
  statusCode: 200,
  duration: '731ms',
  ip: '127.0.0.1',
  response: undefined
}
2025-08-20T18:50:46.458Z [INFO]: Request completed {
  method: 'GET',
  url: '/src/components/layout/AppHeader.tsx',
  statusCode: 304,
  duration: '854ms',
  ip: '127.0.0.1',
  response: undefined
}
2025-08-20T18:50:46.537Z [INFO]: Request completed {
  method: 'GET',
  url: '/src/components/ui/button.tsx',
  statusCode: 304,
  duration: '4ms',
  ip: '127.0.0.1',
  response: undefined
}
2025-08-20T18:50:46.543Z [INFO]: Request completed {
  method: 'GET',
  url: '/src/components/ui/input.tsx',
  statusCode: 304,
  duration: '4ms',
  ip: '127.0.0.1',
  response: undefined
}
2025-08-20T18:50:46.551Z [INFO]: Request completed {
  method: 'GET',
  url: '/src/components/ui/label.tsx',
  statusCode: 304,
  duration: '3ms',
  ip: '127.0.0.1',
  response: undefined
}
2025-08-20T18:50:46.558Z [INFO]: Request completed {
  method: 'GET',
  url: '/src/components/ui/card.tsx',
  statusCode: 304,
  duration: '4ms',
  ip: '127.0.0.1',
  response: undefined
}
2025-08-20T18:50:46.565Z [INFO]: Request completed {
  method: 'GET',
  url: '/src/lib/design-tokens.ts',
  statusCode: 304,
  duration: '4ms',
  ip: '127.0.0.1',
  response: undefined
}
2025-08-20T18:50:46.576Z [INFO]: Request completed {
  method: 'GET',
  url: '/src/lib/api.ts',
  statusCode: 200,
  duration: '6ms',
  ip: '127.0.0.1',
  response: undefined
}
2025-08-20T18:50:46.582Z [INFO]: Request completed {
  method: 'GET',
  url: '/src/components/layout/LedgerLayout.tsx',
  statusCode: 304,
  duration: '4ms',
  ip: '127.0.0.1',
  response: undefined
}
2025-08-20T18:50:46.595Z [INFO]: Request completed {
  method: 'GET',
  url: '/src/lib/utils.ts',
  statusCode: 304,
  duration: '6ms',
  ip: '127.0.0.1',
  response: undefined
}
2025-08-20T18:50:46.607Z [INFO]: Request completed {
  method: 'GET',
  url: '/src/components/ui/alert.tsx',
  statusCode: 304,
  duration: '6ms',
  ip: '127.0.0.1',
  response: undefined
}
2025-08-20T18:50:46.680Z [INFO]: Request completed {
  method: 'GET',
  url: '/src/components/ui/skeleton.tsx',
  statusCode: 304,
  duration: '14ms',
  ip: '127.0.0.1',
  response: undefined
}
2025-08-20T18:50:46.720Z [INFO]: Request completed {
  method: 'GET',
  url: '/src/components/ui/badge.tsx',
  statusCode: 304,
  duration: '11ms',
  ip: '127.0.0.1',
  response: undefined
}
2025-08-20T18:50:46.726Z [INFO]: Request completed {
  method: 'GET',
  url: '/src/components/ui/switch.tsx',
  statusCode: 304,
  duration: '3ms',
  ip: '127.0.0.1',
  response: undefined
}
2025-08-20T18:50:46.731Z [INFO]: Request completed {
  method: 'GET',
  url: '/src/components/ui/textarea.tsx',
  statusCode: 304,
  duration: '3ms',
  ip: '127.0.0.1',
  response: undefined
}
2025-08-20T18:50:46.763Z [INFO]: Request completed {
  method: 'GET',
  url: '/src/components/ui/dialog.tsx',
  statusCode: 304,
  duration: '4ms',
  ip: '127.0.0.1',
  response: undefined
}
2025-08-20T18:50:46.798Z [INFO]: Request completed {
  method: 'GET',
  url: '/src/components/modals/BulkOperationsModal.tsx',
  statusCode: 304,
  duration: '33ms',
  ip: '127.0.0.1',
  response: undefined
}
2025-08-20T18:50:46.824Z [INFO]: Request completed {
  method: 'GET',
  url: '/src/components/reports/StatementGenerator.tsx',
  statusCode: 304,
  duration: '69ms',
  ip: '127.0.0.1',
  response: undefined
}
2025-08-20T18:50:46.845Z [INFO]: Request completed {
  method: 'GET',
  url: '/src/components/modals/CashEntryModal.tsx',
  statusCode: 304,
  duration: '112ms',
  ip: '127.0.0.1',
  response: undefined
}
2025-08-20T18:50:46.865Z [INFO]: Request completed {
  method: 'GET',
  url: '/src/components/modals/CreateInvoiceModal.tsx',
  statusCode: 304,
  duration: '114ms',
  ip: '127.0.0.1',
  response: undefined
}
2025-08-20T18:50:46.870Z [INFO]: Request completed {
  method: 'GET',
  url: '/src/components/ui/select.tsx',
  statusCode: 304,
  duration: '2ms',
  ip: '127.0.0.1',
  response: undefined
}
2025-08-20T18:50:46.973Z [INFO]: Request completed {
  method: 'GET',
  url: '/src/components/ui/sheet.tsx',
  statusCode: 304,
  duration: '96ms',
  ip: '127.0.0.1',
  response: undefined
}
2025-08-20T18:50:47.077Z [INFO]: Request completed {
  method: 'GET',
  url: '/src/components/ui/tabs.tsx',
  statusCode: 304,
  duration: '305ms',
  ip: '127.0.0.1',
  response: undefined
}
2025-08-20T18:50:47.082Z [INFO]: Request completed {
  method: 'GET',
  url: '/src/components/ui/scroll-area.tsx',
  statusCode: 304,
  duration: '202ms',
  ip: '127.0.0.1',
  response: undefined
}
2025-08-20T18:50:47.169Z [INFO]: Request completed {
  method: 'GET',
  url: '/src/components/ui/progress.tsx',
  statusCode: 304,
  duration: '288ms',
  ip: '127.0.0.1',
  response: undefined
}
2025-08-20T18:50:47.171Z [INFO]: Request completed {
  method: 'GET',
  url: '/src/components/ui/table.tsx',
  statusCode: 304,
  duration: '288ms',
  ip: '127.0.0.1',
  response: undefined
}
2025-08-20T18:50:47.195Z [INFO]: Request completed {
  method: 'GET',
  url: '/src/lib/photo-utils.ts',
  statusCode: 304,
  duration: '41ms',
  ip: '127.0.0.1',
  response: undefined
}
2025-08-20T18:50:47.198Z [INFO]: Request completed {
  method: 'GET',
  url: '/src/components/ui/loading.tsx',
  statusCode: 304,
  duration: '325ms',
  ip: '127.0.0.1',
  response: undefined
}
2025-08-20T18:50:47.202Z [INFO]: Request completed {
  method: 'GET',
  url: '/src/components/ui/form.tsx',
  statusCode: 304,
  duration: '143ms',
  ip: '127.0.0.1',
  response: undefined
}
2025-08-20T18:50:47.369Z [INFO]: Request completed {
  method: 'GET',
  url: '/sw.js',
  statusCode: 304,
  duration: '4ms',
  ip: '127.0.0.1',
  response: undefined
}
2025-08-20T18:50:47.404Z [INFO]: Request completed {
  method: 'POST',
  url: '/',
  statusCode: 200,
  duration: '50ms',
  ip: '127.0.0.1',
  response: undefined
}
2025-08-20T18:50:47.419Z [INFO]: Request completed {
  method: 'GET',
  url: '/',
  statusCode: 200,
  duration: '59ms',
  ip: '127.0.0.1',
  response: undefined
}
2025-08-20T18:50:47.429Z [INFO]: Request completed {
  method: 'GET',
  url: '/src/App.tsx',
  statusCode: 200,
  duration: '3ms',
  ip: '127.0.0.1',
  response: undefined
}
2025-08-20T18:50:47.456Z [INFO]: Request completed {
  method: 'GET',
  url: '/src/index.css',
  statusCode: 200,
  duration: '8ms',
  ip: '127.0.0.1',
  response: undefined
}
2025-08-20T18:50:47.474Z [INFO]: Request completed {
  method: 'GET',
  url: '/src/main.tsx',
  statusCode: 304,
  duration: '50ms',
  ip: '127.0.0.1',
  response: undefined
}
2025-08-20T18:50:47.495Z [INFO]: Request completed {
  method: 'GET',
  url: '/',
  statusCode: 200,
  duration: '73ms',
  ip: '127.0.0.1',
  response: undefined
}
2025-08-20T18:51:11.812Z [INFO]: Request completed {
  method: 'GET',
  url: '/@vite/client',
  statusCode: 304,
  duration: '4ms',
  ip: '127.0.0.1',
  response: undefined
}
2025-08-20T18:51:11.815Z [INFO]: Request completed {
  method: 'GET',
  url: '/.well-known/appspecific/com.chrome.devtools.json',
  statusCode: 404,
  duration: '2ms',
  ip: '127.0.0.1',
  response: undefined
}
2025-08-20T18:51:11.822Z [INFO]: Request completed {
  method: 'GET',
  url: '/src/main.tsx?v=T71MvR-Cix8X--oXy-vpS',
  statusCode: 200,
  duration: '3ms',
  ip: '127.0.0.1',
  response: undefined
}
2025-08-20T18:51:12.264Z [INFO]: Request completed {
  method: 'GET',
  url: '/@react-refresh',
  statusCode: 304,
  duration: '2ms',
  ip: '127.0.0.1',
  response: undefined
}
2025-08-20T18:51:12.268Z [INFO]: Request completed {
  method: 'GET',
  url: '/@fs/C:/ledgerApp/node_modules/vite/dist/client/env.mjs',
  statusCode: 304,
  duration: '2ms',
  ip: '127.0.0.1',
  response: undefined
}
2025-08-20T18:51:12.276Z [INFO]: Request completed {
  method: 'GET',
  url: '/src/App.tsx?v=T71MvR-Cix8X--oXy-vpS',
  statusCode: 200,
  duration: '3ms',
  ip: '127.0.0.1',
  response: undefined
}
2025-08-20T18:51:12.282Z [INFO]: Request completed {
  method: 'GET',
  url: '/src/index.css?v=T71MvR-Cix8X--oXy-vpS',
  statusCode: 200,
  duration: '3ms',
  ip: '127.0.0.1',
  response: undefined
}
2025-08-20T18:51:12.315Z [INFO]: Request completed {
  method: 'GET',
  url: '/src/components/ui/toaster.tsx',
  statusCode: 304,
  duration: '2ms',
  ip: '127.0.0.1',
  response: undefined
}
2025-08-20T18:51:12.319Z [INFO]: Request completed {
  method: 'GET',
  url: '/src/components/layout/BusinessAppShell.tsx',
  statusCode: 304,
  duration: '2ms',
  ip: '127.0.0.1',
  response: undefined
}
2025-08-20T18:51:12.325Z [INFO]: Request completed {
  method: 'GET',
  url: '/src/components/layout/SuperAdminAppShell.tsx',
  statusCode: 304,
  duration: '3ms',
  ip: '127.0.0.1',
  response: undefined
}
2025-08-20T18:51:12.328Z [INFO]: Request completed {
  method: 'GET',
  url: '/src/pages/business/Login.tsx',
  statusCode: 304,
  duration: '1ms',
  ip: '127.0.0.1',
  response: undefined
}
2025-08-20T18:51:12.333Z [INFO]: Request completed {
  method: 'GET',
  url: '/src/pages/admin/Login.tsx',
  statusCode: 304,
  duration: '2ms',
  ip: '127.0.0.1',
  response: undefined
}
2025-08-20T18:51:12.339Z [INFO]: Request completed {
  method: 'GET',
  url: '/src/pages/business/Dashboard.tsx',
  statusCode: 304,
  duration: '3ms',
  ip: '127.0.0.1',
  response: undefined
}
2025-08-20T18:51:12.344Z [INFO]: Request completed {
  method: 'GET',
  url: '/src/pages/business/Accounts.tsx',
  statusCode: 304,
  duration: '2ms',
  ip: '127.0.0.1',
  response: undefined
}
2025-08-20T18:51:12.348Z [INFO]: Request completed {
  method: 'GET',
  url: '/src/pages/business/Cashbook.tsx',
  statusCode: 304,
  duration: '2ms',
  ip: '127.0.0.1',
  response: undefined
}
2025-08-20T18:51:12.352Z [INFO]: Request completed {
  method: 'GET',
  url: '/src/pages/business/Invoices.tsx',
  statusCode: 304,
  duration: '2ms',
  ip: '127.0.0.1',
  response: undefined
}
2025-08-20T18:51:12.358Z [INFO]: Request completed {
  method: 'GET',
  url: '/src/pages/business/Inventory.tsx',
  statusCode: 304,
  duration: '3ms',
  ip: '127.0.0.1',
  response: undefined
}
2025-08-20T18:51:12.362Z [INFO]: Request completed {
  method: 'GET',
  url: '/src/components/ui/tooltip.tsx',
  statusCode: 304,
  duration: '2ms',
  ip: '127.0.0.1',
  response: undefined
}
2025-08-20T18:51:12.366Z [INFO]: Request completed {
  method: 'GET',
  url: '/src/lib/auth-store.ts',
  statusCode: 304,
  duration: '2ms',
  ip: '127.0.0.1',
  response: undefined
}
2025-08-20T18:51:12.370Z [INFO]: Request completed {
  method: 'GET',
  url: '/src/lib/queryClient.ts',
  statusCode: 304,
  duration: '2ms',
  ip: '127.0.0.1',
  response: undefined
}
2025-08-20T18:51:12.378Z [INFO]: Request completed {
  method: 'GET',
  url: '/src/pages/admin/Dashboard.tsx',
  statusCode: 304,
  duration: '2ms',
  ip: '127.0.0.1',
  response: undefined
}
2025-08-20T18:51:12.381Z [INFO]: Request completed {
  method: 'GET',
  url: '/src/pages/admin/Businesses.tsx',
  statusCode: 304,
  duration: '1ms',
  ip: '127.0.0.1',
  response: undefined
}
2025-08-20T18:51:12.385Z [INFO]: Request completed {
  method: 'GET',
  url: '/src/pages/admin/Branches.tsx',
  statusCode: 304,
  duration: '2ms',
  ip: '127.0.0.1',
  response: undefined
}
2025-08-20T18:51:12.392Z [INFO]: Request completed {
  method: 'GET',
  url: '/src/pages/admin/UsersRoles.tsx',
  statusCode: 304,
  duration: '5ms',
  ip: '127.0.0.1',
  response: undefined
}
2025-08-20T18:51:12.396Z [INFO]: Request completed {
  method: 'GET',
  url: '/src/pages/admin/AppSettings.tsx',
  statusCode: 304,
  duration: '1ms',
  ip: '127.0.0.1',
  response: undefined
}
2025-08-20T18:51:12.401Z [INFO]: Request completed {
  method: 'GET',
  url: '/src/pages/admin/Audit.tsx',
  statusCode: 304,
  duration: '2ms',
  ip: '127.0.0.1',
  response: undefined
}
2025-08-20T18:51:12.409Z [INFO]: Request completed {
  method: 'GET',
  url: '/src/pages/admin/Feedback.tsx',
  statusCode: 304,
  duration: '6ms',
  ip: '127.0.0.1',
  response: undefined
}
2025-08-20T18:51:12.415Z [INFO]: Request completed {
  method: 'GET',
  url: '/src/pages/admin/Diagnostics.tsx',
  statusCode: 304,
  duration: '3ms',
  ip: '127.0.0.1',
  response: undefined
}
2025-08-20T18:51:12.423Z [INFO]: Request completed {
  method: 'GET',
  url: '/src/components/ui/toast.tsx',
  statusCode: 304,
  duration: '3ms',
  ip: '127.0.0.1',
  response: undefined
}
2025-08-20T18:51:12.429Z [INFO]: Request completed {
  method: 'GET',
  url: '/src/components/layout/LedgerLayout.tsx',
  statusCode: 304,
  duration: '3ms',
  ip: '127.0.0.1',
  response: undefined
}
2025-08-20T18:51:12.444Z [INFO]: Request completed {
  method: 'GET',
  url: '/src/pages/business/Reports.tsx',
  statusCode: 304,
  duration: '12ms',
  ip: '127.0.0.1',
  response: undefined
}
2025-08-20T18:51:12.448Z [INFO]: Request completed {
  method: 'GET',
  url: '/src/pages/business/Settings.tsx',
  statusCode: 304,
  duration: '2ms',
  ip: '127.0.0.1',
  response: undefined
}
2025-08-20T18:51:12.453Z [INFO]: Request completed {
  method: 'GET',
  url: '/src/hooks/use-toast.ts',
  statusCode: 304,
  duration: '3ms',
  ip: '127.0.0.1',
  response: undefined
}
2025-08-20T18:51:12.460Z [INFO]: Request completed {
  method: 'GET',
  url: '/src/components/layout/SidebarNav.tsx',
  statusCode: 304,
  duration: '3ms',
  ip: '127.0.0.1',
  response: undefined
}
2025-08-20T18:51:12.464Z [INFO]: Request completed {
  method: 'GET',
  url: '/src/components/layout/MobileNavDrawer.tsx',
  statusCode: 304,
  duration: '2ms',
  ip: '127.0.0.1',
  response: undefined
}
2025-08-20T18:51:12.468Z [INFO]: Request completed {
  method: 'GET',
  url: '/src/components/layout/MobileBottomNav.tsx',
  statusCode: 304,
  duration: '2ms',
  ip: '127.0.0.1',
  response: undefined
}
2025-08-20T18:51:12.475Z [INFO]: Request completed {
  method: 'GET',
  url: '/src/components/layout/Breadcrumb.tsx',
  statusCode: 304,
  duration: '5ms',
  ip: '127.0.0.1',
  response: undefined
}
2025-08-20T18:51:12.480Z [INFO]: Request completed {
  method: 'GET',
  url: '/src/components/ui/button.tsx',
  statusCode: 304,
  duration: '2ms',
  ip: '127.0.0.1',
  response: undefined
}
2025-08-20T18:51:12.484Z [INFO]: Request completed {
  method: 'GET',
  url: '/src/components/ui/input.tsx',
  statusCode: 304,
  duration: '2ms',
  ip: '127.0.0.1',
  response: undefined
}
2025-08-20T18:51:12.490Z [INFO]: Request completed {
  method: 'GET',
  url: '/src/components/ui/label.tsx',
  statusCode: 304,
  duration: '3ms',
  ip: '127.0.0.1',
  response: undefined
}
2025-08-20T18:51:12.495Z [INFO]: Request completed {
  method: 'GET',
  url: '/src/components/ui/card.tsx',
  statusCode: 304,
  duration: '2ms',
  ip: '127.0.0.1',
  response: undefined
}
2025-08-20T18:51:12.501Z [INFO]: Request completed {
  method: 'GET',
  url: '/src/lib/design-tokens.ts',
  statusCode: 304,
  duration: '2ms',
  ip: '127.0.0.1',
  response: undefined
}
2025-08-20T18:51:12.506Z [INFO]: Request completed {
  method: 'GET',
  url: '/src/lib/api.ts',
  statusCode: 304,
  duration: '2ms',
  ip: '127.0.0.1',
  response: undefined
}
2025-08-20T18:51:12.510Z [INFO]: Request completed {
  method: 'GET',
  url: '/src/components/ui/alert.tsx',
  statusCode: 304,
  duration: '2ms',
  ip: '127.0.0.1',
  response: undefined
}
2025-08-20T18:51:12.514Z [INFO]: Request completed {
  method: 'GET',
  url: '/src/components/ui/skeleton.tsx',
  statusCode: 304,
  duration: '2ms',
  ip: '127.0.0.1',
  response: undefined
}
2025-08-20T18:51:12.518Z [INFO]: Request completed {
  method: 'GET',
  url: '/src/components/ui/badge.tsx',
  statusCode: 304,
  duration: '2ms',
  ip: '127.0.0.1',
  response: undefined
}
2025-08-20T18:51:12.522Z [INFO]: Request completed {
  method: 'GET',
  url: '/src/components/modals/CashEntryModal.tsx',
  statusCode: 304,
  duration: '2ms',
  ip: '127.0.0.1',
  response: undefined
}
2025-08-20T18:51:12.527Z [INFO]: Request completed {
  method: 'GET',
  url: '/src/components/modals/CreateInvoiceModal.tsx',
  statusCode: 304,
  duration: '2ms',
  ip: '127.0.0.1',
  response: undefined
}
2025-08-20T18:51:12.531Z [INFO]: Request completed {
  method: 'GET',
  url: '/src/components/reports/StatementGenerator.tsx',
  statusCode: 304,
  duration: '2ms',
  ip: '127.0.0.1',
  response: undefined
}
2025-08-20T18:51:12.535Z [INFO]: Request completed {
  method: 'GET',
  url: '/src/components/modals/BulkOperationsModal.tsx',
  statusCode: 304,
  duration: '2ms',
  ip: '127.0.0.1',
  response: undefined
}
2025-08-20T18:51:12.542Z [INFO]: Request completed {
  method: 'GET',
  url: '/src/components/ui/dialog.tsx',
  statusCode: 304,
  duration: '3ms',
  ip: '127.0.0.1',
  response: undefined
}
2025-08-20T18:51:12.547Z [INFO]: Request completed {
  method: 'GET',
  url: '/src/components/ui/select.tsx',
  statusCode: 304,
  duration: '2ms',
  ip: '127.0.0.1',
  response: undefined
}
2025-08-20T18:51:12.551Z [INFO]: Request completed {
  method: 'GET',
  url: '/src/lib/utils.ts',
  statusCode: 304,
  duration: '2ms',
  ip: '127.0.0.1',
  response: undefined
}
2025-08-20T18:51:12.556Z [INFO]: Request completed {
  method: 'GET',
  url: '/src/components/ui/switch.tsx',
  statusCode: 304,
  duration: '3ms',
  ip: '127.0.0.1',
  response: undefined
}
2025-08-20T18:51:12.562Z [INFO]: Request completed {
  method: 'GET',
  url: '/src/components/ui/textarea.tsx',
  statusCode: 304,
  duration: '3ms',
  ip: '127.0.0.1',
  response: undefined
}
2025-08-20T18:51:12.566Z [INFO]: Request completed {
  method: 'GET',
  url: '/src/components/ui/tabs.tsx',
  statusCode: 304,
  duration: '2ms',
  ip: '127.0.0.1',
  response: undefined
}
2025-08-20T18:51:12.570Z [INFO]: Request completed {
  method: 'GET',
  url: '/src/components/ui/sheet.tsx',
  statusCode: 304,
  duration: '1ms',
  ip: '127.0.0.1',
  response: undefined
}
2025-08-20T18:51:12.576Z [INFO]: Request completed {
  method: 'GET',
  url: '/src/components/ui/scroll-area.tsx',
  statusCode: 304,
  duration: '3ms',
  ip: '127.0.0.1',
  response: undefined
}
2025-08-20T18:51:12.580Z [INFO]: Request completed {
  method: 'GET',
  url: '/src/lib/photo-utils.ts',
  statusCode: 304,
  duration: '2ms',
  ip: '127.0.0.1',
  response: undefined
}
2025-08-20T18:51:12.584Z [INFO]: Request completed {
  method: 'GET',
  url: '/src/components/ui/form.tsx',
  statusCode: 304,
  duration: '2ms',
  ip: '127.0.0.1',
  response: undefined
}
2025-08-20T18:51:12.589Z [INFO]: Request completed {
  method: 'GET',
  url: '/src/components/layout/AppHeader.tsx',
  statusCode: 304,
  duration: '3ms',
  ip: '127.0.0.1',
  response: undefined
}
2025-08-20T18:51:12.594Z [INFO]: Request completed {
  method: 'GET',
  url: '/src/components/ui/table.tsx',
  statusCode: 304,
  duration: '2ms',
  ip: '127.0.0.1',
  response: undefined
}
2025-08-20T18:51:12.598Z [INFO]: Request completed {
  method: 'GET',
  url: '/src/components/ui/loading.tsx',
  statusCode: 304,
  duration: '2ms',
  ip: '127.0.0.1',
  response: undefined
}
2025-08-20T18:51:12.601Z [INFO]: Request completed {
  method: 'GET',
  url: '/src/components/ui/progress.tsx',
  statusCode: 304,
  duration: '2ms',
  ip: '127.0.0.1',
  response: undefined
}
2025-08-20T18:51:12.725Z [INFO]: Request completed {
  method: 'POST',
  url: '/',
  statusCode: 200,
  duration: '28ms',
  ip: '127.0.0.1',
  response: undefined
}
2025-08-20T18:51:12.778Z [INFO]: Request completed {
  method: 'GET',
  url: '/',
  statusCode: 200,
  duration: '20ms',
  ip: '127.0.0.1',
  response: undefined
}
2025-08-20T18:51:14.361Z [INFO]: Request completed {
  method: 'GET',
  url: '/sw.js',
  statusCode: 304,
  duration: '4ms',
  ip: '127.0.0.1',
  response: undefined
}
2025-08-20T18:51:21.525Z [INFO]: Request completed {
  method: 'GET',
  url: '/.well-known/appspecific/com.chrome.devtools.json',
  statusCode: 404,
  duration: '2ms',
  ip: '127.0.0.1',
  response: undefined
}
2025-08-20T18:51:22.496Z [INFO]: Request completed {
  method: 'POST',
  url: '/',
  statusCode: 200,
  duration: '17ms',
  ip: '127.0.0.1',
  response: undefined
}
2025-08-20T18:51:24.217Z [INFO]: Request completed {
  method: 'GET',
  url: '/sw.js',
  statusCode: 304,
  duration: '4ms',
  ip: '127.0.0.1',
  response: undefined
}
2025-08-20T18:51:29.976Z [INFO]: Request completed {
  method: 'GET',
  url: '/.well-known/appspecific/com.chrome.devtools.json',
  statusCode: 404,
  duration: '2ms',
  ip: '127.0.0.1',
  response: undefined
}
2025-08-20T18:51:30.866Z [INFO]: Request completed {
  method: 'POST',
  url: '/',
  statusCode: 200,
  duration: '21ms',
  ip: '127.0.0.1',
  response: undefined
}
2025-08-20T18:51:32.510Z [INFO]: Request completed {
  method: 'GET',
  url: '/sw.js',
  statusCode: 304,
  duration: '2ms',
  ip: '127.0.0.1',
  response: undefined
}
2025-08-20T18:51:38.617Z [INFO]: Request completed {
  method: 'GET',
  url: '/.well-known/appspecific/com.chrome.devtools.json',
  statusCode: 404,
  duration: '2ms',
  ip: '127.0.0.1',
  response: undefined
}
2025-08-20T18:51:39.586Z [INFO]: Request completed {
  method: 'POST',
  url: '/',
  statusCode: 200,
  duration: '14ms',
  ip: '127.0.0.1',
  response: undefined
}
2025-08-20T18:51:41.326Z [INFO]: Request completed {
  method: 'GET',
  url: '/sw.js',
  statusCode: 304,
  duration: '4ms',
  ip: '127.0.0.1',
  response: undefined
}
2025-08-20T18:51:47.920Z [INFO]: Request completed {
  method: 'GET',
  url: '/.well-known/appspecific/com.chrome.devtools.json',
  statusCode: 404,
  duration: '5ms',
  ip: '127.0.0.1',
  response: undefined
}
2025-08-20T18:51:49.023Z [INFO]: Request completed {
  method: 'POST',
  url: '/',
  statusCode: 200,
  duration: '19ms',
  ip: '127.0.0.1',
  response: undefined
}
2025-08-20T18:51:50.640Z [INFO]: Request completed {
  method: 'GET',
  url: '/sw.js',
  statusCode: 304,
  duration: '4ms',
  ip: '127.0.0.1',
  response: undefined
}
2025-08-20T18:54:29.778Z [INFO]: Request completed {
  method: 'GET',
  url: '/.well-known/appspecific/com.chrome.devtools.json',
  statusCode: 404,
  duration: '2ms',
  ip: '127.0.0.1',
  response: undefined
}
2025-08-20T18:54:30.777Z [INFO]: Request completed {
  method: 'POST',
  url: '/',
  statusCode: 200,
  duration: '15ms',
  ip: '127.0.0.1',
  response: undefined
}
2025-08-20T18:54:32.375Z [INFO]: Request completed {
  method: 'GET',
  url: '/sw.js',
  statusCode: 304,
  duration: '1ms',
  ip: '127.0.0.1',
  response: undefined
}
2025-08-20T18:55:58.838Z [INFO]: Request completed {
  method: 'GET',
  url: '/.well-known/appspecific/com.chrome.devtools.json',
  statusCode: 404,
  duration: '8ms',
  ip: '127.0.0.1',
  response: undefined
}
2025-08-20T18:56:02.412Z [INFO]: Request completed {
  method: 'POST',
  url: '/',
  statusCode: 200,
  duration: '390ms',
  ip: '127.0.0.1',
  response: undefined
}
2025-08-20T18:56:06.212Z [INFO]: Request completed {
  method: 'GET',
  url: '/',
  statusCode: 200,
  duration: '26ms',
  ip: '127.0.0.1',
  response: undefined
}
2025-08-20T18:56:06.304Z [INFO]: Request completed {
  method: 'GET',
  url: '/@vite/client',
  statusCode: 200,
  duration: '45ms',
  ip: '127.0.0.1',
  response: undefined
}
2025-08-20T18:56:06.320Z [INFO]: Request completed {
  method: 'GET',
  url: '/src/main.tsx?v=auXtqLg5zTl4MysN2F-ph',
  statusCode: 200,
  duration: '6ms',
  ip: '127.0.0.1',
  response: undefined
}
2025-08-20T18:56:06.330Z [INFO]: Request completed {
  method: 'GET',
  url: '/.well-known/appspecific/com.chrome.devtools.json',
  statusCode: 404,
  duration: '4ms',
  ip: '127.0.0.1',
  response: undefined
}
2025-08-20T18:56:07.358Z [INFO]: Request completed {
  method: 'GET',
  url: '/@react-refresh',
  statusCode: 304,
  duration: '2ms',
  ip: '127.0.0.1',
  response: undefined
}
2025-08-20T18:56:07.362Z [INFO]: Request completed {
  method: 'GET',
  url: '/@fs/C:/ledgerApp/node_modules/vite/dist/client/env.mjs',
  statusCode: 304,
  duration: '2ms',
  ip: '127.0.0.1',
  response: undefined
}
2025-08-20T18:56:07.371Z [INFO]: Request completed {
  method: 'GET',
  url: '/src/App.tsx?v=auXtqLg5zTl4MysN2F-ph',
  statusCode: 200,
  duration: '2ms',
  ip: '127.0.0.1',
  response: undefined
}
2025-08-20T18:56:07.395Z [INFO]: Request completed {
  method: 'GET',
  url: '/src/index.css?v=auXtqLg5zTl4MysN2F-ph',
  statusCode: 200,
  duration: '3ms',
  ip: '127.0.0.1',
  response: undefined
}
2025-08-20T18:56:07.405Z [INFO]: Request completed {
  method: 'GET',
  url: '/src/components/ui/toaster.tsx',
  statusCode: 304,
  duration: '2ms',
  ip: '127.0.0.1',
  response: undefined
}
2025-08-20T18:56:07.408Z [INFO]: Request completed {
  method: 'GET',
  url: '/src/components/ui/tooltip.tsx',
  statusCode: 304,
  duration: '2ms',
  ip: '127.0.0.1',
  response: undefined
}
2025-08-20T18:56:07.412Z [INFO]: Request completed {
  method: 'GET',
  url: '/src/lib/auth-store.ts',
  statusCode: 304,
  duration: '2ms',
  ip: '127.0.0.1',
  response: undefined
}
2025-08-20T18:56:07.415Z [INFO]: Request completed {
  method: 'GET',
  url: '/src/lib/queryClient.ts',
  statusCode: 304,
  duration: '1ms',
  ip: '127.0.0.1',
  response: undefined
}
2025-08-20T18:56:07.418Z [INFO]: Request completed {
  method: 'GET',
  url: '/src/components/layout/BusinessAppShell.tsx',
  statusCode: 304,
  duration: '2ms',
  ip: '127.0.0.1',
  response: undefined
}
2025-08-20T18:56:07.421Z [INFO]: Request completed {
  method: 'GET',
  url: '/src/components/layout/SuperAdminAppShell.tsx',
  statusCode: 304,
  duration: '2ms',
  ip: '127.0.0.1',
  response: undefined
}
2025-08-20T18:56:07.425Z [INFO]: Request completed {
  method: 'GET',
  url: '/src/pages/admin/Login.tsx',
  statusCode: 304,
  duration: '2ms',
  ip: '127.0.0.1',
  response: undefined
}
2025-08-20T18:56:07.428Z [INFO]: Request completed {
  method: 'GET',
  url: '/src/pages/business/Login.tsx',
  statusCode: 304,
  duration: '1ms',
  ip: '127.0.0.1',
  response: undefined
}
2025-08-20T18:56:07.431Z [INFO]: Request completed {
  method: 'GET',
  url: '/src/pages/business/Accounts.tsx',
  statusCode: 304,
  duration: '1ms',
  ip: '127.0.0.1',
  response: undefined
}
2025-08-20T18:56:07.435Z [INFO]: Request completed {
  method: 'GET',
  url: '/src/pages/business/Dashboard.tsx',
  statusCode: 304,
  duration: '2ms',
  ip: '127.0.0.1',
  response: undefined
}
2025-08-20T18:56:07.439Z [INFO]: Request completed {
  method: 'GET',
  url: '/src/pages/business/Invoices.tsx',
  statusCode: 304,
  duration: '2ms',
  ip: '127.0.0.1',
  response: undefined
}
2025-08-20T18:56:07.443Z [INFO]: Request completed {
  method: 'GET',
  url: '/src/pages/business/Cashbook.tsx',
  statusCode: 304,
  duration: '2ms',
  ip: '127.0.0.1',
  response: undefined
}
2025-08-20T18:56:07.446Z [INFO]: Request completed {
  method: 'GET',
  url: '/src/pages/business/Inventory.tsx',
  statusCode: 304,
  duration: '1ms',
  ip: '127.0.0.1',
  response: undefined
}
2025-08-20T18:56:07.450Z [INFO]: Request completed {
  method: 'GET',
  url: '/src/pages/business/Reports.tsx',
  statusCode: 304,
  duration: '1ms',
  ip: '127.0.0.1',
  response: undefined
}
2025-08-20T18:56:07.453Z [INFO]: Request completed {
  method: 'GET',
  url: '/src/pages/business/Settings.tsx',
  statusCode: 304,
  duration: '2ms',
  ip: '127.0.0.1',
  response: undefined
}
2025-08-20T18:56:07.458Z [INFO]: Request completed {
  method: 'GET',
  url: '/src/pages/admin/Dashboard.tsx',
  statusCode: 304,
  duration: '2ms',
  ip: '127.0.0.1',
  response: undefined
}
2025-08-20T18:56:07.462Z [INFO]: Request completed {
  method: 'GET',
  url: '/src/pages/admin/Branches.tsx',
  statusCode: 304,
  duration: '2ms',
  ip: '127.0.0.1',
  response: undefined
}
2025-08-20T18:56:07.465Z [INFO]: Request completed {
  method: 'GET',
  url: '/src/pages/admin/UsersRoles.tsx',
  statusCode: 304,
  duration: '1ms',
  ip: '127.0.0.1',
  response: undefined
}
2025-08-20T18:56:07.469Z [INFO]: Request completed {
  method: 'GET',
  url: '/src/pages/admin/AppSettings.tsx',
  statusCode: 304,
  duration: '2ms',
  ip: '127.0.0.1',
  response: undefined
}
2025-08-20T18:56:07.474Z [INFO]: Request completed {
  method: 'GET',
  url: '/src/pages/admin/Audit.tsx',
  statusCode: 304,
  duration: '2ms',
  ip: '127.0.0.1',
  response: undefined
}
2025-08-20T18:56:07.477Z [INFO]: Request completed {
  method: 'GET',
  url: '/src/pages/admin/Businesses.tsx',
  statusCode: 304,
  duration: '1ms',
  ip: '127.0.0.1',
  response: undefined
}
2025-08-20T18:56:07.481Z [INFO]: Request completed {
  method: 'GET',
  url: '/src/pages/admin/Feedback.tsx',
  statusCode: 304,
  duration: '2ms',
  ip: '127.0.0.1',
  response: undefined
}
2025-08-20T18:56:07.485Z [INFO]: Request completed {
  method: 'GET',
  url: '/src/pages/admin/Diagnostics.tsx',
  statusCode: 304,
  duration: '2ms',
  ip: '127.0.0.1',
  response: undefined
}
2025-08-20T18:56:07.497Z [INFO]: Request completed {
  method: 'GET',
  url: '/src/hooks/use-toast.ts',
  statusCode: 304,
  duration: '2ms',
  ip: '127.0.0.1',
  response: undefined
}
2025-08-20T18:56:07.500Z [INFO]: Request completed {
  method: 'GET',
  url: '/src/components/ui/toast.tsx',
  statusCode: 304,
  duration: '1ms',
  ip: '127.0.0.1',
  response: undefined
}
2025-08-20T18:56:07.504Z [INFO]: Request completed {
  method: 'GET',
  url: '/src/lib/utils.ts',
  statusCode: 304,
  duration: '2ms',
  ip: '127.0.0.1',
  response: undefined
}
2025-08-20T18:56:07.511Z [INFO]: Request completed {
  method: 'GET',
  url: '/src/components/layout/LedgerLayout.tsx',
  statusCode: 304,
  duration: '1ms',
  ip: '127.0.0.1',
  response: undefined
}
2025-08-20T18:56:07.515Z [INFO]: Request completed {
  method: 'GET',
  url: '/src/components/layout/AppHeader.tsx',
  statusCode: 304,
  duration: '2ms',
  ip: '127.0.0.1',
  response: undefined
}
2025-08-20T18:56:07.518Z [INFO]: Request completed {
  method: 'GET',
  url: '/src/components/layout/SidebarNav.tsx',
  statusCode: 304,
  duration: '2ms',
  ip: '127.0.0.1',
  response: undefined
}
2025-08-20T18:56:07.523Z [INFO]: Request completed {
  method: 'GET',
  url: '/src/components/layout/MobileNavDrawer.tsx',
  statusCode: 304,
  duration: '3ms',
  ip: '127.0.0.1',
  response: undefined
}
2025-08-20T18:56:07.527Z [INFO]: Request completed {
  method: 'GET',
  url: '/src/components/layout/Breadcrumb.tsx',
  statusCode: 304,
  duration: '2ms',
  ip: '127.0.0.1',
  response: undefined
}
2025-08-20T18:56:07.531Z [INFO]: Request completed {
  method: 'GET',
  url: '/src/components/layout/MobileBottomNav.tsx',
  statusCode: 304,
  duration: '2ms',
  ip: '127.0.0.1',
  response: undefined
}
2025-08-20T18:56:07.534Z [INFO]: Request completed {
  method: 'GET',
  url: '/src/components/ui/button.tsx',
  statusCode: 304,
  duration: '1ms',
  ip: '127.0.0.1',
  response: undefined
}
2025-08-20T18:56:07.538Z [INFO]: Request completed {
  method: 'GET',
  url: '/src/components/ui/input.tsx',
  statusCode: 304,
  duration: '2ms',
  ip: '127.0.0.1',
  response: undefined
}
2025-08-20T18:56:07.547Z [INFO]: Request completed {
  method: 'GET',
  url: '/src/components/ui/label.tsx',
  statusCode: 304,
  duration: '5ms',
  ip: '127.0.0.1',
  response: undefined
}
2025-08-20T18:56:07.587Z [INFO]: Request completed {
  method: 'GET',
  url: '/src/lib/design-tokens.ts',
  statusCode: 304,
  duration: '35ms',
  ip: '127.0.0.1',
  response: undefined
}
2025-08-20T18:56:07.594Z [INFO]: Request completed {
  method: 'GET',
  url: '/src/components/ui/card.tsx',
  statusCode: 304,
  duration: '3ms',
  ip: '127.0.0.1',
  response: undefined
}
2025-08-20T18:56:07.600Z [INFO]: Request completed {
  method: 'GET',
  url: '/src/lib/api.ts',
  statusCode: 304,
  duration: '2ms',
  ip: '127.0.0.1',
  response: undefined
}
2025-08-20T18:56:07.607Z [INFO]: Request completed {
  method: 'GET',
  url: '/src/components/ui/alert.tsx',
  statusCode: 304,
  duration: '5ms',
  ip: '127.0.0.1',
  response: undefined
}
2025-08-20T18:56:07.611Z [INFO]: Request completed {
  method: 'GET',
  url: '/src/components/ui/skeleton.tsx',
  statusCode: 304,
  duration: '2ms',
  ip: '127.0.0.1',
  response: undefined
}
2025-08-20T18:56:07.615Z [INFO]: Request completed {
  method: 'GET',
  url: '/src/components/ui/badge.tsx',
  statusCode: 304,
  duration: '1ms',
  ip: '127.0.0.1',
  response: undefined
}
2025-08-20T18:56:07.619Z [INFO]: Request completed {
  method: 'GET',
  url: '/src/components/modals/CashEntryModal.tsx',
  statusCode: 304,
  duration: '2ms',
  ip: '127.0.0.1',
  response: undefined
}
2025-08-20T18:56:07.624Z [INFO]: Request completed {
  method: 'GET',
  url: '/src/components/modals/CreateInvoiceModal.tsx',
  statusCode: 304,
  duration: '2ms',
  ip: '127.0.0.1',
  response: undefined
}
2025-08-20T18:56:07.628Z [INFO]: Request completed {
  method: 'GET',
  url: '/src/components/reports/StatementGenerator.tsx',
  statusCode: 304,
  duration: '2ms',
  ip: '127.0.0.1',
  response: undefined
}
2025-08-20T18:56:07.632Z [INFO]: Request completed {
  method: 'GET',
  url: '/src/components/modals/BulkOperationsModal.tsx',
  statusCode: 304,
  duration: '2ms',
  ip: '127.0.0.1',
  response: undefined
}
2025-08-20T18:56:07.636Z [INFO]: Request completed {
  method: 'GET',
  url: '/src/components/ui/dialog.tsx',
  statusCode: 304,
  duration: '2ms',
  ip: '127.0.0.1',
  response: undefined
}
2025-08-20T18:56:07.639Z [INFO]: Request completed {
  method: 'GET',
  url: '/src/components/ui/select.tsx',
  statusCode: 304,
  duration: '1ms',
  ip: '127.0.0.1',
  response: undefined
}
2025-08-20T18:56:07.643Z [INFO]: Request completed {
  method: 'GET',
  url: '/src/components/ui/switch.tsx',
  statusCode: 304,
  duration: '2ms',
  ip: '127.0.0.1',
  response: undefined
}
2025-08-20T18:56:07.647Z [INFO]: Request completed {
  method: 'GET',
  url: '/src/components/ui/textarea.tsx',
  statusCode: 304,
  duration: '2ms',
  ip: '127.0.0.1',
  response: undefined
}
2025-08-20T18:56:07.664Z [INFO]: Request completed {
  method: 'GET',
  url: '/src/components/ui/tabs.tsx',
  statusCode: 304,
  duration: '1ms',
  ip: '127.0.0.1',
  response: undefined
}
2025-08-20T18:56:07.667Z [INFO]: Request completed {
  method: 'GET',
  url: '/src/components/ui/sheet.tsx',
  statusCode: 304,
  duration: '1ms',
  ip: '127.0.0.1',
  response: undefined
}
2025-08-20T18:56:07.671Z [INFO]: Request completed {
  method: 'GET',
  url: '/src/components/ui/scroll-area.tsx',
  statusCode: 304,
  duration: '2ms',
  ip: '127.0.0.1',
  response: undefined
}
2025-08-20T18:56:07.677Z [INFO]: Request completed {
  method: 'GET',
  url: '/src/lib/photo-utils.ts',
  statusCode: 304,
  duration: '2ms',
  ip: '127.0.0.1',
  response: undefined
}
2025-08-20T18:56:07.681Z [INFO]: Request completed {
  method: 'GET',
  url: '/src/components/ui/form.tsx',
  statusCode: 304,
  duration: '2ms',
  ip: '127.0.0.1',
  response: undefined
}
2025-08-20T18:56:07.686Z [INFO]: Request completed {
  method: 'GET',
  url: '/src/components/ui/table.tsx',
  statusCode: 304,
  duration: '1ms',
  ip: '127.0.0.1',
  response: undefined
}
2025-08-20T18:56:07.690Z [INFO]: Request completed {
  method: 'GET',
  url: '/src/components/ui/loading.tsx',
  statusCode: 304,
  duration: '2ms',
  ip: '127.0.0.1',
  response: undefined
}
2025-08-20T18:56:07.693Z [INFO]: Request completed {
  method: 'GET',
  url: '/src/components/ui/progress.tsx',
  statusCode: 304,
  duration: '1ms',
  ip: '127.0.0.1',
  response: undefined
}
2025-08-20T18:56:07.822Z [INFO]: Request completed {
  method: 'POST',
  url: '/',
  statusCode: 200,
  duration: '14ms',
  ip: '127.0.0.1',
  response: undefined
}
2025-08-20T18:56:07.834Z [INFO]: Request completed {
  method: 'GET',
  url: '/sw.js',
  statusCode: 304,
  duration: '2ms',
  ip: '127.0.0.1',
  response: undefined
}
2025-08-20T18:56:07.849Z [INFO]: Request completed {
  method: 'GET',
  url: '/',
  statusCode: 200,
  duration: '25ms',
  ip: '127.0.0.1',
  response: undefined
}
2025-08-20T18:56:07.864Z [INFO]: Request completed {
  method: 'GET',
  url: '/src/App.tsx',
  statusCode: 200,
  duration: '2ms',
  ip: '127.0.0.1',
  response: undefined
}
2025-08-20T18:56:07.875Z [INFO]: Request completed {
  method: 'GET',
  url: '/',
  statusCode: 200,
  duration: '19ms',
  ip: '127.0.0.1',
  response: undefined
}
2025-08-20T18:56:07.879Z [INFO]: Request completed {
  method: 'GET',
  url: '/src/index.css',
  statusCode: 200,
  duration: '3ms',
  ip: '127.0.0.1',
  response: undefined
}
2025-08-20T18:56:07.885Z [INFO]: Request completed {
  method: 'GET',
  url: '/src/main.tsx',
  statusCode: 304,
  duration: '24ms',
  ip: '127.0.0.1',
  response: undefined
}
2025-08-20T18:56:09.306Z [INFO]: Request completed {
  method: 'GET',
  url: '/@vite/client',
  statusCode: 304,
  duration: '3ms',
  ip: '127.0.0.1',
  response: undefined
}
2025-08-20T18:56:09.311Z [INFO]: Request completed {
  method: 'GET',
  url: '/src/main.tsx?v=zLqeYdViCvyU48hpAP66D',
  statusCode: 200,
  duration: '2ms',
  ip: '127.0.0.1',
  response: undefined
}
2025-08-20T18:56:09.319Z [INFO]: Request completed {
  method: 'GET',
  url: '/.well-known/appspecific/com.chrome.devtools.json',
  statusCode: 404,
  duration: '2ms',
  ip: '127.0.0.1',
  response: undefined
}
2025-08-20T18:56:10.352Z [INFO]: Request completed {
  method: 'GET',
  url: '/@react-refresh',
  statusCode: 304,
  duration: '2ms',
  ip: '127.0.0.1',
  response: undefined
}
2025-08-20T18:56:10.356Z [INFO]: Request completed {
  method: 'GET',
  url: '/@fs/C:/ledgerApp/node_modules/vite/dist/client/env.mjs',
  statusCode: 304,
  duration: '1ms',
  ip: '127.0.0.1',
  response: undefined
}
2025-08-20T18:56:10.408Z [INFO]: Request completed {
  method: 'GET',
  url: '/src/App.tsx?v=zLqeYdViCvyU48hpAP66D',
  statusCode: 200,
  duration: '2ms',
  ip: '127.0.0.1',
  response: undefined
}
2025-08-20T18:56:10.415Z [INFO]: Request completed {
  method: 'GET',
  url: '/src/index.css?v=zLqeYdViCvyU48hpAP66D',
  statusCode: 200,
  duration: '2ms',
  ip: '127.0.0.1',
  response: undefined
}
2025-08-20T18:56:10.442Z [INFO]: Request completed {
  method: 'GET',
  url: '/src/components/ui/toaster.tsx',
  statusCode: 304,
  duration: '1ms',
  ip: '127.0.0.1',
  response: undefined
}
2025-08-20T18:56:10.446Z [INFO]: Request completed {
  method: 'GET',
  url: '/src/components/ui/tooltip.tsx',
  statusCode: 304,
  duration: '2ms',
  ip: '127.0.0.1',
  response: undefined
}
2025-08-20T18:56:10.451Z [INFO]: Request completed {
  method: 'GET',
  url: '/src/lib/auth-store.ts',
  statusCode: 304,
  duration: '2ms',
  ip: '127.0.0.1',
  response: undefined
}
2025-08-20T18:56:10.456Z [INFO]: Request completed {
  method: 'GET',
  url: '/src/lib/queryClient.ts',
  statusCode: 304,
  duration: '3ms',
  ip: '127.0.0.1',
  response: undefined
}
2025-08-20T18:56:10.463Z [INFO]: Request completed {
  method: 'GET',
  url: '/src/components/layout/BusinessAppShell.tsx',
  statusCode: 304,
  duration: '2ms',
  ip: '127.0.0.1',
  response: undefined
}
2025-08-20T18:56:10.467Z [INFO]: Request completed {
  method: 'GET',
  url: '/src/components/layout/SuperAdminAppShell.tsx',
  statusCode: 304,
  duration: '2ms',
  ip: '127.0.0.1',
  response: undefined
}
2025-08-20T18:56:10.474Z [INFO]: Request completed {
  method: 'GET',
  url: '/src/pages/business/Login.tsx',
  statusCode: 304,
  duration: '3ms',
  ip: '127.0.0.1',
  response: undefined
}
2025-08-20T18:56:10.478Z [INFO]: Request completed {
  method: 'GET',
  url: '/src/pages/admin/Login.tsx',
  statusCode: 304,
  duration: '2ms',
  ip: '127.0.0.1',
  response: undefined
}
2025-08-20T18:56:10.483Z [INFO]: Request completed {
  method: 'GET',
  url: '/src/pages/business/Dashboard.tsx',
  statusCode: 304,
  duration: '2ms',
  ip: '127.0.0.1',
  response: undefined
}
2025-08-20T18:56:10.489Z [INFO]: Request completed {
  method: 'GET',
  url: '/src/pages/business/Accounts.tsx',
  statusCode: 304,
  duration: '2ms',
  ip: '127.0.0.1',
  response: undefined
}
2025-08-20T18:56:10.493Z [INFO]: Request completed {
  method: 'GET',
  url: '/src/pages/business/Cashbook.tsx',
  statusCode: 304,
  duration: '1ms',
  ip: '127.0.0.1',
  response: undefined
}
2025-08-20T18:56:10.497Z [INFO]: Request completed {
  method: 'GET',
  url: '/src/pages/business/Invoices.tsx',
  statusCode: 304,
  duration: '2ms',
  ip: '127.0.0.1',
  response: undefined
}
2025-08-20T18:56:10.500Z [INFO]: Request completed {
  method: 'GET',
  url: '/src/pages/business/Inventory.tsx',
  statusCode: 304,
  duration: '1ms',
  ip: '127.0.0.1',
  response: undefined
}
2025-08-20T18:56:10.505Z [INFO]: Request completed {
  method: 'GET',
  url: '/src/pages/business/Reports.tsx',
  statusCode: 304,
  duration: '2ms',
  ip: '127.0.0.1',
  response: undefined
}
2025-08-20T18:56:10.508Z [INFO]: Request completed {
  method: 'GET',
  url: '/src/pages/business/Settings.tsx',
  statusCode: 304,
  duration: '1ms',
  ip: '127.0.0.1',
  response: undefined
}
2025-08-20T18:56:10.512Z [INFO]: Request completed {
  method: 'GET',
  url: '/src/pages/admin/Dashboard.tsx',
  statusCode: 304,
  duration: '1ms',
  ip: '127.0.0.1',
  response: undefined
}
2025-08-20T18:56:10.517Z [INFO]: Request completed {
  method: 'GET',
  url: '/src/pages/admin/Businesses.tsx',
  statusCode: 304,
  duration: '2ms',
  ip: '127.0.0.1',
  response: undefined
}
2025-08-20T18:56:10.521Z [INFO]: Request completed {
  method: 'GET',
  url: '/src/pages/admin/Branches.tsx',
  statusCode: 304,
  duration: '2ms',
  ip: '127.0.0.1',
  response: undefined
}
2025-08-20T18:56:10.525Z [INFO]: Request completed {
  method: 'GET',
  url: '/src/pages/admin/UsersRoles.tsx',
  statusCode: 304,
  duration: '1ms',
  ip: '127.0.0.1',
  response: undefined
}
2025-08-20T18:56:10.529Z [INFO]: Request completed {
  method: 'GET',
  url: '/src/pages/admin/AppSettings.tsx',
  statusCode: 304,
  duration: '2ms',
  ip: '127.0.0.1',
  response: undefined
}
2025-08-20T18:56:10.533Z [INFO]: Request completed {
  method: 'GET',
  url: '/src/pages/admin/Audit.tsx',
  statusCode: 304,
  duration: '2ms',
  ip: '127.0.0.1',
  response: undefined
}
2025-08-20T18:56:10.537Z [INFO]: Request completed {
  method: 'GET',
  url: '/src/pages/admin/Feedback.tsx',
  statusCode: 304,
  duration: '2ms',
  ip: '127.0.0.1',
  response: undefined
}
2025-08-20T18:56:10.542Z [INFO]: Request completed {
  method: 'GET',
  url: '/src/pages/admin/Diagnostics.tsx',
  statusCode: 304,
  duration: '2ms',
  ip: '127.0.0.1',
  response: undefined
}
2025-08-20T18:56:10.552Z [INFO]: Request completed {
  method: 'GET',
  url: '/src/hooks/use-toast.ts',
  statusCode: 304,
  duration: '2ms',
  ip: '127.0.0.1',
  response: undefined
}
2025-08-20T18:56:10.556Z [INFO]: Request completed {
  method: 'GET',
  url: '/src/components/ui/toast.tsx',
  statusCode: 304,
  duration: '2ms',
  ip: '127.0.0.1',
  response: undefined
}
2025-08-20T18:56:10.561Z [INFO]: Request completed {
  method: 'GET',
  url: '/src/lib/utils.ts',
  statusCode: 304,
  duration: '1ms',
  ip: '127.0.0.1',
  response: undefined
}
2025-08-20T18:56:10.582Z [INFO]: Request completed {
  method: 'GET',
  url: '/src/components/layout/LedgerLayout.tsx',
  statusCode: 304,
  duration: '2ms',
  ip: '127.0.0.1',
  response: undefined
}
2025-08-20T18:56:10.587Z [INFO]: Request completed {
  method: 'GET',
  url: '/src/components/layout/SidebarNav.tsx',
  statusCode: 304,
  duration: '1ms',
  ip: '127.0.0.1',
  response: undefined
}
2025-08-20T18:56:10.591Z [INFO]: Request completed {
  method: 'GET',
  url: '/src/components/layout/AppHeader.tsx',
  statusCode: 304,
  duration: '1ms',
  ip: '127.0.0.1',
  response: undefined
}
2025-08-20T18:56:10.595Z [INFO]: Request completed {
  method: 'GET',
  url: '/src/components/layout/MobileNavDrawer.tsx',
  statusCode: 304,
  duration: '1ms',
  ip: '127.0.0.1',
  response: undefined
}
2025-08-20T18:56:10.599Z [INFO]: Request completed {
  method: 'GET',
  url: '/src/components/layout/MobileBottomNav.tsx',
  statusCode: 304,
  duration: '2ms',
  ip: '127.0.0.1',
  response: undefined
}
2025-08-20T18:56:10.603Z [INFO]: Request completed {
  method: 'GET',
  url: '/src/components/layout/Breadcrumb.tsx',
  statusCode: 304,
  duration: '2ms',
  ip: '127.0.0.1',
  response: undefined
}
2025-08-20T18:56:10.607Z [INFO]: Request completed {
  method: 'GET',
  url: '/src/components/ui/button.tsx',
  statusCode: 304,
  duration: '2ms',
  ip: '127.0.0.1',
  response: undefined
}
2025-08-20T18:56:10.611Z [INFO]: Request completed {
  method: 'GET',
  url: '/src/components/ui/label.tsx',
  statusCode: 304,
  duration: '2ms',
  ip: '127.0.0.1',
  response: undefined
}
2025-08-20T18:56:10.614Z [INFO]: Request completed {
  method: 'GET',
  url: '/src/components/ui/input.tsx',
  statusCode: 304,
  duration: '2ms',
  ip: '127.0.0.1',
  response: undefined
}
2025-08-20T18:56:10.618Z [INFO]: Request completed {
  method: 'GET',
  url: '/src/components/ui/card.tsx',
  statusCode: 304,
  duration: '2ms',
  ip: '127.0.0.1',
  response: undefined
}
2025-08-20T18:56:10.622Z [INFO]: Request completed {
  method: 'GET',
  url: '/src/lib/design-tokens.ts',
  statusCode: 304,
  duration: '2ms',
  ip: '127.0.0.1',
  response: undefined
}
2025-08-20T18:56:10.634Z [INFO]: Request completed {
  method: 'GET',
  url: '/src/lib/api.ts',
  statusCode: 304,
  duration: '2ms',
  ip: '127.0.0.1',
  response: undefined
}
2025-08-20T18:56:10.639Z [INFO]: Request completed {
  method: 'GET',
  url: '/src/components/ui/alert.tsx',
  statusCode: 304,
  duration: '2ms',
  ip: '127.0.0.1',
  response: undefined
}
2025-08-20T18:56:10.645Z [INFO]: Request completed {
  method: 'GET',
  url: '/src/components/ui/skeleton.tsx',
  statusCode: 304,
  duration: '1ms',
  ip: '127.0.0.1',
  response: undefined
}
2025-08-20T18:56:10.648Z [INFO]: Request completed {
  method: 'GET',
  url: '/src/components/ui/badge.tsx',
  statusCode: 304,
  duration: '1ms',
  ip: '127.0.0.1',
  response: undefined
}
2025-08-20T18:56:10.653Z [INFO]: Request completed {
  method: 'GET',
  url: '/src/components/modals/CashEntryModal.tsx',
  statusCode: 304,
  duration: '2ms',
  ip: '127.0.0.1',
  response: undefined
}
2025-08-20T18:56:10.659Z [INFO]: Request completed {
  method: 'GET',
  url: '/src/components/modals/CreateInvoiceModal.tsx',
  statusCode: 304,
  duration: '2ms',
  ip: '127.0.0.1',
  response: undefined
}
2025-08-20T18:56:10.665Z [INFO]: Request completed {
  method: 'GET',
  url: '/src/components/reports/StatementGenerator.tsx',
  statusCode: 304,
  duration: '1ms',
  ip: '127.0.0.1',
  response: undefined
}
2025-08-20T18:56:10.669Z [INFO]: Request completed {
  method: 'GET',
  url: '/src/components/modals/BulkOperationsModal.tsx',
  statusCode: 304,
  duration: '2ms',
  ip: '127.0.0.1',
  response: undefined
}
2025-08-20T18:56:10.674Z [INFO]: Request completed {
  method: 'GET',
  url: '/src/components/ui/dialog.tsx',
  statusCode: 304,
  duration: '2ms',
  ip: '127.0.0.1',
  response: undefined
}
2025-08-20T18:56:10.678Z [INFO]: Request completed {
  method: 'GET',
  url: '/src/components/ui/select.tsx',
  statusCode: 304,
  duration: '1ms',
  ip: '127.0.0.1',
  response: undefined
}
2025-08-20T18:56:10.682Z [INFO]: Request completed {
  method: 'GET',
  url: '/src/components/ui/switch.tsx',
  statusCode: 304,
  duration: '2ms',
  ip: '127.0.0.1',
  response: undefined
}
2025-08-20T18:56:10.686Z [INFO]: Request completed {
  method: 'GET',
  url: '/src/components/ui/textarea.tsx',
  statusCode: 304,
  duration: '2ms',
  ip: '127.0.0.1',
  response: undefined
}
2025-08-20T18:56:10.730Z [INFO]: Request completed {
  method: 'GET',
  url: '/src/components/ui/tabs.tsx',
  statusCode: 304,
  duration: '2ms',
  ip: '127.0.0.1',
  response: undefined
}
2025-08-20T18:56:10.734Z [INFO]: Request completed {
  method: 'GET',
  url: '/src/components/ui/sheet.tsx',
  statusCode: 304,
  duration: '2ms',
  ip: '127.0.0.1',
  response: undefined
}
2025-08-20T18:56:10.738Z [INFO]: Request completed {
  method: 'GET',
  url: '/src/components/ui/scroll-area.tsx',
  statusCode: 304,
  duration: '2ms',
  ip: '127.0.0.1',
  response: undefined
}
2025-08-20T18:56:10.750Z [INFO]: Request completed {
  method: 'GET',
  url: '/src/lib/photo-utils.ts',
  statusCode: 304,
  duration: '1ms',
  ip: '127.0.0.1',
  response: undefined
}
2025-08-20T18:56:10.756Z [INFO]: Request completed {
  method: 'GET',
  url: '/src/components/ui/form.tsx',
  statusCode: 304,
  duration: '2ms',
  ip: '127.0.0.1',
  response: undefined
}
2025-08-20T18:56:10.760Z [INFO]: Request completed {
  method: 'GET',
  url: '/src/components/ui/table.tsx',
  statusCode: 304,
  duration: '1ms',
  ip: '127.0.0.1',
  response: undefined
}
2025-08-20T18:56:10.764Z [INFO]: Request completed {
  method: 'GET',
  url: '/src/components/ui/loading.tsx',
  statusCode: 304,
  duration: '2ms',
  ip: '127.0.0.1',
  response: undefined
}
2025-08-20T18:56:10.768Z [INFO]: Request completed {
  method: 'GET',
  url: '/src/components/ui/progress.tsx',
  statusCode: 304,
  duration: '2ms',
  ip: '127.0.0.1',
  response: undefined
}
2025-08-20T18:56:10.944Z [INFO]: Request completed {
  method: 'POST',
  url: '/',
  statusCode: 200,
  duration: '10ms',
  ip: '127.0.0.1',
  response: undefined
}
2025-08-20T18:56:10.990Z [INFO]: Request completed {
  method: 'GET',
  url: '/',
  statusCode: 200,
  duration: '11ms',
  ip: '127.0.0.1',
  response: undefined
}
2025-08-20T18:56:12.811Z [INFO]: Request completed {
  method: 'GET',
  url: '/sw.js',
  statusCode: 304,
  duration: '5ms',
  ip: '127.0.0.1',
  response: undefined
}
2025-08-20T18:57:44.327Z [INFO]: Request completed {
  method: 'POST',
  url: '/',
  statusCode: 200,
  duration: '1236ms',
  ip: '127.0.0.1',
  response: undefined
}
2025-08-20T18:57:45.698Z [INFO]: Request completed {
  method: 'GET',
  url: '/sw.js',
  statusCode: 304,
  duration: '3ms',
  ip: '127.0.0.1',
  response: undefined
}
2025-08-20T18:59:02.251Z [INFO]: Request completed {
  method: 'GET',
  url: '/',
  statusCode: 200,
  duration: '89ms',
  ip: '127.0.0.1',
  response: undefined
}
2025-08-20T18:59:02.301Z [INFO]: Request completed {
  method: 'GET',
  url: '/src/main.tsx?v=9d5fICNoTlDaY71EE7h-l',
  statusCode: 200,
  duration: '15ms',
  ip: '127.0.0.1',
  response: undefined
}
2025-08-20T18:59:02.307Z [INFO]: Request completed {
  method: 'GET',
  url: '/.well-known/appspecific/com.chrome.devtools.json',
  statusCode: 404,
  duration: '2ms',
  ip: '127.0.0.1',
  response: undefined
}
2025-08-20T18:59:02.348Z [INFO]: Request completed {
  method: 'GET',
  url: '/@vite/client',
  statusCode: 200,
  duration: '59ms',
  ip: '127.0.0.1',
  response: undefined
}
2025-08-20T18:59:03.292Z [INFO]: Request completed {
  method: 'GET',
  url: '/@react-refresh',
  statusCode: 304,
  duration: '4ms',
  ip: '127.0.0.1',
  response: undefined
}
2025-08-20T18:59:03.297Z [INFO]: Request completed {
  method: 'GET',
  url: '/@fs/C:/ledgerApp/node_modules/vite/dist/client/env.mjs',
  statusCode: 304,
  duration: '2ms',
  ip: '127.0.0.1',
  response: undefined
}
2025-08-20T18:59:03.303Z [INFO]: Request completed {
  method: 'GET',
  url: '/src/App.tsx?v=9d5fICNoTlDaY71EE7h-l',
  statusCode: 200,
  duration: '3ms',
  ip: '127.0.0.1',
  response: undefined
}
2025-08-20T18:59:03.309Z [INFO]: Request completed {
  method: 'GET',
  url: '/src/index.css?v=9d5fICNoTlDaY71EE7h-l',
  statusCode: 200,
  duration: '4ms',
  ip: '127.0.0.1',
  response: undefined
}
2025-08-20T18:59:03.334Z [INFO]: Request completed {
  method: 'GET',
  url: '/src/components/ui/toaster.tsx',
  statusCode: 304,
  duration: '2ms',
  ip: '127.0.0.1',
  response: undefined
}
2025-08-20T18:59:03.338Z [INFO]: Request completed {
  method: 'GET',
  url: '/src/components/ui/tooltip.tsx',
  statusCode: 304,
  duration: '2ms',
  ip: '127.0.0.1',
  response: undefined
}
2025-08-20T18:59:03.343Z [INFO]: Request completed {
  method: 'GET',
  url: '/src/lib/auth-store.ts',
  statusCode: 304,
  duration: '3ms',
  ip: '127.0.0.1',
  response: undefined
}
2025-08-20T18:59:03.347Z [INFO]: Request completed {
  method: 'GET',
  url: '/src/components/layout/SuperAdminAppShell.tsx',
  statusCode: 304,
  duration: '3ms',
  ip: '127.0.0.1',
  response: undefined
}
2025-08-20T18:59:03.352Z [INFO]: Request completed {
  method: 'GET',
  url: '/src/pages/business/Login.tsx',
  statusCode: 304,
  duration: '3ms',
  ip: '127.0.0.1',
  response: undefined
}
2025-08-20T18:59:03.355Z [INFO]: Request completed {
  method: 'GET',
  url: '/src/pages/admin/Login.tsx',
  statusCode: 304,
  duration: '2ms',
  ip: '127.0.0.1',
  response: undefined
}
2025-08-20T18:59:03.359Z [INFO]: Request completed {
  method: 'GET',
  url: '/src/lib/queryClient.ts',
  statusCode: 304,
  duration: '2ms',
  ip: '127.0.0.1',
  response: undefined
}
2025-08-20T18:59:03.362Z [INFO]: Request completed {
  method: 'GET',
  url: '/src/components/layout/BusinessAppShell.tsx',
  statusCode: 304,
  duration: '1ms',
  ip: '127.0.0.1',
  response: undefined
}
2025-08-20T18:59:03.365Z [INFO]: Request completed {
  method: 'GET',
  url: '/src/pages/business/Accounts.tsx',
  statusCode: 304,
  duration: '1ms',
  ip: '127.0.0.1',
  response: undefined
}
2025-08-20T18:59:03.369Z [INFO]: Request completed {
  method: 'GET',
  url: '/src/pages/business/Cashbook.tsx',
  statusCode: 304,
  duration: '2ms',
  ip: '127.0.0.1',
  response: undefined
}
2025-08-20T18:59:03.372Z [INFO]: Request completed {
  method: 'GET',
  url: '/src/pages/business/Invoices.tsx',
  statusCode: 304,
  duration: '1ms',
  ip: '127.0.0.1',
  response: undefined
}
2025-08-20T18:59:03.376Z [INFO]: Request completed {
  method: 'GET',
  url: '/src/pages/business/Inventory.tsx',
  statusCode: 304,
  duration: '2ms',
  ip: '127.0.0.1',
  response: undefined
}
2025-08-20T18:59:03.380Z [INFO]: Request completed {
  method: 'GET',
  url: '/src/pages/business/Reports.tsx',
  statusCode: 304,
  duration: '1ms',
  ip: '127.0.0.1',
  response: undefined
}
2025-08-20T18:59:03.383Z [INFO]: Request completed {
  method: 'GET',
  url: '/src/pages/business/Settings.tsx',
  statusCode: 304,
  duration: '2ms',
  ip: '127.0.0.1',
  response: undefined
}
2025-08-20T18:59:03.386Z [INFO]: Request completed {
  method: 'GET',
  url: '/src/pages/admin/Dashboard.tsx',
  statusCode: 304,
  duration: '1ms',
  ip: '127.0.0.1',
  response: undefined
}
2025-08-20T18:59:03.391Z [INFO]: Request completed {
  method: 'GET',
  url: '/src/pages/admin/Businesses.tsx',
  statusCode: 304,
  duration: '3ms',
  ip: '127.0.0.1',
  response: undefined
}
2025-08-20T18:59:03.395Z [INFO]: Request completed {
  method: 'GET',
  url: '/src/pages/admin/Branches.tsx',
  statusCode: 304,
  duration: '2ms',
  ip: '127.0.0.1',
  response: undefined
}
2025-08-20T18:59:03.398Z [INFO]: Request completed {
  method: 'GET',
  url: '/src/pages/admin/UsersRoles.tsx',
  statusCode: 304,
  duration: '1ms',
  ip: '127.0.0.1',
  response: undefined
}
2025-08-20T18:59:03.402Z [INFO]: Request completed {
  method: 'GET',
  url: '/src/pages/admin/AppSettings.tsx',
  statusCode: 304,
  duration: '2ms',
  ip: '127.0.0.1',
  response: undefined
}
2025-08-20T18:59:03.410Z [INFO]: Request completed {
  method: 'GET',
  url: '/src/pages/admin/Audit.tsx',
  statusCode: 304,
  duration: '1ms',
  ip: '127.0.0.1',
  response: undefined
}
2025-08-20T18:59:03.415Z [INFO]: Request completed {
  method: 'GET',
  url: '/src/pages/admin/Feedback.tsx',
  statusCode: 304,
  duration: '2ms',
  ip: '127.0.0.1',
  response: undefined
}
2025-08-20T18:59:03.420Z [INFO]: Request completed {
  method: 'GET',
  url: '/src/pages/admin/Diagnostics.tsx',
  statusCode: 304,
  duration: '2ms',
  ip: '127.0.0.1',
  response: undefined
}
2025-08-20T18:59:03.425Z [INFO]: Request completed {
  method: 'GET',
  url: '/src/hooks/use-toast.ts',
  statusCode: 304,
  duration: '3ms',
  ip: '127.0.0.1',
  response: undefined
}
2025-08-20T18:59:03.440Z [INFO]: Request completed {
  method: 'GET',
  url: '/src/components/ui/toast.tsx',
  statusCode: 304,
  duration: '5ms',
  ip: '127.0.0.1',
  response: undefined
}
2025-08-20T18:59:03.450Z [INFO]: Request completed {
  method: 'GET',
  url: '/src/lib/utils.ts',
  statusCode: 304,
  duration: '7ms',
  ip: '127.0.0.1',
  response: undefined
}
2025-08-20T18:59:03.455Z [INFO]: Request completed {
  method: 'GET',
  url: '/src/components/layout/AppHeader.tsx',
  statusCode: 304,
  duration: '1ms',
  ip: '127.0.0.1',
  response: undefined
}
2025-08-20T18:59:03.467Z [INFO]: Request completed {
  method: 'GET',
  url: '/src/pages/business/Dashboard.tsx',
  statusCode: 304,
  duration: '8ms',
  ip: '127.0.0.1',
  response: undefined
}
2025-08-20T18:59:03.472Z [INFO]: Request completed {
  method: 'GET',
  url: '/src/components/layout/SidebarNav.tsx',
  statusCode: 304,
  duration: '2ms',
  ip: '127.0.0.1',
  response: undefined
}
2025-08-20T18:59:03.477Z [INFO]: Request completed {
  method: 'GET',
  url: '/src/components/layout/MobileNavDrawer.tsx',
  statusCode: 304,
  duration: '4ms',
  ip: '127.0.0.1',
  response: undefined
}
2025-08-20T18:59:03.484Z [INFO]: Request completed {
  method: 'GET',
  url: '/src/components/layout/MobileBottomNav.tsx',
  statusCode: 304,
  duration: '4ms',
  ip: '127.0.0.1',
  response: undefined
}
2025-08-20T18:59:03.487Z [INFO]: Request completed {
  method: 'GET',
  url: '/src/components/ui/button.tsx',
  statusCode: 304,
  duration: '1ms',
  ip: '127.0.0.1',
  response: undefined
}
2025-08-20T18:59:03.490Z [INFO]: Request completed {
  method: 'GET',
  url: '/src/components/ui/input.tsx',
  statusCode: 304,
  duration: '1ms',
  ip: '127.0.0.1',
  response: undefined
}
2025-08-20T18:59:03.494Z [INFO]: Request completed {
  method: 'GET',
  url: '/src/components/ui/label.tsx',
  statusCode: 304,
  duration: '2ms',
  ip: '127.0.0.1',
  response: undefined
}
2025-08-20T18:59:03.498Z [INFO]: Request completed {
  method: 'GET',
  url: '/src/components/ui/card.tsx',
  statusCode: 304,
  duration: '2ms',
  ip: '127.0.0.1',
  response: undefined
}
2025-08-20T18:59:03.501Z [INFO]: Request completed {
  method: 'GET',
  url: '/src/lib/design-tokens.ts',
  statusCode: 304,
  duration: '1ms',
  ip: '127.0.0.1',
  response: undefined
}
2025-08-20T18:59:03.505Z [INFO]: Request completed {
  method: 'GET',
  url: '/src/lib/api.ts',
  statusCode: 304,
  duration: '2ms',
  ip: '127.0.0.1',
  response: undefined
}
2025-08-20T18:59:03.509Z [INFO]: Request completed {
  method: 'GET',
  url: '/src/components/ui/alert.tsx',
  statusCode: 304,
  duration: '2ms',
  ip: '127.0.0.1',
  response: undefined
}
2025-08-20T18:59:03.512Z [INFO]: Request completed {
  method: 'GET',
  url: '/src/components/ui/skeleton.tsx',
  statusCode: 304,
  duration: '1ms',
  ip: '127.0.0.1',
  response: undefined
}
2025-08-20T18:59:03.516Z [INFO]: Request completed {
  method: 'GET',
  url: '/src/components/layout/LedgerLayout.tsx',
  statusCode: 304,
  duration: '2ms',
  ip: '127.0.0.1',
  response: undefined
}
2025-08-20T18:59:03.519Z [INFO]: Request completed {
  method: 'GET',
  url: '/src/components/ui/badge.tsx',
  statusCode: 304,
  duration: '2ms',
  ip: '127.0.0.1',
  response: undefined
}
2025-08-20T18:59:03.523Z [INFO]: Request completed {
  method: 'GET',
  url: '/src/components/ui/switch.tsx',
  statusCode: 304,
  duration: '2ms',
  ip: '127.0.0.1',
  response: undefined
}
2025-08-20T18:59:03.527Z [INFO]: Request completed {
  method: 'GET',
  url: '/src/components/ui/select.tsx',
  statusCode: 304,
  duration: '1ms',
  ip: '127.0.0.1',
  response: undefined
}
2025-08-20T18:59:03.530Z [INFO]: Request completed {
  method: 'GET',
  url: '/src/components/ui/textarea.tsx',
  statusCode: 304,
  duration: '1ms',
  ip: '127.0.0.1',
  response: undefined
}
2025-08-20T18:59:03.534Z [INFO]: Request completed {
  method: 'GET',
  url: '/src/components/modals/CashEntryModal.tsx',
  statusCode: 304,
  duration: '2ms',
  ip: '127.0.0.1',
  response: undefined
}
2025-08-20T18:59:03.538Z [INFO]: Request completed {
  method: 'GET',
  url: '/src/components/modals/CreateInvoiceModal.tsx',
  statusCode: 304,
  duration: '1ms',
  ip: '127.0.0.1',
  response: undefined
}
2025-08-20T18:59:03.543Z [INFO]: Request completed {
  method: 'GET',
  url: '/src/components/reports/StatementGenerator.tsx',
  statusCode: 304,
  duration: '2ms',
  ip: '127.0.0.1',
  response: undefined
}
2025-08-20T18:59:03.547Z [INFO]: Request completed {
  method: 'GET',
  url: '/src/components/layout/Breadcrumb.tsx',
  statusCode: 304,
  duration: '3ms',
  ip: '127.0.0.1',
  response: undefined
}
2025-08-20T18:59:03.551Z [INFO]: Request completed {
  method: 'GET',
  url: '/src/components/modals/BulkOperationsModal.tsx',
  statusCode: 304,
  duration: '2ms',
  ip: '127.0.0.1',
  response: undefined
}
2025-08-20T18:59:03.554Z [INFO]: Request completed {
  method: 'GET',
  url: '/src/components/ui/dialog.tsx',
  statusCode: 304,
  duration: '2ms',
  ip: '127.0.0.1',
  response: undefined
}
2025-08-20T18:59:03.557Z [INFO]: Request completed {
  method: 'GET',
  url: '/src/components/ui/tabs.tsx',
  statusCode: 304,
  duration: '1ms',
  ip: '127.0.0.1',
  response: undefined
}
2025-08-20T18:59:03.560Z [INFO]: Request completed {
  method: 'GET',
  url: '/src/components/ui/sheet.tsx',
  statusCode: 304,
  duration: '2ms',
  ip: '127.0.0.1',
  response: undefined
}
2025-08-20T18:59:03.564Z [INFO]: Request completed {
  method: 'GET',
  url: '/src/components/ui/scroll-area.tsx',
  statusCode: 304,
  duration: '2ms',
  ip: '127.0.0.1',
  response: undefined
}
2025-08-20T18:59:03.568Z [INFO]: Request completed {
  method: 'GET',
  url: '/src/lib/photo-utils.ts',
  statusCode: 304,
  duration: '2ms',
  ip: '127.0.0.1',
  response: undefined
}
2025-08-20T18:59:03.571Z [INFO]: Request completed {
  method: 'GET',
  url: '/src/components/ui/form.tsx',
  statusCode: 304,
  duration: '1ms',
  ip: '127.0.0.1',
  response: undefined
}
2025-08-20T18:59:03.575Z [INFO]: Request completed {
  method: 'GET',
  url: '/src/components/ui/table.tsx',
  statusCode: 304,
  duration: '2ms',
  ip: '127.0.0.1',
  response: undefined
}
2025-08-20T18:59:03.578Z [INFO]: Request completed {
  method: 'GET',
  url: '/src/components/ui/loading.tsx',
  statusCode: 304,
  duration: '2ms',
  ip: '127.0.0.1',
  response: undefined
}
2025-08-20T18:59:03.581Z [INFO]: Request completed {
  method: 'GET',
  url: '/src/components/ui/progress.tsx',
  statusCode: 304,
  duration: '2ms',
  ip: '127.0.0.1',
  response: undefined
}
2025-08-20T18:59:03.726Z [INFO]: Request completed {
  method: 'POST',
  url: '/',
  statusCode: 200,
  duration: '15ms',
  ip: '127.0.0.1',
  response: undefined
}
2025-08-20T18:59:03.730Z [INFO]: Request completed {
  method: 'GET',
  url: '/sw.js',
  statusCode: 304,
  duration: '2ms',
  ip: '127.0.0.1',
  response: undefined
}
2025-08-20T18:59:03.762Z [INFO]: Request completed {
  method: 'GET',
  url: '/src/App.tsx',
  statusCode: 200,
  duration: '8ms',
  ip: '127.0.0.1',
  response: undefined
}
2025-08-20T18:59:03.784Z [INFO]: Request completed {
  method: 'GET',
  url: '/',
  statusCode: 200,
  duration: '39ms',
  ip: '127.0.0.1',
  response: undefined
}
2025-08-20T18:59:03.790Z [INFO]: Request completed {
  method: 'GET',
  url: '/src/index.css',
  statusCode: 200,
  duration: '3ms',
  ip: '127.0.0.1',
  response: undefined
}
2025-08-20T18:59:03.797Z [INFO]: Request completed {
  method: 'GET',
  url: '/src/main.tsx',
  statusCode: 304,
  duration: '48ms',
  ip: '127.0.0.1',
  response: undefined
}
2025-08-20T18:59:03.815Z [INFO]: Request completed {
  method: 'GET',
  url: '/',
  statusCode: 200,
  duration: '45ms',
  ip: '127.0.0.1',
  response: undefined
}
2025-08-20T19:06:57.599Z [INFO]: Request completed {
  method: 'GET',
  url: '/',
  statusCode: 200,
  duration: '588ms',
  ip: '127.0.0.1',
  response: undefined
}
2025-08-20T19:06:58.213Z [INFO]: Request completed {
  method: 'GET',
  url: '/.well-known/appspecific/com.chrome.devtools.json',
  statusCode: 404,
  duration: '1ms',
  ip: '127.0.0.1',
  response: undefined
}
2025-08-20T19:06:58.249Z [INFO]: Request completed {
  method: 'GET',
  url: '/@vite/client',
  statusCode: 200,
  duration: '44ms',
  ip: '127.0.0.1',
  response: undefined
}
2025-08-20T19:06:58.270Z [INFO]: Request completed {
  method: 'GET',
  url: '/src/main.tsx?v=BDDEtOXBUmcJUCnIEsX-u',
  statusCode: 200,
  duration: '61ms',
  ip: '127.0.0.1',
  response: undefined
}
2025-08-20T19:06:58.682Z [INFO]: Request completed {
  method: 'GET',
  url: '/@fs/c:/ledgerApp/node_modules/vite/dist/client/env.mjs',
  statusCode: 304,
  duration: '2ms',
  ip: '127.0.0.1',
  response: undefined
}
2025-08-20T19:06:58.693Z [INFO]: Request completed {
  method: 'GET',
  url: '/@react-refresh',
  statusCode: 304,
  duration: '14ms',
  ip: '127.0.0.1',
  response: undefined
}
2025-08-20T19:06:58.705Z [INFO]: Request completed {
  method: 'GET',
  url: '/@fs/C:/ledgerApp/client/src/App.tsx?v=BDDEtOXBUmcJUCnIEsX-u',
  statusCode: 200,
  duration: '9ms',
  ip: '127.0.0.1',
  response: undefined
}
2025-08-20T19:06:59.442Z [INFO]: Request completed {
  method: 'GET',
  url: '/@fs/C:/ledgerApp/client/src/index.css?v=BDDEtOXBUmcJUCnIEsX-u',
  statusCode: 200,
  duration: '2ms',
  ip: '127.0.0.1',
  response: undefined
}
2025-08-20T19:06:59.849Z [INFO]: Request completed {
  method: 'GET',
  url: '/@fs/C:/ledgerApp/client/src/lib/auth-store.ts',
  statusCode: 200,
  duration: '46ms',
  ip: '127.0.0.1',
  response: undefined
}
2025-08-20T19:06:59.850Z [INFO]: Request completed {
  method: 'GET',
  url: '/@fs/C:/ledgerApp/client/src/components/ui/tooltip.tsx',
  statusCode: 200,
  duration: '41ms',
  ip: '127.0.0.1',
  response: undefined
}
2025-08-20T19:06:59.858Z [INFO]: Request completed {
  method: 'GET',
  url: '/@fs/C:/ledgerApp/client/src/lib/queryClient.ts',
  statusCode: 200,
  duration: '2ms',
  ip: '127.0.0.1',
  response: undefined
}
2025-08-20T19:06:59.950Z [INFO]: Request completed {
  method: 'GET',
  url: '/@fs/C:/ledgerApp/client/src/components/ui/toaster.tsx',
  statusCode: 200,
  duration: '1ms',
  ip: '127.0.0.1',
  response: undefined
}
2025-08-20T19:06:59.952Z [INFO]: Request completed {
  method: 'GET',
  url: '/@fs/C:/ledgerApp/client/src/components/layout/BusinessAppShell.tsx',
  statusCode: 200,
  duration: '1ms',
  ip: '127.0.0.1',
  response: undefined
}
2025-08-20T19:06:59.957Z [INFO]: Request completed {
  method: 'GET',
  url: '/@fs/C:/ledgerApp/client/src/components/layout/SuperAdminAppShell.tsx',
  statusCode: 200,
  duration: '2ms',
  ip: '127.0.0.1',
  response: undefined
}
2025-08-20T19:07:00.077Z [INFO]: Request completed {
  method: 'GET',
  url: '/@fs/C:/ledgerApp/client/src/pages/admin/Login.tsx',
  statusCode: 200,
  duration: '1ms',
  ip: '127.0.0.1',
  response: undefined
}
2025-08-20T19:07:00.159Z [INFO]: Request completed {
  method: 'GET',
  url: '/@fs/C:/ledgerApp/client/src/pages/business/Login.tsx',
  statusCode: 200,
  duration: '3ms',
  ip: '127.0.0.1',
  response: undefined
}
2025-08-20T19:07:00.181Z [INFO]: Request completed {
  method: 'GET',
  url: '/@fs/C:/ledgerApp/client/src/pages/business/Accounts.tsx',
  statusCode: 200,
  duration: '2ms',
  ip: '127.0.0.1',
  response: undefined
}
2025-08-20T19:07:00.446Z [INFO]: Request completed {
  method: 'GET',
  url: '/@fs/C:/ledgerApp/client/src/pages/business/Cashbook.tsx',
  statusCode: 200,
  duration: '2ms',
  ip: '127.0.0.1',
  response: undefined
}
2025-08-20T19:07:00.582Z [INFO]: Request completed {
  method: 'GET',
  url: '/@fs/C:/ledgerApp/client/src/pages/business/Dashboard.tsx',
  statusCode: 200,
  duration: '4ms',
  ip: '127.0.0.1',
  response: undefined
}
2025-08-20T19:07:00.717Z [INFO]: Request completed {
  method: 'GET',
  url: '/@fs/C:/ledgerApp/client/src/pages/business/Invoices.tsx',
  statusCode: 200,
  duration: '2ms',
  ip: '127.0.0.1',
  response: undefined
}
2025-08-20T19:07:00.733Z [INFO]: Request completed {
  method: 'GET',
  url: '/@fs/C:/ledgerApp/client/src/pages/business/Inventory.tsx',
  statusCode: 200,
  duration: '2ms',
  ip: '127.0.0.1',
  response: undefined
}
2025-08-20T19:07:00.742Z [INFO]: Request completed {
  method: 'GET',
  url: '/@fs/C:/ledgerApp/client/src/pages/business/Reports.tsx',
  statusCode: 200,
  duration: '2ms',
  ip: '127.0.0.1',
  response: undefined
}
2025-08-20T19:07:00.748Z [INFO]: Request completed {
  method: 'GET',
  url: '/@fs/C:/ledgerApp/client/src/pages/business/Settings.tsx',
  statusCode: 200,
  duration: '4ms',
  ip: '127.0.0.1',
  response: undefined
}
2025-08-20T19:07:00.756Z [INFO]: Request completed {
  method: 'GET',
  url: '/@fs/C:/ledgerApp/client/src/pages/admin/Dashboard.tsx',
  statusCode: 200,
  duration: '3ms',
  ip: '127.0.0.1',
  response: undefined
}
2025-08-20T19:07:00.760Z [INFO]: Request completed {
  method: 'GET',
  url: '/@fs/C:/ledgerApp/client/src/pages/admin/Businesses.tsx',
  statusCode: 200,
  duration: '2ms',
  ip: '127.0.0.1',
  response: undefined
}
2025-08-20T19:07:00.767Z [INFO]: Request completed {
  method: 'GET',
  url: '/@fs/C:/ledgerApp/client/src/pages/admin/Branches.tsx',
  statusCode: 200,
  duration: '3ms',
  ip: '127.0.0.1',
  response: undefined
}
2025-08-20T19:07:00.772Z [INFO]: Request completed {
  method: 'GET',
  url: '/@fs/C:/ledgerApp/client/src/pages/admin/UsersRoles.tsx',
  statusCode: 200,
  duration: '2ms',
  ip: '127.0.0.1',
  response: undefined
}
2025-08-20T19:07:00.778Z [INFO]: Request completed {
  method: 'GET',
  url: '/@fs/C:/ledgerApp/client/src/pages/admin/AppSettings.tsx',
  statusCode: 200,
  duration: '2ms',
  ip: '127.0.0.1',
  response: undefined
}
2025-08-20T19:07:00.786Z [INFO]: Request completed {
  method: 'GET',
  url: '/@fs/C:/ledgerApp/client/src/pages/admin/Audit.tsx',
  statusCode: 200,
  duration: '3ms',
  ip: '127.0.0.1',
  response: undefined
}
2025-08-20T19:07:00.793Z [INFO]: Request completed {
  method: 'GET',
  url: '/@fs/C:/ledgerApp/client/src/pages/admin/Feedback.tsx',
  statusCode: 200,
  duration: '4ms',
  ip: '127.0.0.1',
  response: undefined
}
2025-08-20T19:07:00.810Z [INFO]: Request completed {
  method: 'GET',
  url: '/@fs/C:/ledgerApp/client/src/pages/admin/Diagnostics.tsx',
  statusCode: 200,
  duration: '2ms',
  ip: '127.0.0.1',
  response: undefined
}
2025-08-20T19:07:00.824Z [INFO]: Request completed {
  method: 'GET',
  url: '/@fs/c:/ledgerApp/node_modules/.vite/deps/react_jsx-dev-runtime.js?v=d081f499',
  statusCode: 200,
  duration: '2140ms',
  ip: '127.0.0.1',
  response: undefined
}
2025-08-20T19:07:00.831Z [INFO]: Request completed {
  method: 'GET',
  url: '/@fs/c:/ledgerApp/node_modules/.vite/deps/react-dom_client.js?v=a18b0bca',
  statusCode: 200,
  duration: '2145ms',
  ip: '127.0.0.1',
  response: undefined
}
2025-08-20T19:07:00.838Z [INFO]: Request completed {
  method: 'GET',
  url: '/@fs/c:/ledgerApp/node_modules/.vite/deps/@tanstack_react-query.js?v=db0e3bb6',
  statusCode: 200,
  duration: '1035ms',
  ip: '127.0.0.1',
  response: undefined
}
2025-08-20T19:07:00.843Z [INFO]: Request completed {
  method: 'GET',
  url: '/@fs/c:/ledgerApp/node_modules/.vite/deps/react.js?v=d081f499',
  statusCode: 200,
  duration: '1042ms',
  ip: '127.0.0.1',
  response: undefined
}
2025-08-20T19:07:00.847Z [INFO]: Request completed {
  method: 'GET',
  url: '/@fs/c:/ledgerApp/node_modules/.vite/deps/zustand.js?v=0670d8ad',
  statusCode: 200,
  duration: '31ms',
  ip: '127.0.0.1',
  response: undefined
}
2025-08-20T19:07:00.853Z [INFO]: Request completed {
  method: 'GET',
  url: '/@fs/c:/ledgerApp/node_modules/.vite/deps/wouter.js?v=31a25d3f',
  statusCode: 200,
  duration: '794ms',
  ip: '127.0.0.1',
  response: undefined
}
2025-08-20T19:07:00.876Z [INFO]: Request completed {
  method: 'GET',
  url: '/@fs/c:/ledgerApp/node_modules/.vite/deps/zustand_middleware.js?v=98e857bb',
  statusCode: 200,
  duration: '1ms',
  ip: '127.0.0.1',
  response: undefined
}
2025-08-20T19:07:00.879Z [INFO]: Request completed {
  method: 'GET',
  url: '/@fs/c:/ledgerApp/node_modules/.vite/deps/@radix-ui_react-tooltip.js?v=fead0f72',
  statusCode: 200,
  duration: '2ms',
  ip: '127.0.0.1',
  response: undefined
}
2025-08-20T19:07:00.884Z [INFO]: Request completed {
  method: 'GET',
  url: '/@fs/C:/ledgerApp/client/src/lib/utils.ts',
  statusCode: 200,
  duration: '4ms',
  ip: '127.0.0.1',
  response: undefined
}
2025-08-20T19:07:00.888Z [INFO]: Request completed {
  method: 'GET',
  url: '/@fs/c:/ledgerApp/node_modules/.vite/deps/@tanstack_react-query-persist-client.js?v=f0b52d8b',
  statusCode: 200,
  duration: '2ms',
  ip: '127.0.0.1',
  response: undefined
}
2025-08-20T19:07:00.891Z [INFO]: Request completed {
  method: 'GET',
  url: '/@fs/c:/ledgerApp/node_modules/.vite/deps/@tanstack_query-sync-storage-persister.js?v=2ae57a56',
  statusCode: 200,
  duration: '1ms',
  ip: '127.0.0.1',
  response: undefined
}
2025-08-20T19:07:00.894Z [INFO]: Request completed {
  method: 'GET',
  url: '/@fs/C:/ledgerApp/client/src/hooks/use-toast.ts',
  statusCode: 200,
  duration: '1ms',
  ip: '127.0.0.1',
  response: undefined
}
2025-08-20T19:07:00.897Z [INFO]: Request completed {
  method: 'GET',
  url: '/@fs/C:/ledgerApp/client/src/components/layout/AppHeader.tsx',
  statusCode: 200,
  duration: '2ms',
  ip: '127.0.0.1',
  response: undefined
}
2025-08-20T19:07:00.916Z [INFO]: Request completed {
  method: 'GET',
  url: '/@fs/C:/ledgerApp/client/src/components/ui/toast.tsx',
  statusCode: 200,
  duration: '1ms',
  ip: '127.0.0.1',
  response: undefined
}
2025-08-20T19:07:00.921Z [INFO]: Request completed {
  method: 'GET',
  url: '/@fs/C:/ledgerApp/client/src/components/layout/LedgerLayout.tsx',
  statusCode: 200,
  duration: '4ms',
  ip: '127.0.0.1',
  response: undefined
}
2025-08-20T19:07:00.924Z [INFO]: Request completed {
  method: 'GET',
  url: '/@fs/C:/ledgerApp/client/src/components/layout/SidebarNav.tsx',
  statusCode: 200,
  duration: '2ms',
  ip: '127.0.0.1',
  response: undefined
}
2025-08-20T19:07:00.927Z [INFO]: Request completed {
  method: 'GET',
  url: '/@fs/C:/ledgerApp/client/src/components/layout/MobileNavDrawer.tsx',
  statusCode: 200,
  duration: '1ms',
  ip: '127.0.0.1',
  response: undefined
}
2025-08-20T19:07:00.930Z [INFO]: Request completed {
  method: 'GET',
  url: '/@fs/C:/ledgerApp/client/src/components/layout/MobileBottomNav.tsx',
  statusCode: 200,
  duration: '2ms',
  ip: '127.0.0.1',
  response: undefined
}
2025-08-20T19:07:00.933Z [INFO]: Request completed {
  method: 'GET',
  url: '/@fs/C:/ledgerApp/client/src/components/layout/Breadcrumb.tsx',
  statusCode: 200,
  duration: '2ms',
  ip: '127.0.0.1',
  response: undefined
}
2025-08-20T19:07:00.937Z [INFO]: Request completed {
  method: 'GET',
  url: '/@fs/C:/ledgerApp/client/src/components/ui/button.tsx',
  statusCode: 200,
  duration: '1ms',
  ip: '127.0.0.1',
  response: undefined
}
2025-08-20T19:07:00.942Z [INFO]: Request completed {
  method: 'GET',
  url: '/@fs/c:/ledgerApp/node_modules/.vite/deps/lucide-react.js?v=19aa1480',
  statusCode: 200,
  duration: '4ms',
  ip: '127.0.0.1',
  response: undefined
}
2025-08-20T19:07:00.944Z [INFO]: Request completed {
  method: 'GET',
  url: '/@fs/C:/ledgerApp/client/src/components/ui/input.tsx',
  statusCode: 200,
  duration: '1ms',
  ip: '127.0.0.1',
  response: undefined
}
2025-08-20T19:07:00.947Z [INFO]: Request completed {
  method: 'GET',
  url: '/@fs/C:/ledgerApp/client/src/components/ui/label.tsx',
  statusCode: 200,
  duration: '1ms',
  ip: '127.0.0.1',
  response: undefined
}
2025-08-20T19:07:00.949Z [INFO]: Request completed {
  method: 'GET',
  url: '/@fs/C:/ledgerApp/client/src/components/ui/card.tsx',
  statusCode: 200,
  duration: '2ms',
  ip: '127.0.0.1',
  response: undefined
}
2025-08-20T19:07:00.970Z [INFO]: Request completed {
  method: 'GET',
  url: '/@fs/C:/ledgerApp/client/src/lib/design-tokens.ts',
  statusCode: 200,
  duration: '1ms',
  ip: '127.0.0.1',
  response: undefined
}
2025-08-20T19:07:00.973Z [INFO]: Request completed {
  method: 'GET',
  url: '/@fs/C:/ledgerApp/client/src/lib/api.ts',
  statusCode: 200,
  duration: '1ms',
  ip: '127.0.0.1',
  response: undefined
}
2025-08-20T19:07:00.975Z [INFO]: Request completed {
  method: 'GET',
  url: '/@fs/C:/ledgerApp/client/src/components/ui/alert.tsx',
  statusCode: 200,
  duration: '1ms',
  ip: '127.0.0.1',
  response: undefined
}
2025-08-20T19:07:00.978Z [INFO]: Request completed {
  method: 'GET',
  url: '/@fs/C:/ledgerApp/client/src/components/ui/skeleton.tsx',
  statusCode: 200,
  duration: '1ms',
  ip: '127.0.0.1',
  response: undefined
}
2025-08-20T19:07:00.980Z [INFO]: Request completed {
  method: 'GET',
  url: '/@fs/C:/ledgerApp/client/src/components/ui/badge.tsx',
  statusCode: 200,
  duration: '2ms',
  ip: '127.0.0.1',
  response: undefined
}
2025-08-20T19:07:00.997Z [INFO]: Request completed {
  method: 'GET',
  url: '/@fs/C:/ledgerApp/client/src/components/modals/CashEntryModal.tsx',
  statusCode: 200,
  duration: '2ms',
  ip: '127.0.0.1',
  response: undefined
}
2025-08-20T19:07:01.001Z [INFO]: Request completed {
  method: 'GET',
  url: '/@fs/C:/ledgerApp/client/src/components/modals/CreateInvoiceModal.tsx',
  statusCode: 200,
  duration: '2ms',
  ip: '127.0.0.1',
  response: undefined
}
2025-08-20T19:07:01.004Z [INFO]: Request completed {
  method: 'GET',
  url: '/@fs/C:/ledgerApp/client/src/components/reports/StatementGenerator.tsx',
  statusCode: 200,
  duration: '2ms',
  ip: '127.0.0.1',
  response: undefined
}
2025-08-20T19:07:01.008Z [INFO]: Request completed {
  method: 'GET',
  url: '/@fs/C:/ledgerApp/client/src/components/modals/BulkOperationsModal.tsx',
  statusCode: 200,
  duration: '2ms',
  ip: '127.0.0.1',
  response: undefined
}
2025-08-20T19:07:01.010Z [INFO]: Request completed {
  method: 'GET',
  url: '/@fs/C:/ledgerApp/client/src/components/ui/dialog.tsx',
  statusCode: 200,
  duration: '2ms',
  ip: '127.0.0.1',
  response: undefined
}
2025-08-20T19:07:01.014Z [INFO]: Request completed {
  method: 'GET',
  url: '/@fs/C:/ledgerApp/client/src/components/ui/select.tsx',
  statusCode: 200,
  duration: '2ms',
  ip: '127.0.0.1',
  response: undefined
}
2025-08-20T19:07:01.017Z [INFO]: Request completed {
  method: 'GET',
  url: '/@fs/C:/ledgerApp/client/src/components/ui/switch.tsx',
  statusCode: 200,
  duration: '1ms',
  ip: '127.0.0.1',
  response: undefined
}
2025-08-20T19:07:01.019Z [INFO]: Request completed {
  method: 'GET',
  url: '/@fs/C:/ledgerApp/client/src/components/ui/textarea.tsx',
  statusCode: 200,
  duration: '2ms',
  ip: '127.0.0.1',
  response: undefined
}
2025-08-20T19:07:01.023Z [INFO]: Request completed {
  method: 'GET',
  url: '/@fs/c:/ledgerApp/node_modules/.vite/deps/chunk-3TFVT2CW.js?v=2653bf9e',
  statusCode: 200,
  duration: '2ms',
  ip: '127.0.0.1',
  response: undefined
}
2025-08-20T19:07:01.025Z [INFO]: Request completed {
  method: 'GET',
  url: '/@fs/c:/ledgerApp/node_modules/.vite/deps/chunk-4MBMRILA.js?v=2653bf9e',
  statusCode: 200,
  duration: '1ms',
  ip: '127.0.0.1',
  response: undefined
}
2025-08-20T19:07:01.036Z [INFO]: Request completed {
  method: 'GET',
  url: '/@fs/c:/ledgerApp/node_modules/.vite/deps/chunk-WERSD76P.js?v=2653bf9e',
  statusCode: 200,
  duration: '8ms',
  ip: '127.0.0.1',
  response: undefined
}
2025-08-20T19:07:01.041Z [INFO]: Request completed {
  method: 'GET',
  url: '/@fs/c:/ledgerApp/node_modules/.vite/deps/chunk-ZADDJO6S.js?v=2653bf9e',
  statusCode: 200,
  duration: '4ms',
  ip: '127.0.0.1',
  response: undefined
}
2025-08-20T19:07:01.046Z [INFO]: Request completed {
  method: 'GET',
  url: '/@fs/c:/ledgerApp/node_modules/.vite/deps/chunk-S77I6LSE.js?v=2653bf9e',
  statusCode: 200,
  duration: '3ms',
  ip: '127.0.0.1',
  response: undefined
}
2025-08-20T19:07:01.050Z [INFO]: Request completed {
  method: 'GET',
  url: '/@fs/c:/ledgerApp/node_modules/.vite/deps/chunk-DJANQQIC.js?v=2653bf9e',
  statusCode: 200,
  duration: '2ms',
  ip: '127.0.0.1',
  response: undefined
}
2025-08-20T19:07:01.053Z [INFO]: Request completed {
  method: 'GET',
  url: '/@fs/c:/ledgerApp/node_modules/.vite/deps/chunk-GROD4PZS.js?v=2653bf9e',
  statusCode: 200,
  duration: '1ms',
  ip: '127.0.0.1',
  response: undefined
}
2025-08-20T19:07:01.055Z [INFO]: Request completed {
  method: 'GET',
  url: '/@fs/c:/ledgerApp/node_modules/.vite/deps/chunk-7XM4Q2SN.js?v=2653bf9e',
  statusCode: 200,
  duration: '1ms',
  ip: '127.0.0.1',
  response: undefined
}
2025-08-20T19:07:01.058Z [INFO]: Request completed {
  method: 'GET',
  url: '/@fs/c:/ledgerApp/node_modules/.vite/deps/chunk-P3URHTDB.js?v=2653bf9e',
  statusCode: 200,
  duration: '1ms',
  ip: '127.0.0.1',
  response: undefined
}
2025-08-20T19:07:01.060Z [INFO]: Request completed {
  method: 'GET',
  url: '/@fs/c:/ledgerApp/node_modules/.vite/deps/chunk-GN2RGETP.js?v=2653bf9e',
  statusCode: 200,
  duration: '2ms',
  ip: '127.0.0.1',
  response: undefined
}
2025-08-20T19:07:01.062Z [INFO]: Request completed {
  method: 'GET',
  url: '/@fs/c:/ledgerApp/node_modules/.vite/deps/chunk-W6LQRZ3A.js?v=2653bf9e',
  statusCode: 200,
  duration: '1ms',
  ip: '127.0.0.1',
  response: undefined
}
2025-08-20T19:07:01.070Z [INFO]: Request completed {
  method: 'GET',
  url: '/@fs/c:/ledgerApp/node_modules/.vite/deps/chunk-APEE4CCJ.js?v=2653bf9e',
  statusCode: 200,
  duration: '2ms',
  ip: '127.0.0.1',
  response: undefined
}
2025-08-20T19:07:01.074Z [INFO]: Request completed {
  method: 'GET',
  url: '/@fs/c:/ledgerApp/node_modules/.vite/deps/chunk-VYLL3SJM.js?v=2653bf9e',
  statusCode: 200,
  duration: '2ms',
  ip: '127.0.0.1',
  response: undefined
}
2025-08-20T19:07:01.077Z [INFO]: Request completed {
  method: 'GET',
  url: '/@fs/c:/ledgerApp/node_modules/.vite/deps/chunk-PLT6GTVM.js?v=2653bf9e',
  statusCode: 200,
  duration: '1ms',
  ip: '127.0.0.1',
  response: undefined
}
2025-08-20T19:07:01.082Z [INFO]: Request completed {
  method: 'GET',
  url: '/@fs/c:/ledgerApp/node_modules/.vite/deps/chunk-GVTGVYSA.js?v=2653bf9e',
  statusCode: 200,
  duration: '2ms',
  ip: '127.0.0.1',
  response: undefined
}
2025-08-20T19:07:01.086Z [INFO]: Request completed {
  method: 'GET',
  url: '/@fs/c:/ledgerApp/node_modules/.vite/deps/chunk-5S42QOQO.js?v=2653bf9e',
  statusCode: 200,
  duration: '2ms',
  ip: '127.0.0.1',
  response: undefined
}
2025-08-20T19:07:01.090Z [INFO]: Request completed {
  method: 'GET',
  url: '/@fs/c:/ledgerApp/node_modules/.vite/deps/clsx.js?v=3605edc4',
  statusCode: 200,
  duration: '2ms',
  ip: '127.0.0.1',
  response: undefined
}
2025-08-20T19:07:01.095Z [INFO]: Request completed {
  method: 'GET',
  url: '/@fs/c:/ledgerApp/node_modules/.vite/deps/@radix-ui_react-toast.js?v=6487117a',
  statusCode: 200,
  duration: '2ms',
  ip: '127.0.0.1',
  response: undefined
}
2025-08-20T19:07:01.100Z [INFO]: Request completed {
  method: 'GET',
  url: '/@fs/c:/ledgerApp/node_modules/.vite/deps/tailwind-merge.js?v=1a5b1703',
  statusCode: 200,
  duration: '2ms',
  ip: '127.0.0.1',
  response: undefined
}
2025-08-20T19:07:01.104Z [INFO]: Request completed {
  method: 'GET',
  url: '/@fs/c:/ledgerApp/node_modules/.vite/deps/class-variance-authority.js?v=51e2c26b',
  statusCode: 200,
  duration: '2ms',
  ip: '127.0.0.1',
  response: undefined
}
2025-08-20T19:07:01.109Z [INFO]: Request completed {
  method: 'GET',
  url: '/@fs/C:/ledgerApp/client/src/components/ui/tabs.tsx',
  statusCode: 200,
  duration: '3ms',
  ip: '127.0.0.1',
  response: undefined
}
2025-08-20T19:07:01.114Z [INFO]: Request completed {
  method: 'GET',
  url: '/@fs/C:/ledgerApp/client/src/components/ui/sheet.tsx',
  statusCode: 200,
  duration: '4ms',
  ip: '127.0.0.1',
  response: undefined
}
2025-08-20T19:07:01.118Z [INFO]: Request completed {
  method: 'GET',
  url: '/@fs/C:/ledgerApp/client/src/components/ui/scroll-area.tsx',
  statusCode: 200,
  duration: '2ms',
  ip: '127.0.0.1',
  response: undefined
}
2025-08-20T19:07:01.122Z [INFO]: Request completed {
  method: 'GET',
  url: '/@fs/c:/ledgerApp/node_modules/.vite/deps/@radix-ui_react-slot.js?v=ad0c70d2',
  statusCode: 200,
  duration: '2ms',
  ip: '127.0.0.1',
  response: undefined
}
2025-08-20T19:07:01.125Z [INFO]: Request completed {
  method: 'GET',
  url: '/@fs/c:/ledgerApp/node_modules/.vite/deps/@radix-ui_react-label.js?v=bac17483',
  statusCode: 200,
  duration: '1ms',
  ip: '127.0.0.1',
  response: undefined
}
2025-08-20T19:07:01.128Z [INFO]: Request completed {
  method: 'GET',
  url: '/@fs/c:/ledgerApp/node_modules/.vite/deps/react-hook-form.js?v=fa52b85d',
  statusCode: 200,
  duration: '1ms',
  ip: '127.0.0.1',
  response: undefined
}
2025-08-20T19:07:01.131Z [INFO]: Request completed {
  method: 'GET',
  url: '/@fs/c:/ledgerApp/node_modules/.vite/deps/@hookform_resolvers_zod.js?v=7ce7214c',
  statusCode: 200,
  duration: '2ms',
  ip: '127.0.0.1',
  response: undefined
}
2025-08-20T19:07:01.137Z [INFO]: Request completed {
  method: 'GET',
  url: '/@fs/c:/ledgerApp/node_modules/.vite/deps/zod.js?v=480d07ba',
  statusCode: 200,
  duration: '2ms',
  ip: '127.0.0.1',
  response: undefined
}
2025-08-20T19:07:01.139Z [INFO]: Request completed {
  method: 'GET',
  url: '/@fs/C:/ledgerApp/client/src/components/ui/loading.tsx',
  statusCode: 200,
  duration: '1ms',
  ip: '127.0.0.1',
  response: undefined
}
2025-08-20T19:07:01.141Z [INFO]: Request completed {
  method: 'GET',
  url: '/@fs/C:/ledgerApp/client/src/components/ui/form.tsx',
  statusCode: 200,
  duration: '1ms',
  ip: '127.0.0.1',
  response: undefined
}
2025-08-20T19:07:01.143Z [INFO]: Request completed {
  method: 'GET',
  url: '/@fs/C:/ledgerApp/client/src/lib/photo-utils.ts',
  statusCode: 304,
  duration: '1ms',
  ip: '127.0.0.1',
  response: undefined
}
2025-08-20T19:07:01.146Z [INFO]: Request completed {
  method: 'GET',
  url: '/@fs/C:/ledgerApp/client/src/components/ui/table.tsx',
  statusCode: 200,
  duration: '2ms',
  ip: '127.0.0.1',
  response: undefined
}
2025-08-20T19:07:01.148Z [INFO]: Request completed {
  method: 'GET',
  url: '/@fs/C:/ledgerApp/client/src/components/ui/progress.tsx',
  statusCode: 200,
  duration: '2ms',
  ip: '127.0.0.1',
  response: undefined
}
2025-08-20T19:07:01.150Z [INFO]: Request completed {
  method: 'GET',
  url: '/@fs/c:/ledgerApp/node_modules/.vite/deps/@radix-ui_react-dialog.js?v=d75be898',
  statusCode: 200,
  duration: '1ms',
  ip: '127.0.0.1',
  response: undefined
}
2025-08-20T19:07:01.152Z [INFO]: Request completed {
  method: 'GET',
  url: '/@fs/c:/ledgerApp/node_modules/.vite/deps/@radix-ui_react-select.js?v=3aee4c45',
  statusCode: 200,
  duration: '1ms',
  ip: '127.0.0.1',
  response: undefined
}
2025-08-20T19:07:01.154Z [INFO]: Request completed {
  method: 'GET',
  url: '/@fs/c:/ledgerApp/node_modules/.vite/deps/@radix-ui_react-switch.js?v=e0da6c14',
  statusCode: 200,
  duration: '1ms',
  ip: '127.0.0.1',
  response: undefined
}
2025-08-20T19:07:01.157Z [INFO]: Request completed {
  method: 'GET',
  url: '/@fs/c:/ledgerApp/node_modules/.vite/deps/chunk-U7P2NEEE.js?v=2653bf9e',
  statusCode: 200,
  duration: '1ms',
  ip: '127.0.0.1',
  response: undefined
}
2025-08-20T19:07:01.159Z [INFO]: Request completed {
  method: 'GET',
  url: '/@fs/c:/ledgerApp/node_modules/.vite/deps/chunk-MKRCTFNO.js?v=2653bf9e',
  statusCode: 200,
  duration: '1ms',
  ip: '127.0.0.1',
  response: undefined
}
2025-08-20T19:07:01.160Z [INFO]: Request completed {
  method: 'GET',
  url: '/@fs/c:/ledgerApp/node_modules/.vite/deps/@radix-ui_react-tabs.js?v=58bad47b',
  statusCode: 200,
  duration: '1ms',
  ip: '127.0.0.1',
  response: undefined
}
2025-08-20T19:07:01.163Z [INFO]: Request completed {
  method: 'GET',
  url: '/@fs/c:/ledgerApp/node_modules/.vite/deps/chunk-HXPGQJH4.js?v=2653bf9e',
  statusCode: 200,
  duration: '1ms',
  ip: '127.0.0.1',
  response: undefined
}
2025-08-20T19:07:01.165Z [INFO]: Request completed {
  method: 'GET',
  url: '/@fs/c:/ledgerApp/node_modules/.vite/deps/@radix-ui_react-scroll-area.js?v=5f403216',
  statusCode: 200,
  duration: '1ms',
  ip: '127.0.0.1',
  response: undefined
}
2025-08-20T19:07:01.167Z [INFO]: Request completed {
  method: 'GET',
  url: '/@fs/c:/ledgerApp/node_modules/.vite/deps/chunk-CXJMC5RA.js?v=2653bf9e',
  statusCode: 200,
  duration: '2ms',
  ip: '127.0.0.1',
  response: undefined
}
2025-08-20T19:07:01.169Z [INFO]: Request completed {
  method: 'GET',
  url: '/@fs/c:/ledgerApp/node_modules/.vite/deps/@radix-ui_react-progress.js?v=6519d0a5',
  statusCode: 200,
  duration: '1ms',
  ip: '127.0.0.1',
  response: undefined
}
2025-08-20T19:07:01.170Z [INFO]: Request completed {
  method: 'GET',
  url: '/@fs/c:/ledgerApp/node_modules/.vite/deps/chunk-QH7Y6EI7.js?v=2653bf9e',
  statusCode: 200,
  duration: '1ms',
  ip: '127.0.0.1',
  response: undefined
}
2025-08-20T19:07:01.172Z [INFO]: Request completed {
  method: 'GET',
  url: '/@fs/c:/ledgerApp/node_modules/.vite/deps/chunk-6ZMM2PAV.js?v=2653bf9e',
  statusCode: 200,
  duration: '1ms',
  ip: '127.0.0.1',
  response: undefined
}
2025-08-20T19:07:01.174Z [INFO]: Request completed {
  method: 'GET',
  url: '/@fs/c:/ledgerApp/node_modules/.vite/deps/chunk-HGJTK426.js?v=2653bf9e',
  statusCode: 200,
  duration: '0ms',
  ip: '127.0.0.1',
  response: undefined
}
2025-08-20T19:07:01.299Z [INFO]: Request completed {
  method: 'GET',
  url: '/sw.js',
  statusCode: 304,
  duration: '3ms',
  ip: '127.0.0.1',
  response: undefined
}
2025-08-20T19:07:01.327Z [INFO]: Request completed {
  method: 'GET',
  url: '/',
  statusCode: 200,
  duration: '27ms',
  ip: '127.0.0.1',
  response: undefined
}
2025-08-20T19:07:01.334Z [INFO]: Request completed {
  method: 'GET',
  url: '/src/App.tsx',
  statusCode: 200,
  duration: '2ms',
  ip: '127.0.0.1',
  response: undefined
}
2025-08-20T19:07:01.348Z [INFO]: Request completed {
  method: 'GET',
  url: '/src/index.css',
  statusCode: 200,
  duration: '4ms',
  ip: '127.0.0.1',
  response: undefined
}
2025-08-20T19:07:01.355Z [INFO]: Request completed {
  method: 'GET',
  url: '/src/main.tsx',
  statusCode: 200,
  duration: '24ms',
  ip: '127.0.0.1',
  response: undefined
}
2025-08-20T19:07:01.367Z [INFO]: Request completed {
  method: 'GET',
  url: '/',
  statusCode: 200,
  duration: '38ms',
  ip: '127.0.0.1',
  response: undefined
}
2025-08-20T19:07:02.359Z [INFO]: Request completed {
  method: 'POST',
  url: '/api/auth/login/start',
  statusCode: 200,
  duration: '1080ms',
  ip: '127.0.0.1',
  response: undefined
}
2025-08-20T19:07:03.661Z [INFO]: Request completed {
  method: 'POST',
  url: '/api/auth/login/select-business',
  statusCode: 200,
  duration: '286ms',
  ip: '127.0.0.1',
  response: undefined
}
2025-08-20T19:07:27.744Z [INFO]: Request completed {
  method: 'POST',
  url: '/api/auth/login/select-branch',
  statusCode: 200,
  duration: '16ms',
  ip: '127.0.0.1',
  response: undefined
}
2025-08-20T19:07:28.229Z [INFO]: Request completed {
  method: 'GET',
  url: '/',
  statusCode: 200,
  duration: '71ms',
  ip: '127.0.0.1',
  response: undefined
}
2025-08-20T19:07:28.349Z [INFO]: Request completed {
  method: 'GET',
  url: '/api/accounts',
  statusCode: 304,
  duration: '294ms',
  ip: '127.0.0.1',
  response: undefined
}
2025-08-20T19:07:28.633Z [INFO]: Request completed {
  method: 'GET',
  url: '/api/accounts',
  statusCode: 304,
  duration: '278ms',
  ip: '127.0.0.1',
  response: undefined
}
2025-08-20T19:07:29.055Z [INFO]: Request completed {
  method: 'GET',
  url: '/api/accounts',
  statusCode: 304,
  duration: '268ms',
  ip: '127.0.0.1',
  response: undefined
}
2025-08-20T19:07:33.975Z [INFO]: Request completed {
  method: 'GET',
  url: '/api/items',
  statusCode: 304,
  duration: '5176ms',
  ip: '127.0.0.1',
  response: undefined
}
2025-08-20T19:09:15.720Z [INFO]: Request completed {
  method: 'GET',
  url: '/@vite/client',
  statusCode: 304,
  duration: '1ms',
  ip: '127.0.0.1',
  response: undefined
}
2025-08-20T19:09:15.723Z [INFO]: Request completed {
  method: 'GET',
  url: '/src/main.tsx?v=PFSk1UCpaUIJm8dYJ-lSS',
  statusCode: 200,
  duration: '2ms',
  ip: '127.0.0.1',
  response: undefined
}
2025-08-20T19:09:15.725Z [INFO]: Request completed {
  method: 'GET',
  url: '/.well-known/appspecific/com.chrome.devtools.json',
  statusCode: 404,
  duration: '1ms',
  ip: '127.0.0.1',
  response: undefined
}
2025-08-20T19:09:16.352Z [INFO]: Request completed {
  method: 'GET',
  url: '/@react-refresh',
  statusCode: 304,
  duration: '1ms',
  ip: '127.0.0.1',
  response: undefined
}
2025-08-20T19:09:16.355Z [INFO]: Request completed {
  method: 'GET',
  url: '/@fs/c:/ledgerApp/node_modules/vite/dist/client/env.mjs',
  statusCode: 304,
  duration: '1ms',
  ip: '127.0.0.1',
  response: undefined
}
2025-08-20T19:09:16.381Z [INFO]: Request completed {
  method: 'GET',
  url: '/@fs/C:/ledgerApp/client/src/App.tsx?v=PFSk1UCpaUIJm8dYJ-lSS',
  statusCode: 200,
  duration: '2ms',
  ip: '127.0.0.1',
  response: undefined
}
2025-08-20T19:09:16.384Z [INFO]: Request completed {
  method: 'GET',
  url: '/@fs/C:/ledgerApp/client/src/index.css?v=PFSk1UCpaUIJm8dYJ-lSS',
  statusCode: 200,
  duration: '1ms',
  ip: '127.0.0.1',
  response: undefined
}
2025-08-20T19:09:16.400Z [INFO]: Request completed {
  method: 'GET',
  url: '/@fs/C:/ledgerApp/client/src/components/ui/toaster.tsx',
  statusCode: 304,
  duration: '1ms',
  ip: '127.0.0.1',
  response: undefined
}
2025-08-20T19:09:16.402Z [INFO]: Request completed {
  method: 'GET',
  url: '/@fs/C:/ledgerApp/client/src/components/ui/tooltip.tsx',
  statusCode: 304,
  duration: '1ms',
  ip: '127.0.0.1',
  response: undefined
}
2025-08-20T19:09:16.404Z [INFO]: Request completed {
  method: 'GET',
  url: '/@fs/C:/ledgerApp/client/src/lib/auth-store.ts',
  statusCode: 304,
  duration: '1ms',
  ip: '127.0.0.1',
  response: undefined
}
2025-08-20T19:09:16.406Z [INFO]: Request completed {
  method: 'GET',
  url: '/@fs/C:/ledgerApp/client/src/lib/queryClient.ts',
  statusCode: 304,
  duration: '1ms',
  ip: '127.0.0.1',
  response: undefined
}
2025-08-20T19:09:16.409Z [INFO]: Request completed {
  method: 'GET',
  url: '/@fs/C:/ledgerApp/client/src/components/layout/BusinessAppShell.tsx',
  statusCode: 304,
  duration: '1ms',
  ip: '127.0.0.1',
  response: undefined
}
2025-08-20T19:09:16.412Z [INFO]: Request completed {
  method: 'GET',
  url: '/@fs/C:/ledgerApp/client/src/components/layout/SuperAdminAppShell.tsx',
  statusCode: 304,
  duration: '1ms',
  ip: '127.0.0.1',
  response: undefined
}
2025-08-20T19:09:16.415Z [INFO]: Request completed {
  method: 'GET',
  url: '/@fs/C:/ledgerApp/client/src/pages/business/Login.tsx',
  statusCode: 304,
  duration: '1ms',
  ip: '127.0.0.1',
  response: undefined
}
2025-08-20T19:09:16.417Z [INFO]: Request completed {
  method: 'GET',
  url: '/@fs/C:/ledgerApp/client/src/pages/admin/Login.tsx',
  statusCode: 304,
  duration: '1ms',
  ip: '127.0.0.1',
  response: undefined
}
2025-08-20T19:09:16.419Z [INFO]: Request completed {
  method: 'GET',
  url: '/@fs/C:/ledgerApp/client/src/pages/business/Dashboard.tsx',
  statusCode: 304,
  duration: '1ms',
  ip: '127.0.0.1',
  response: undefined
}
2025-08-20T19:09:16.421Z [INFO]: Request completed {
  method: 'GET',
  url: '/@fs/C:/ledgerApp/client/src/pages/business/Accounts.tsx',
  statusCode: 304,
  duration: '2ms',
  ip: '127.0.0.1',
  response: undefined
}
2025-08-20T19:09:16.423Z [INFO]: Request completed {
  method: 'GET',
  url: '/@fs/C:/ledgerApp/client/src/pages/business/Cashbook.tsx',
  statusCode: 304,
  duration: '1ms',
  ip: '127.0.0.1',
  response: undefined
}
2025-08-20T19:09:16.425Z [INFO]: Request completed {
  method: 'GET',
  url: '/@fs/C:/ledgerApp/client/src/pages/business/Invoices.tsx',
  statusCode: 304,
  duration: '1ms',
  ip: '127.0.0.1',
  response: undefined
}
2025-08-20T19:09:16.428Z [INFO]: Request completed {
  method: 'GET',
  url: '/@fs/C:/ledgerApp/client/src/pages/business/Inventory.tsx',
  statusCode: 304,
  duration: '2ms',
  ip: '127.0.0.1',
  response: undefined
}
2025-08-20T19:09:16.431Z [INFO]: Request completed {
  method: 'GET',
  url: '/@fs/C:/ledgerApp/client/src/pages/admin/Dashboard.tsx',
  statusCode: 304,
  duration: '1ms',
  ip: '127.0.0.1',
  response: undefined
}
2025-08-20T19:09:16.433Z [INFO]: Request completed {
  method: 'GET',
  url: '/@fs/C:/ledgerApp/client/src/pages/business/Reports.tsx',
  statusCode: 304,
  duration: '2ms',
  ip: '127.0.0.1',
  response: undefined
}
2025-08-20T19:09:16.436Z [INFO]: Request completed {
  method: 'GET',
  url: '/@fs/C:/ledgerApp/client/src/pages/business/Settings.tsx',
  statusCode: 304,
  duration: '1ms',
  ip: '127.0.0.1',
  response: undefined
}
2025-08-20T19:09:16.438Z [INFO]: Request completed {
  method: 'GET',
  url: '/@fs/C:/ledgerApp/client/src/pages/admin/Businesses.tsx',
  statusCode: 304,
  duration: '1ms',
  ip: '127.0.0.1',
  response: undefined
}
2025-08-20T19:09:16.441Z [INFO]: Request completed {
  method: 'GET',
  url: '/@fs/C:/ledgerApp/client/src/pages/admin/AppSettings.tsx',
  statusCode: 304,
  duration: '1ms',
  ip: '127.0.0.1',
  response: undefined
}
2025-08-20T19:09:16.443Z [INFO]: Request completed {
  method: 'GET',
  url: '/@fs/C:/ledgerApp/client/src/pages/admin/Audit.tsx',
  statusCode: 304,
  duration: '1ms',
  ip: '127.0.0.1',
  response: undefined
}
2025-08-20T19:09:16.445Z [INFO]: Request completed {
  method: 'GET',
  url: '/@fs/C:/ledgerApp/client/src/pages/admin/Branches.tsx',
  statusCode: 304,
  duration: '1ms',
  ip: '127.0.0.1',
  response: undefined
}
2025-08-20T19:09:16.447Z [INFO]: Request completed {
  method: 'GET',
  url: '/@fs/C:/ledgerApp/client/src/pages/admin/UsersRoles.tsx',
  statusCode: 304,
  duration: '1ms',
  ip: '127.0.0.1',
  response: undefined
}
2025-08-20T19:09:16.450Z [INFO]: Request completed {
  method: 'GET',
  url: '/@fs/C:/ledgerApp/client/src/pages/admin/Feedback.tsx',
  statusCode: 304,
  duration: '1ms',
  ip: '127.0.0.1',
  response: undefined
}
2025-08-20T19:09:16.452Z [INFO]: Request completed {
  method: 'GET',
  url: '/@fs/C:/ledgerApp/client/src/pages/admin/Diagnostics.tsx',
  statusCode: 304,
  duration: '2ms',
  ip: '127.0.0.1',
  response: undefined
}
2025-08-20T19:09:16.455Z [INFO]: Request completed {
  method: 'GET',
  url: '/@fs/C:/ledgerApp/client/src/hooks/use-toast.ts',
  statusCode: 304,
  duration: '1ms',
  ip: '127.0.0.1',
  response: undefined
}
2025-08-20T19:09:16.457Z [INFO]: Request completed {
  method: 'GET',
  url: '/@fs/C:/ledgerApp/client/src/lib/utils.ts',
  statusCode: 304,
  duration: '2ms',
  ip: '127.0.0.1',
  response: undefined
}
2025-08-20T19:09:16.459Z [INFO]: Request completed {
  method: 'GET',
  url: '/@fs/C:/ledgerApp/client/src/components/layout/LedgerLayout.tsx',
  statusCode: 304,
  duration: '1ms',
  ip: '127.0.0.1',
  response: undefined
}
2025-08-20T19:09:16.463Z [INFO]: Request completed {
  method: 'GET',
  url: '/@fs/C:/ledgerApp/client/src/components/layout/AppHeader.tsx',
  statusCode: 304,
  duration: '2ms',
  ip: '127.0.0.1',
  response: undefined
}
2025-08-20T19:09:16.468Z [INFO]: Request completed {
  method: 'GET',
  url: '/@fs/C:/ledgerApp/client/src/components/ui/toast.tsx',
  statusCode: 304,
  duration: '1ms',
  ip: '127.0.0.1',
  response: undefined
}
2025-08-20T19:09:16.472Z [INFO]: Request completed {
  method: 'GET',
  url: '/@fs/C:/ledgerApp/client/src/components/layout/Breadcrumb.tsx',
  statusCode: 304,
  duration: '1ms',
  ip: '127.0.0.1',
  response: undefined
}
2025-08-20T19:09:16.474Z [INFO]: Request completed {
  method: 'GET',
  url: '/@fs/C:/ledgerApp/client/src/components/layout/SidebarNav.tsx',
  statusCode: 304,
  duration: '2ms',
  ip: '127.0.0.1',
  response: undefined
}
2025-08-20T19:09:16.477Z [INFO]: Request completed {
  method: 'GET',
  url: '/@fs/C:/ledgerApp/client/src/components/layout/MobileNavDrawer.tsx',
  statusCode: 304,
  duration: '2ms',
  ip: '127.0.0.1',
  response: undefined
}
2025-08-20T19:09:16.480Z [INFO]: Request completed {
  method: 'GET',
  url: '/@fs/C:/ledgerApp/client/src/components/layout/MobileBottomNav.tsx',
  statusCode: 304,
  duration: '1ms',
  ip: '127.0.0.1',
  response: undefined
}
2025-08-20T19:09:16.483Z [INFO]: Request completed {
  method: 'GET',
  url: '/@fs/C:/ledgerApp/client/src/components/ui/card.tsx',
  statusCode: 304,
  duration: '1ms',
  ip: '127.0.0.1',
  response: undefined
}
2025-08-20T19:09:16.485Z [INFO]: Request completed {
  method: 'GET',
  url: '/@fs/C:/ledgerApp/client/src/lib/design-tokens.ts',
  statusCode: 304,
  duration: '1ms',
  ip: '127.0.0.1',
  response: undefined
}
2025-08-20T19:09:16.487Z [INFO]: Request completed {
  method: 'GET',
  url: '/@fs/C:/ledgerApp/client/src/lib/api.ts',
  statusCode: 304,
  duration: '1ms',
  ip: '127.0.0.1',
  response: undefined
}
2025-08-20T19:09:16.490Z [INFO]: Request completed {
  method: 'GET',
  url: '/@fs/C:/ledgerApp/client/src/components/ui/alert.tsx',
  statusCode: 304,
  duration: '1ms',
  ip: '127.0.0.1',
  response: undefined
}
2025-08-20T19:09:16.493Z [INFO]: Request completed {
  method: 'GET',
  url: '/@fs/C:/ledgerApp/client/src/components/ui/button.tsx',
  statusCode: 304,
  duration: '2ms',
  ip: '127.0.0.1',
  response: undefined
}
2025-08-20T19:09:16.495Z [INFO]: Request completed {
  method: 'GET',
  url: '/@fs/C:/ledgerApp/client/src/components/ui/input.tsx',
  statusCode: 304,
  duration: '2ms',
  ip: '127.0.0.1',
  response: undefined
}
2025-08-20T19:09:16.498Z [INFO]: Request completed {
  method: 'GET',
  url: '/@fs/C:/ledgerApp/client/src/components/ui/label.tsx',
  statusCode: 304,
  duration: '2ms',
  ip: '127.0.0.1',
  response: undefined
}
2025-08-20T19:09:16.502Z [INFO]: Request completed {
  method: 'GET',
  url: '/@fs/C:/ledgerApp/client/src/components/ui/skeleton.tsx',
  statusCode: 304,
  duration: '1ms',
  ip: '127.0.0.1',
  response: undefined
}
2025-08-20T19:09:16.505Z [INFO]: Request completed {
  method: 'GET',
  url: '/@fs/C:/ledgerApp/client/src/components/ui/badge.tsx',
  statusCode: 304,
  duration: '2ms',
  ip: '127.0.0.1',
  response: undefined
}
2025-08-20T19:09:16.510Z [INFO]: Request completed {
  method: 'GET',
  url: '/@fs/C:/ledgerApp/client/src/components/modals/CashEntryModal.tsx',
  statusCode: 304,
  duration: '2ms',
  ip: '127.0.0.1',
  response: undefined
}
2025-08-20T19:09:16.512Z [INFO]: Request completed {
  method: 'GET',
  url: '/@fs/C:/ledgerApp/client/src/components/modals/CreateInvoiceModal.tsx',
  statusCode: 304,
  duration: '1ms',
  ip: '127.0.0.1',
  response: undefined
}
2025-08-20T19:09:16.514Z [INFO]: Request completed {
  method: 'GET',
  url: '/@fs/C:/ledgerApp/client/src/components/reports/StatementGenerator.tsx',
  statusCode: 304,
  duration: '1ms',
  ip: '127.0.0.1',
  response: undefined
}
2025-08-20T19:09:16.517Z [INFO]: Request completed {
  method: 'GET',
  url: '/@fs/C:/ledgerApp/client/src/components/modals/BulkOperationsModal.tsx',
  statusCode: 304,
  duration: '1ms',
  ip: '127.0.0.1',
  response: undefined
}
2025-08-20T19:09:16.519Z [INFO]: Request completed {
  method: 'GET',
  url: '/@fs/C:/ledgerApp/client/src/components/ui/switch.tsx',
  statusCode: 304,
  duration: '1ms',
  ip: '127.0.0.1',
  response: undefined
}
2025-08-20T19:09:16.521Z [INFO]: Request completed {
  method: 'GET',
  url: '/@fs/C:/ledgerApp/client/src/components/ui/dialog.tsx',
  statusCode: 304,
  duration: '2ms',
  ip: '127.0.0.1',
  response: undefined
}
2025-08-20T19:09:16.523Z [INFO]: Request completed {
  method: 'GET',
  url: '/@fs/C:/ledgerApp/client/src/components/ui/select.tsx',
  statusCode: 304,
  duration: '1ms',
  ip: '127.0.0.1',
  response: undefined
}
2025-08-20T19:09:16.525Z [INFO]: Request completed {
  method: 'GET',
  url: '/@fs/C:/ledgerApp/client/src/components/ui/textarea.tsx',
  statusCode: 304,
  duration: '1ms',
  ip: '127.0.0.1',
  response: undefined
}
2025-08-20T19:09:16.539Z [INFO]: Request completed {
  method: 'GET',
  url: '/@fs/C:/ledgerApp/client/src/components/ui/tabs.tsx',
  statusCode: 304,
  duration: '2ms',
  ip: '127.0.0.1',
  response: undefined
}
2025-08-20T19:09:16.541Z [INFO]: Request completed {
  method: 'GET',
  url: '/@fs/C:/ledgerApp/client/src/components/ui/sheet.tsx',
  statusCode: 304,
  duration: '1ms',
  ip: '127.0.0.1',
  response: undefined
}
2025-08-20T19:09:16.544Z [INFO]: Request completed {
  method: 'GET',
  url: '/@fs/C:/ledgerApp/client/src/components/ui/scroll-area.tsx',
  statusCode: 304,
  duration: '1ms',
  ip: '127.0.0.1',
  response: undefined
}
2025-08-20T19:09:16.568Z [INFO]: Request completed {
  method: 'GET',
  url: '/@fs/C:/ledgerApp/client/src/lib/photo-utils.ts',
  statusCode: 304,
  duration: '1ms',
  ip: '127.0.0.1',
  response: undefined
}
2025-08-20T19:09:16.570Z [INFO]: Request completed {
  method: 'GET',
  url: '/@fs/C:/ledgerApp/client/src/components/ui/form.tsx',
  statusCode: 304,
  duration: '2ms',
  ip: '127.0.0.1',
  response: undefined
}
2025-08-20T19:09:16.572Z [INFO]: Request completed {
  method: 'GET',
  url: '/@fs/C:/ledgerApp/client/src/components/ui/table.tsx',
  statusCode: 304,
  duration: '1ms',
  ip: '127.0.0.1',
  response: undefined
}
2025-08-20T19:09:16.574Z [INFO]: Request completed {
  method: 'GET',
  url: '/@fs/C:/ledgerApp/client/src/components/ui/loading.tsx',
  statusCode: 304,
  duration: '1ms',
  ip: '127.0.0.1',
  response: undefined
}
2025-08-20T19:09:16.577Z [INFO]: Request completed {
  method: 'GET',
  url: '/@fs/C:/ledgerApp/client/src/components/ui/progress.tsx',
  statusCode: 304,
  duration: '2ms',
  ip: '127.0.0.1',
  response: undefined
}
2025-08-20T19:09:17.081Z [INFO]: Request completed {
  method: 'GET',
  url: '/api/items',
  statusCode: 304,
  duration: '270ms',
  ip: '127.0.0.1',
  response: undefined
}
2025-08-20T19:09:17.084Z [INFO]: Request completed {
  method: 'GET',
  url: '/api/accounts',
  statusCode: 304,
  duration: '277ms',
  ip: '127.0.0.1',
  response: undefined
}
2025-08-20T19:09:18.433Z [INFO]: Request completed {
  method: 'GET',
  url: '/sw.js',
  statusCode: 304,
  duration: '2ms',
  ip: '127.0.0.1',
  response: undefined
}
2025-08-20T19:10:08.842Z [INFO]: Request completed {
  method: 'GET',
  url: '/',
  statusCode: 200,
  duration: '30ms',
  ip: '127.0.0.1',
  response: undefined
}
2025-08-20T19:10:13.701Z [INFO]: Request completed {
  method: 'GET',
  url: '/.well-known/appspecific/com.chrome.devtools.json',
  statusCode: 404,
  duration: '1ms',
  ip: '127.0.0.1',
  response: undefined
}
2025-08-20T19:10:16.401Z [INFO]: Request completed {
  method: 'GET',
  url: '/sw.js',
  statusCode: 304,
  duration: '4ms',
  ip: '127.0.0.1',
  response: undefined
}
2025-08-20T19:11:09.207Z [INFO]: Request completed {
  method: 'GET',
  url: '/api/accounts',
  statusCode: 304,
  duration: '6910ms',
  ip: '127.0.0.1',
  response: undefined
}
2025-08-20T19:11:09.491Z [INFO]: Request completed {
  method: 'GET',
  url: '/api/accounts',
  statusCode: 304,
  duration: '281ms',
  ip: '127.0.0.1',
  response: undefined
}
2025-08-20T19:11:09.811Z [INFO]: Request completed {
  method: 'GET',
  url: '/api/items',
  statusCode: 304,
  duration: '286ms',
  ip: '127.0.0.1',
  response: undefined
}
2025-08-20T19:11:10.374Z [INFO]: Request completed {
  method: 'GET',
  url: '/api/accounts',
  statusCode: 304,
  duration: '851ms',
  ip: '127.0.0.1',
  response: undefined
}
2025-08-20T19:19:45.361Z [INFO]: Request completed {
  method: 'GET',
  url: '/api/accounts',
  statusCode: 304,
  duration: '1151ms',
  ip: '127.0.0.1',
  response: undefined
}
2025-08-20T19:19:45.370Z [INFO]: Request completed {
  method: 'GET',
  url: '/api/items',
  statusCode: 304,
  duration: '1150ms',
  ip: '127.0.0.1',
  response: undefined
}
2025-08-20T19:19:45.638Z [INFO]: Request completed {
  method: 'GET',
  url: '/api/accounts',
  statusCode: 304,
  duration: '264ms',
  ip: '127.0.0.1',
  response: undefined
}
2025-08-20T19:19:45.937Z [INFO]: Request completed {
  method: 'GET',
  url: '/api/accounts',
  statusCode: 304,
  duration: '294ms',
  ip: '127.0.0.1',
  response: undefined
}
2025-08-20T19:19:46.950Z [INFO]: Request completed {
  method: 'GET',
  url: '/sw.js',
  statusCode: 304,
  duration: '8ms',
  ip: '127.0.0.1',
  response: undefined
}
2025-08-20T19:22:14.196Z [INFO]: Request completed {
  method: 'POST',
  url: '/api/auth/login/start',
  statusCode: 200,
  duration: '278ms',
  ip: '127.0.0.1',
  response: undefined
}
2025-08-20T19:43:42.944Z [INFO]: Request completed {
  method: 'GET',
  url: '/',
  statusCode: 200,
  duration: '807ms',
  ip: '127.0.0.1',
  response: undefined
}
2025-08-20T19:43:43.632Z [INFO]: Request completed {
  method: 'GET',
  url: '/.well-known/appspecific/com.chrome.devtools.json',
  statusCode: 404,
  duration: '2ms',
  ip: '127.0.0.1',
  response: undefined
}
2025-08-20T19:43:43.679Z [INFO]: Request completed {
  method: 'GET',
  url: '/@vite/client',
  statusCode: 200,
  duration: '55ms',
  ip: '127.0.0.1',
  response: undefined
}
2025-08-20T19:43:43.694Z [INFO]: Request completed {
  method: 'GET',
  url: '/src/main.tsx?v=Bcur3Y4nEOP3eY80NshIu',
  statusCode: 200,
  duration: '66ms',
  ip: '127.0.0.1',
  response: undefined
}
2025-08-20T19:43:44.080Z [INFO]: Request completed {
  method: 'GET',
  url: '/@react-refresh',
  statusCode: 304,
  duration: '24ms',
  ip: '127.0.0.1',
  response: undefined
}
2025-08-20T19:43:44.210Z [INFO]: Request completed {
  method: 'GET',
  url: '/@fs/C:/ledgerApp/node_modules/vite/dist/client/env.mjs',
  statusCode: 304,
  duration: '2ms',
  ip: '127.0.0.1',
  response: undefined
}
2025-08-20T19:43:44.215Z [INFO]: Request completed {
  method: 'GET',
  url: '/src/App.tsx?v=Bcur3Y4nEOP3eY80NshIu',
  statusCode: 200,
  duration: '2ms',
  ip: '127.0.0.1',
  response: undefined
}
2025-08-20T19:43:45.018Z [INFO]: Request completed {
  method: 'GET',
  url: '/src/index.css?v=Bcur3Y4nEOP3eY80NshIu',
  statusCode: 200,
  duration: '801ms',
  ip: '127.0.0.1',
  response: undefined
}
2025-08-20T19:43:45.603Z [INFO]: Request completed {
  method: 'GET',
  url: '/src/components/ui/toaster.tsx',
  statusCode: 200,
  duration: '253ms',
  ip: '127.0.0.1',
  response: undefined
}
2025-08-20T19:43:45.694Z [INFO]: Request completed {
  method: 'GET',
  url: '/src/components/ui/tooltip.tsx',
  statusCode: 200,
  duration: '5ms',
  ip: '127.0.0.1',
  response: undefined
}
2025-08-20T19:43:45.740Z [INFO]: Request completed {
  method: 'GET',
  url: '/src/pages/business/Login.tsx',
  statusCode: 200,
  duration: '7ms',
  ip: '127.0.0.1',
  response: undefined
}
2025-08-20T19:43:45.786Z [INFO]: Request completed {
  method: 'GET',
  url: '/src/lib/auth-store.ts',
  statusCode: 200,
  duration: '2ms',
  ip: '127.0.0.1',
  response: undefined
}
2025-08-20T19:43:46.050Z [INFO]: Request completed {
  method: 'GET',
  url: '/src/pages/admin/Login.tsx',
  statusCode: 200,
  duration: '3ms',
  ip: '127.0.0.1',
  response: undefined
}
2025-08-20T19:43:46.286Z [INFO]: Request completed {
  method: 'GET',
  url: '/src/components/layout/SuperAdminAppShell.tsx',
  statusCode: 200,
  duration: '4ms',
  ip: '127.0.0.1',
  response: undefined
}
2025-08-20T19:43:46.303Z [INFO]: Request completed {
  method: 'GET',
  url: '/src/pages/business/Accounts.tsx',
  statusCode: 200,
  duration: '7ms',
  ip: '127.0.0.1',
  response: undefined
}
2025-08-20T19:43:46.343Z [INFO]: Request completed {
  method: 'GET',
  url: '/src/pages/business/Cashbook.tsx',
  statusCode: 200,
  duration: '2ms',
  ip: '127.0.0.1',
  response: undefined
}
2025-08-20T19:43:46.468Z [INFO]: Request completed {
  method: 'GET',
  url: '/src/pages/business/Invoices.tsx',
  statusCode: 200,
  duration: '3ms',
  ip: '127.0.0.1',
  response: undefined
}
2025-08-20T19:43:46.498Z [INFO]: Request completed {
  method: 'GET',
  url: '/src/pages/business/Inventory.tsx',
  statusCode: 200,
  duration: '6ms',
  ip: '127.0.0.1',
  response: undefined
}
2025-08-20T19:43:46.542Z [INFO]: Request completed {
  method: 'GET',
  url: '/src/pages/business/Reports.tsx',
  statusCode: 200,
  duration: '10ms',
  ip: '127.0.0.1',
  response: undefined
}
2025-08-20T19:43:46.552Z [INFO]: Request completed {
  method: 'GET',
  url: '/src/pages/business/Settings.tsx',
  statusCode: 200,
  duration: '5ms',
  ip: '127.0.0.1',
  response: undefined
}
2025-08-20T19:43:46.568Z [INFO]: Request completed {
  method: 'GET',
  url: '/src/components/layout/BusinessAppShell.tsx',
  statusCode: 200,
  duration: '8ms',
  ip: '127.0.0.1',
  response: undefined
}
2025-08-20T19:43:46.581Z [INFO]: Request completed {
  method: 'GET',
  url: '/src/lib/queryClient.ts',
  statusCode: 200,
  duration: '7ms',
  ip: '127.0.0.1',
  response: undefined
}
2025-08-20T19:43:46.589Z [INFO]: Request completed {
  method: 'GET',
  url: '/src/pages/admin/Businesses.tsx',
  statusCode: 200,
  duration: '5ms',
  ip: '127.0.0.1',
  response: undefined
}
2025-08-20T19:43:46.606Z [INFO]: Request completed {
  method: 'GET',
  url: '/src/pages/business/Dashboard.tsx',
  statusCode: 200,
  duration: '6ms',
  ip: '127.0.0.1',
  response: undefined
}
2025-08-20T19:43:46.622Z [INFO]: Request completed {
  method: 'GET',
  url: '/src/pages/admin/Branches.tsx',
  statusCode: 200,
  duration: '5ms',
  ip: '127.0.0.1',
  response: undefined
}
2025-08-20T19:43:46.634Z [INFO]: Request completed {
  method: 'GET',
  url: '/src/pages/admin/UsersRoles.tsx',
  statusCode: 200,
  duration: '3ms',
  ip: '127.0.0.1',
  response: undefined
}
2025-08-20T19:43:46.644Z [INFO]: Request completed {
  method: 'GET',
  url: '/@fs/C:/ledgerApp/node_modules/.vite/deps/react_jsx-dev-runtime.js?v=39ca39c9',
  statusCode: 200,
  duration: '2584ms',
  ip: '127.0.0.1',
  response: undefined
}
2025-08-20T19:43:46.648Z [INFO]: Request completed {
  method: 'GET',
  url: '/@fs/C:/ledgerApp/node_modules/.vite/deps/react-dom_client.js?v=0c1b65d6',
  statusCode: 200,
  duration: '2588ms',
  ip: '127.0.0.1',
  response: undefined
}
2025-08-20T19:43:46.655Z [INFO]: Request completed {
  method: 'GET',
  url: '/@fs/C:/ledgerApp/node_modules/.vite/deps/@tanstack_react-query.js?v=44cb5071',
  statusCode: 200,
  duration: '1302ms',
  ip: '127.0.0.1',
  response: undefined
}
2025-08-20T19:43:46.661Z [INFO]: Request completed {
  method: 'GET',
  url: '/@fs/C:/ledgerApp/node_modules/.vite/deps/wouter.js?v=125b54d2',
  statusCode: 200,
  duration: '1308ms',
  ip: '127.0.0.1',
  response: undefined
}
2025-08-20T19:43:46.666Z [INFO]: Request completed {
  method: 'GET',
  url: '/@fs/C:/ledgerApp/node_modules/.vite/deps/react.js?v=39ca39c9',
  statusCode: 200,
  duration: '1315ms',
  ip: '127.0.0.1',
  response: undefined
}
2025-08-20T19:43:46.700Z [INFO]: Request completed {
  method: 'GET',
  url: '/src/pages/admin/AppSettings.tsx',
  statusCode: 200,
  duration: '3ms',
  ip: '127.0.0.1',
  response: undefined
}
2025-08-20T19:43:46.718Z [INFO]: Request completed {
  method: 'GET',
  url: '/src/pages/admin/Audit.tsx',
  statusCode: 200,
  duration: '3ms',
  ip: '127.0.0.1',
  response: undefined
}
2025-08-20T19:43:46.729Z [INFO]: Request completed {
  method: 'GET',
  url: '/src/pages/admin/Dashboard.tsx',
  statusCode: 200,
  duration: '5ms',
  ip: '127.0.0.1',
  response: undefined
}
2025-08-20T19:43:46.738Z [INFO]: Request completed {
  method: 'GET',
  url: '/src/pages/admin/Feedback.tsx',
  statusCode: 200,
  duration: '4ms',
  ip: '127.0.0.1',
  response: undefined
}
2025-08-20T19:43:46.747Z [INFO]: Request completed {
  method: 'GET',
  url: '/src/pages/admin/Diagnostics.tsx',
  statusCode: 200,
  duration: '5ms',
  ip: '127.0.0.1',
  response: undefined
}
2025-08-20T19:43:46.762Z [INFO]: Request completed {
  method: 'GET',
  url: '/src/hooks/use-toast.ts',
  statusCode: 200,
  duration: '8ms',
  ip: '127.0.0.1',
  response: undefined
}
2025-08-20T19:43:46.773Z [INFO]: Request completed {
  method: 'GET',
  url: '/src/components/ui/toast.tsx',
  statusCode: 200,
  duration: '5ms',
  ip: '127.0.0.1',
  response: undefined
}
2025-08-20T19:43:46.784Z [INFO]: Request completed {
  method: 'GET',
  url: '/@fs/C:/ledgerApp/node_modules/.vite/deps/@radix-ui_react-tooltip.js?v=8cb41e5f',
  statusCode: 200,
  duration: '7ms',
  ip: '127.0.0.1',
  response: undefined
}
2025-08-20T19:43:46.798Z [INFO]: Request completed {
  method: 'GET',
  url: '/src/lib/utils.ts',
  statusCode: 200,
  duration: '8ms',
  ip: '127.0.0.1',
  response: undefined
}
2025-08-20T19:43:46.809Z [INFO]: Request completed {
  method: 'GET',
  url: '/src/components/ui/card.tsx',
  statusCode: 200,
  duration: '3ms',
  ip: '127.0.0.1',
  response: undefined
}
2025-08-20T19:43:46.814Z [INFO]: Request completed {
  method: 'GET',
  url: '/src/components/ui/alert.tsx',
  statusCode: 200,
  duration: '2ms',
  ip: '127.0.0.1',
  response: undefined
}
2025-08-20T19:43:46.818Z [INFO]: Request completed {
  method: 'GET',
  url: '/src/lib/api.ts',
  statusCode: 304,
  duration: '2ms',
  ip: '127.0.0.1',
  response: undefined
}
2025-08-20T19:43:46.824Z [INFO]: Request completed {
  method: 'GET',
  url: '/src/components/ui/skeleton.tsx',
  statusCode: 200,
  duration: '4ms',
  ip: '127.0.0.1',
  response: undefined
}
2025-08-20T19:43:46.829Z [INFO]: Request completed {
  method: 'GET',
  url: '/@fs/C:/ledgerApp/node_modules/.vite/deps/zustand.js?v=20c8953e',
  statusCode: 200,
  duration: '2ms',
  ip: '127.0.0.1',
  response: undefined
}
2025-08-20T19:43:46.833Z [INFO]: Request completed {
  method: 'GET',
  url: '/@fs/C:/ledgerApp/node_modules/.vite/deps/zustand_middleware.js?v=9c8e8f49',
  statusCode: 200,
  duration: '2ms',
  ip: '127.0.0.1',
  response: undefined
}
2025-08-20T19:43:46.839Z [INFO]: Request completed {
  method: 'GET',
  url: '/src/components/layout/AppHeader.tsx',
  statusCode: 200,
  duration: '3ms',
  ip: '127.0.0.1',
  response: undefined
}
2025-08-20T19:43:46.847Z [INFO]: Request completed {
  method: 'GET',
  url: '/src/components/layout/MobileNavDrawer.tsx',
  statusCode: 200,
  duration: '4ms',
  ip: '127.0.0.1',
  response: undefined
}
2025-08-20T19:43:46.879Z [INFO]: Request completed {
  method: 'GET',
  url: '/@fs/C:/ledgerApp/node_modules/.vite/deps/lucide-react.js?v=a572f907',
  statusCode: 200,
  duration: '77ms',
  ip: '127.0.0.1',
  response: undefined
}
2025-08-20T19:43:46.888Z [INFO]: Request completed {
  method: 'GET',
  url: '/src/components/ui/button.tsx',
  statusCode: 200,
  duration: '4ms',
  ip: '127.0.0.1',
  response: undefined
}
2025-08-20T19:43:46.895Z [INFO]: Request completed {
  method: 'GET',
  url: '/src/components/ui/input.tsx',
  statusCode: 200,
  duration: '4ms',
  ip: '127.0.0.1',
  response: undefined
}
2025-08-20T19:43:46.901Z [INFO]: Request completed {
  method: 'GET',
  url: '/src/components/ui/label.tsx',
  statusCode: 200,
  duration: '4ms',
  ip: '127.0.0.1',
  response: undefined
}
2025-08-20T19:43:46.911Z [INFO]: Request completed {
  method: 'GET',
  url: '/src/lib/design-tokens.ts',
  statusCode: 200,
  duration: '5ms',
  ip: '127.0.0.1',
  response: undefined
}
2025-08-20T19:43:46.916Z [INFO]: Request completed {
  method: 'GET',
  url: '/src/components/layout/SidebarNav.tsx',
  statusCode: 200,
  duration: '2ms',
  ip: '127.0.0.1',
  response: undefined
}
2025-08-20T19:43:46.921Z [INFO]: Request completed {
  method: 'GET',
  url: '/src/components/layout/MobileBottomNav.tsx',
  statusCode: 200,
  duration: '4ms',
  ip: '127.0.0.1',
  response: undefined
}
2025-08-20T19:43:46.927Z [INFO]: Request completed {
  method: 'GET',
  url: '/src/components/layout/Breadcrumb.tsx',
  statusCode: 200,
  duration: '2ms',
  ip: '127.0.0.1',
  response: undefined
}
2025-08-20T19:43:46.942Z [INFO]: Request completed {
  method: 'GET',
  url: '/src/components/ui/badge.tsx',
  statusCode: 200,
  duration: '1ms',
  ip: '127.0.0.1',
  response: undefined
}
2025-08-20T19:43:46.945Z [INFO]: Request completed {
  method: 'GET',
  url: '/src/components/ui/select.tsx',
  statusCode: 200,
  duration: '1ms',
  ip: '127.0.0.1',
  response: undefined
}
2025-08-20T19:43:46.949Z [INFO]: Request completed {
  method: 'GET',
  url: '/src/components/modals/CashEntryModal.tsx',
  statusCode: 200,
  duration: '2ms',
  ip: '127.0.0.1',
  response: undefined
}
2025-08-20T19:43:46.969Z [INFO]: Request completed {
  method: 'GET',
  url: '/src/components/ui/switch.tsx',
  statusCode: 200,
  duration: '1ms',
  ip: '127.0.0.1',
  response: undefined
}
2025-08-20T19:43:46.975Z [INFO]: Request completed {
  method: 'GET',
  url: '/src/components/layout/LedgerLayout.tsx',
  statusCode: 200,
  duration: '3ms',
  ip: '127.0.0.1',
  response: undefined
}
2025-08-20T19:43:46.979Z [INFO]: Request completed {
  method: 'GET',
  url: '/@fs/C:/ledgerApp/node_modules/.vite/deps/@tanstack_react-query-persist-client.js?v=fe3e818c',
  statusCode: 200,
  duration: '2ms',
  ip: '127.0.0.1',
  response: undefined
}
2025-08-20T19:43:46.983Z [INFO]: Request completed {
  method: 'GET',
  url: '/@fs/C:/ledgerApp/node_modules/.vite/deps/@tanstack_query-sync-storage-persister.js?v=281f1c53',
  statusCode: 200,
  duration: '2ms',
  ip: '127.0.0.1',
  response: undefined
}
2025-08-20T19:43:46.986Z [INFO]: Request completed {
  method: 'GET',
  url: '/src/components/modals/CreateInvoiceModal.tsx',
  statusCode: 200,
  duration: '2ms',
  ip: '127.0.0.1',
  response: undefined
}
2025-08-20T19:43:46.991Z [INFO]: Request completed {
  method: 'GET',
  url: '/@fs/C:/ledgerApp/node_modules/.vite/deps/chunk-3TFVT2CW.js?v=7b8741ae',
  statusCode: 200,
  duration: '3ms',
  ip: '127.0.0.1',
  response: undefined
}
2025-08-20T19:43:46.994Z [INFO]: Request completed {
  method: 'GET',
  url: '/@fs/C:/ledgerApp/node_modules/.vite/deps/chunk-4MBMRILA.js?v=7b8741ae',
  statusCode: 200,
  duration: '1ms',
  ip: '127.0.0.1',
  response: undefined
}
2025-08-20T19:43:46.998Z [INFO]: Request completed {
  method: 'GET',
  url: '/@fs/C:/ledgerApp/node_modules/.vite/deps/chunk-ZADDJO6S.js?v=7b8741ae',
  statusCode: 200,
  duration: '2ms',
  ip: '127.0.0.1',
  response: undefined
}
2025-08-20T19:43:47.001Z [INFO]: Request completed {
  method: 'GET',
  url: '/@fs/C:/ledgerApp/node_modules/.vite/deps/chunk-S77I6LSE.js?v=7b8741ae',
  statusCode: 200,
  duration: '2ms',
  ip: '127.0.0.1',
  response: undefined
}
2025-08-20T19:43:47.006Z [INFO]: Request completed {
  method: 'GET',
  url: '/src/components/ui/textarea.tsx',
  statusCode: 200,
  duration: '3ms',
  ip: '127.0.0.1',
  response: undefined
}
2025-08-20T19:43:47.010Z [INFO]: Request completed {
  method: 'GET',
  url: '/@fs/C:/ledgerApp/node_modules/.vite/deps/@radix-ui_react-toast.js?v=f1d423d7',
  statusCode: 200,
  duration: '2ms',
  ip: '127.0.0.1',
  response: undefined
}
2025-08-20T19:43:47.014Z [INFO]: Request completed {
  method: 'GET',
  url: '/@fs/C:/ledgerApp/node_modules/.vite/deps/class-variance-authority.js?v=f297caa0',
  statusCode: 200,
  duration: '2ms',
  ip: '127.0.0.1',
  response: undefined
}
2025-08-20T19:43:47.019Z [INFO]: Request completed {
  method: 'GET',
  url: '/@fs/C:/ledgerApp/node_modules/.vite/deps/chunk-T7B4CIZW.js?v=7b8741ae',
  statusCode: 200,
  duration: '3ms',
  ip: '127.0.0.1',
  response: undefined
}
2025-08-20T19:43:47.024Z [INFO]: Request completed {
  method: 'GET',
  url: '/@fs/C:/ledgerApp/node_modules/.vite/deps/chunk-GROD4PZS.js?v=7b8741ae',
  statusCode: 200,
  duration: '2ms',
  ip: '127.0.0.1',
  response: undefined
}
2025-08-20T19:43:47.027Z [INFO]: Request completed {
  method: 'GET',
  url: '/@fs/C:/ledgerApp/node_modules/.vite/deps/chunk-ZTET5EGT.js?v=7b8741ae',
  statusCode: 200,
  duration: '2ms',
  ip: '127.0.0.1',
  response: undefined
}
2025-08-20T19:43:47.031Z [INFO]: Request completed {
  method: 'GET',
  url: '/@fs/C:/ledgerApp/node_modules/.vite/deps/chunk-I5PXNVBI.js?v=7b8741ae',
  statusCode: 200,
  duration: '2ms',
  ip: '127.0.0.1',
  response: undefined
}
2025-08-20T19:43:47.035Z [INFO]: Request completed {
  method: 'GET',
  url: '/@fs/C:/ledgerApp/node_modules/.vite/deps/chunk-DJANQQIC.js?v=7b8741ae',
  statusCode: 200,
  duration: '2ms',
  ip: '127.0.0.1',
  response: undefined
}
2025-08-20T19:43:47.039Z [INFO]: Request completed {
  method: 'GET',
  url: '/@fs/C:/ledgerApp/node_modules/.vite/deps/chunk-APEE4CCJ.js?v=7b8741ae',
  statusCode: 200,
  duration: '2ms',
  ip: '127.0.0.1',
  response: undefined
}
2025-08-20T19:43:47.043Z [INFO]: Request completed {
  method: 'GET',
  url: '/@fs/C:/ledgerApp/node_modules/.vite/deps/chunk-7XM4Q2SN.js?v=7b8741ae',
  statusCode: 200,
  duration: '2ms',
  ip: '127.0.0.1',
  response: undefined
}
2025-08-20T19:43:47.047Z [INFO]: Request completed {
  method: 'GET',
  url: '/@fs/C:/ledgerApp/node_modules/.vite/deps/chunk-VYLL3SJM.js?v=7b8741ae',
  statusCode: 200,
  duration: '2ms',
  ip: '127.0.0.1',
  response: undefined
}
2025-08-20T19:43:47.050Z [INFO]: Request completed {
  method: 'GET',
  url: '/@fs/C:/ledgerApp/node_modules/.vite/deps/chunk-PLT6GTVM.js?v=7b8741ae',
  statusCode: 200,
  duration: '2ms',
  ip: '127.0.0.1',
  response: undefined
}
2025-08-20T19:43:47.055Z [INFO]: Request completed {
  method: 'GET',
  url: '/@fs/C:/ledgerApp/node_modules/.vite/deps/chunk-5SOOSTSW.js?v=7b8741ae',
  statusCode: 200,
  duration: '2ms',
  ip: '127.0.0.1',
  response: undefined
}
2025-08-20T19:43:47.059Z [INFO]: Request completed {
  method: 'GET',
  url: '/@fs/C:/ledgerApp/node_modules/.vite/deps/chunk-5S42QOQO.js?v=7b8741ae',
  statusCode: 200,
  duration: '2ms',
  ip: '127.0.0.1',
  response: undefined
}
2025-08-20T19:43:47.064Z [INFO]: Request completed {
  method: 'GET',
  url: '/src/components/modals/BulkOperationsModal.tsx',
  statusCode: 200,
  duration: '2ms',
  ip: '127.0.0.1',
  response: undefined
}
2025-08-20T19:43:47.093Z [INFO]: Request completed {
  method: 'GET',
  url: '/src/components/reports/StatementGenerator.tsx',
  statusCode: 200,
  duration: '1ms',
  ip: '127.0.0.1',
  response: undefined
}
2025-08-20T19:43:47.100Z [INFO]: Request completed {
  method: 'GET',
  url: '/src/components/ui/dialog.tsx',
  statusCode: 200,
  duration: '4ms',
  ip: '127.0.0.1',
  response: undefined
}
2025-08-20T19:43:47.124Z [INFO]: Request completed {
  method: 'GET',
  url: '/@fs/C:/ledgerApp/node_modules/.vite/deps/chunk-WERSD76P.js?v=7b8741ae',
  statusCode: 200,
  duration: '16ms',
  ip: '127.0.0.1',
  response: undefined
}
2025-08-20T19:43:47.131Z [INFO]: Request completed {
  method: 'GET',
  url: '/@fs/C:/ledgerApp/node_modules/.vite/deps/clsx.js?v=e67fd690',
  statusCode: 200,
  duration: '3ms',
  ip: '127.0.0.1',
  response: undefined
}
2025-08-20T19:43:47.138Z [INFO]: Request completed {
  method: 'GET',
  url: '/@fs/C:/ledgerApp/node_modules/.vite/deps/tailwind-merge.js?v=f6417246',
  statusCode: 200,
  duration: '3ms',
  ip: '127.0.0.1',
  response: undefined
}
2025-08-20T19:43:47.149Z [INFO]: Request completed {
  method: 'GET',
  url: '/@fs/C:/ledgerApp/node_modules/.vite/deps/@radix-ui_react-slot.js?v=a1fd5bf5',
  statusCode: 200,
  duration: '4ms',
  ip: '127.0.0.1',
  response: undefined
}
2025-08-20T19:43:47.160Z [INFO]: Request completed {
  method: 'GET',
  url: '/@fs/C:/ledgerApp/node_modules/.vite/deps/@radix-ui_react-label.js?v=2aa767e9',
  statusCode: 200,
  duration: '7ms',
  ip: '127.0.0.1',
  response: undefined
}
2025-08-20T19:43:47.166Z [INFO]: Request completed {
  method: 'GET',
  url: '/@fs/C:/ledgerApp/node_modules/.vite/deps/@radix-ui_react-select.js?v=945b330c',
  statusCode: 200,
  duration: '3ms',
  ip: '127.0.0.1',
  response: undefined
}
2025-08-20T19:43:47.174Z [INFO]: Request completed {
  method: 'GET',
  url: '/@fs/C:/ledgerApp/node_modules/.vite/deps/react-hook-form.js?v=79b55018',
  statusCode: 200,
  duration: '3ms',
  ip: '127.0.0.1',
  response: undefined
}
2025-08-20T19:43:47.182Z [INFO]: Request completed {
  method: 'GET',
  url: '/src/components/ui/form.tsx',
  statusCode: 200,
  duration: '4ms',
  ip: '127.0.0.1',
  response: undefined
}
2025-08-20T19:43:47.190Z [INFO]: Request completed {
  method: 'GET',
  url: '/@fs/C:/ledgerApp/node_modules/.vite/deps/@radix-ui_react-switch.js?v=80282d7c',
  statusCode: 200,
  duration: '4ms',
  ip: '127.0.0.1',
  response: undefined
}
2025-08-20T19:43:47.195Z [INFO]: Request completed {
  method: 'GET',
  url: '/src/components/ui/scroll-area.tsx',
  statusCode: 200,
  duration: '3ms',
  ip: '127.0.0.1',
  response: undefined
}
2025-08-20T19:43:47.201Z [INFO]: Request completed {
  method: 'GET',
  url: '/@fs/C:/ledgerApp/node_modules/.vite/deps/chunk-MKRCTFNO.js?v=7b8741ae',
  statusCode: 200,
  duration: '4ms',
  ip: '127.0.0.1',
  response: undefined
}
2025-08-20T19:43:47.207Z [INFO]: Request completed {
  method: 'GET',
  url: '/@fs/C:/ledgerApp/node_modules/.vite/deps/chunk-U7P2NEEE.js?v=7b8741ae',
  statusCode: 200,
  duration: '3ms',
  ip: '127.0.0.1',
  response: undefined
}
2025-08-20T19:43:47.213Z [INFO]: Request completed {
  method: 'GET',
  url: '/src/components/ui/progress.tsx',
  statusCode: 200,
  duration: '3ms',
  ip: '127.0.0.1',
  response: undefined
}
2025-08-20T19:43:47.222Z [INFO]: Request completed {
  method: 'GET',
  url: '/src/components/ui/table.tsx',
  statusCode: 200,
  duration: '6ms',
  ip: '127.0.0.1',
  response: undefined
}
2025-08-20T19:43:47.229Z [INFO]: Request completed {
  method: 'GET',
  url: '/src/components/ui/loading.tsx',
  statusCode: 200,
  duration: '3ms',
  ip: '127.0.0.1',
  response: undefined
}
2025-08-20T19:43:47.236Z [INFO]: Request completed {
  method: 'GET',
  url: '/@fs/C:/ledgerApp/node_modules/.vite/deps/@hookform_resolvers_zod.js?v=e1a635b8',
  statusCode: 200,
  duration: '3ms',
  ip: '127.0.0.1',
  response: undefined
}
2025-08-20T19:43:47.243Z [INFO]: Request completed {
  method: 'GET',
  url: '/@fs/C:/ledgerApp/node_modules/.vite/deps/zod.js?v=0ef01030',
  statusCode: 200,
  duration: '4ms',
  ip: '127.0.0.1',
  response: undefined
}
2025-08-20T19:43:47.249Z [INFO]: Request completed {
  method: 'GET',
  url: '/src/lib/photo-utils.ts',
  statusCode: 304,
  duration: '3ms',
  ip: '127.0.0.1',
  response: undefined
}
2025-08-20T19:43:47.255Z [INFO]: Request completed {
  method: 'GET',
  url: '/src/components/ui/tabs.tsx',
  statusCode: 200,
  duration: '3ms',
  ip: '127.0.0.1',
  response: undefined
}
2025-08-20T19:43:47.261Z [INFO]: Request completed {
  method: 'GET',
  url: '/src/components/ui/sheet.tsx',
  statusCode: 200,
  duration: '3ms',
  ip: '127.0.0.1',
  response: undefined
}
2025-08-20T19:43:47.266Z [INFO]: Request completed {
  method: 'GET',
  url: '/@fs/C:/ledgerApp/node_modules/.vite/deps/chunk-6ZMM2PAV.js?v=7b8741ae',
  statusCode: 200,
  duration: '3ms',
  ip: '127.0.0.1',
  response: undefined
}
2025-08-20T19:43:47.272Z [INFO]: Request completed {
  method: 'GET',
  url: '/@fs/C:/ledgerApp/node_modules/.vite/deps/chunk-N3DOAFRY.js?v=7b8741ae',
  statusCode: 200,
  duration: '4ms',
  ip: '127.0.0.1',
  response: undefined
}
2025-08-20T19:43:47.277Z [INFO]: Request completed {
  method: 'GET',
  url: '/@fs/C:/ledgerApp/node_modules/.vite/deps/chunk-QH7Y6EI7.js?v=7b8741ae',
  statusCode: 200,
  duration: '2ms',
  ip: '127.0.0.1',
  response: undefined
}
2025-08-20T19:43:47.281Z [INFO]: Request completed {
  method: 'GET',
  url: '/@fs/C:/ledgerApp/node_modules/.vite/deps/chunk-HGJTK426.js?v=7b8741ae',
  statusCode: 200,
  duration: '2ms',
  ip: '127.0.0.1',
  response: undefined
}
2025-08-20T19:43:47.284Z [INFO]: Request completed {
  method: 'GET',
  url: '/@fs/C:/ledgerApp/node_modules/.vite/deps/@radix-ui_react-scroll-area.js?v=eef46965',
  statusCode: 200,
  duration: '1ms',
  ip: '127.0.0.1',
  response: undefined
}
2025-08-20T19:43:47.288Z [INFO]: Request completed {
  method: 'GET',
  url: '/@fs/C:/ledgerApp/node_modules/.vite/deps/@radix-ui_react-progress.js?v=3c77a165',
  statusCode: 200,
  duration: '2ms',
  ip: '127.0.0.1',
  response: undefined
}
2025-08-20T19:43:47.291Z [INFO]: Request completed {
  method: 'GET',
  url: '/@fs/C:/ledgerApp/node_modules/.vite/deps/@radix-ui_react-tabs.js?v=454f9b1b',
  statusCode: 200,
  duration: '2ms',
  ip: '127.0.0.1',
  response: undefined
}
2025-08-20T19:43:47.294Z [INFO]: Request completed {
  method: 'GET',
  url: '/@fs/C:/ledgerApp/node_modules/.vite/deps/@radix-ui_react-dialog.js?v=c3233147',
  statusCode: 200,
  duration: '1ms',
  ip: '127.0.0.1',
  response: undefined
}
2025-08-20T19:43:47.298Z [INFO]: Request completed {
  method: 'GET',
  url: '/@fs/C:/ledgerApp/node_modules/.vite/deps/chunk-CXJMC5RA.js?v=7b8741ae',
  statusCode: 200,
  duration: '2ms',
  ip: '127.0.0.1',
  response: undefined
}
2025-08-20T19:43:47.447Z [INFO]: Request completed {
  method: 'GET',
  url: '/sw.js',
  statusCode: 304,
  duration: '3ms',
  ip: '127.0.0.1',
  response: undefined
}
2025-08-20T19:43:47.467Z [INFO]: Request completed {
  method: 'GET',
  url: '/',
  statusCode: 200,
  duration: '25ms',
  ip: '127.0.0.1',
  response: undefined
}
2025-08-20T19:43:47.483Z [INFO]: Request completed {
  method: 'GET',
  url: '/src/App.tsx',
  statusCode: 200,
  duration: '3ms',
  ip: '127.0.0.1',
  response: undefined
}
2025-08-20T19:43:47.493Z [INFO]: Request completed {
  method: 'GET',
  url: '/src/index.css',
  statusCode: 200,
  duration: '4ms',
  ip: '127.0.0.1',
  response: undefined
}
2025-08-20T19:43:47.504Z [INFO]: Request completed {
  method: 'GET',
  url: '/src/main.tsx',
  statusCode: 200,
  duration: '24ms',
  ip: '127.0.0.1',
  response: undefined
}
2025-08-20T19:43:47.517Z [INFO]: Request completed {
  method: 'GET',
  url: '/',
  statusCode: 200,
  duration: '39ms',
  ip: '127.0.0.1',
  response: undefined
}
2025-08-20T19:43:48.729Z [INFO]: Request completed {
  method: 'POST',
  url: '/api/auth/login/start',
  statusCode: 200,
  duration: '1317ms',
  ip: '127.0.0.1',
  response: undefined
}
2025-08-20T19:43:49.849Z [INFO]: Request completed {
  method: 'POST',
  url: '/api/auth/login/select-business',
  statusCode: 200,
  duration: '283ms',
  ip: '127.0.0.1',
  response: undefined
}
2025-08-20T19:44:16.774Z [INFO]: Request completed {
  method: 'POST',
  url: '/api/auth/login/select-branch',
  statusCode: 200,
  duration: '14ms',
  ip: '127.0.0.1',
  response: undefined
}
2025-08-20T19:44:17.269Z [INFO]: Request completed {
  method: 'GET',
  url: '/api/businesses',
  statusCode: 304,
  duration: '281ms',
  ip: '127.0.0.1',
  response: undefined
}
2025-08-20T19:44:17.411Z [INFO]: Request completed {
  method: 'GET',
  url: '/?businessId=biz_vm6cc68ua',
  statusCode: 200,
  duration: '62ms',
  ip: '127.0.0.1',
  response: undefined
}
2025-08-20T19:44:17.707Z [INFO]: Request completed {
  method: 'GET',
  url: '/api/branches/business/biz_vm6cc68ua',
  statusCode: 200,
  duration: '288ms',
  ip: '127.0.0.1',
  response: undefined
}
2025-08-20T19:44:17.810Z [INFO]: Request completed {
  method: 'GET',
  url: '/?businessId=biz_vm6cc68ua&branchId=branch_bvogi766p',
  statusCode: 200,
  duration: '41ms',
  ip: '127.0.0.1',
  response: undefined
}
2025-08-20T19:44:18.092Z [INFO]: Request completed {
  method: 'GET',
  url: '/api/accounts',
  statusCode: 304,
  duration: '1092ms',
  ip: '127.0.0.1',
  response: undefined
}
2025-08-20T19:44:18.373Z [INFO]: Request completed {
  method: 'GET',
  url: '/api/accounts',
  statusCode: 304,
  duration: '276ms',
  ip: '127.0.0.1',
  response: undefined
}
2025-08-20T19:44:18.651Z [INFO]: Request completed {
  method: 'GET',
  url: '/api/accounts',
  statusCode: 304,
  duration: '274ms',
  ip: '127.0.0.1',
  response: undefined
}
2025-08-20T19:44:18.744Z [INFO]: Request completed {
  method: 'GET',
  url: '/api/cashbook',
  statusCode: 304,
  duration: '1090ms',
  ip: '127.0.0.1',
  response: undefined
}
2025-08-20T19:44:18.759Z [INFO]: Request completed {
  method: 'GET',
  url: '/api/items',
  statusCode: 304,
  duration: '1092ms',
  ip: '127.0.0.1',
  response: undefined
}
2025-08-20T19:44:18.931Z [INFO]: Request completed {
  method: 'GET',
  url: '/api/accounts',
  statusCode: 304,
  duration: '276ms',
  ip: '127.0.0.1',
  response: undefined
}
2025-08-20T19:44:19.019Z [INFO]: Request completed {
  method: 'GET',
  url: '/api/cashbook',
  statusCode: 304,
  duration: '271ms',
  ip: '127.0.0.1',
  response: undefined
}
2025-08-20T19:44:19.041Z [INFO]: Request completed {
  method: 'GET',
  url: '/api/items',
  statusCode: 304,
  duration: '276ms',
  ip: '127.0.0.1',
  response: undefined
}
2025-08-20T19:44:19.199Z [INFO]: Request completed {
  method: 'GET',
  url: '/api/accounts',
  statusCode: 304,
  duration: '264ms',
  ip: '127.0.0.1',
  response: undefined
}
2025-08-20T19:44:19.320Z [INFO]: Request completed {
  method: 'GET',
  url: '/api/items',
  statusCode: 304,
  duration: '275ms',
  ip: '127.0.0.1',
  response: undefined
}
2025-08-20T19:48:41.923Z [INFO]: Request completed {
  method: 'GET',
  url: '/src/pages/admin/Login.tsx?t=1755719321591',
  statusCode: 200,
  duration: '3ms',
  ip: '127.0.0.1',
  response: undefined
}
2025-08-20T19:48:41.932Z [INFO]: Request completed {
  method: 'GET',
  url: '/src/pages/admin/Branches.tsx?t=1755719321591',
  statusCode: 200,
  duration: '5ms',
  ip: '127.0.0.1',
  response: undefined
}
2025-08-20T19:48:41.976Z [INFO]: Request completed {
  method: 'GET',
  url: '/src/pages/business/Accounts.tsx?t=1755719321591',
  statusCode: 200,
  duration: '3ms',
  ip: '127.0.0.1',
  response: undefined
}
2025-08-20T19:48:41.980Z [INFO]: Request completed {
  method: 'GET',
  url: '/src/pages/business/Invoices.tsx?t=1755719321591',
  statusCode: 200,
  duration: '2ms',
  ip: '127.0.0.1',
  response: undefined
}
2025-08-20T19:48:42.158Z [INFO]: Request completed {
  method: 'GET',
  url: '/src/index.css?t=1755719321591&v=Bcur3Y4nEOP3eY80NshIu',
  statusCode: 200,
  duration: '242ms',
  ip: '127.0.0.1',
  response: undefined
}
2025-08-20T19:48:42.168Z [INFO]: Request completed {
  method: 'GET',
  url: '/src/pages/business/Login.tsx?t=1755719321591',
  statusCode: 200,
  duration: '6ms',
  ip: '127.0.0.1',
  response: undefined
}
2025-08-20T19:48:42.174Z [INFO]: Request completed {
  method: 'GET',
  url: '/src/pages/business/Settings.tsx?t=1755719321591',
  statusCode: 200,
  duration: '4ms',
  ip: '127.0.0.1',
  response: undefined
}
2025-08-20T19:48:42.200Z [INFO]: Request completed {
  method: 'GET',
  url: '/src/pages/business/Reports.tsx?t=1755719321591',
  statusCode: 200,
  duration: '2ms',
  ip: '127.0.0.1',
  response: undefined
}
2025-08-20T19:48:42.204Z [INFO]: Request completed {
  method: 'GET',
  url: '/src/pages/business/Cashbook.tsx?t=1755719321591',
  statusCode: 200,
  duration: '3ms',
  ip: '127.0.0.1',
  response: undefined
}
2025-08-20T19:48:42.208Z [INFO]: Request completed {
  method: 'GET',
  url: '/src/pages/business/Inventory.tsx?t=1755719321591',
  statusCode: 200,
  duration: '3ms',
  ip: '127.0.0.1',
  response: undefined
}
2025-08-20T19:48:42.218Z [INFO]: Request completed {
  method: 'GET',
  url: '/src/pages/business/Dashboard.tsx?t=1755719321591',
  statusCode: 200,
  duration: '5ms',
  ip: '127.0.0.1',
  response: undefined
}
2025-08-20T19:48:42.238Z [INFO]: Request completed {
  method: 'GET',
  url: '/src/components/layout/LedgerLayout.tsx?t=1755719321591',
  statusCode: 200,
  duration: '6ms',
  ip: '127.0.0.1',
  response: undefined
}
2025-08-20T19:48:42.242Z [INFO]: Request completed {
  method: 'GET',
  url: '/src/components/modals/CreateInvoiceModal.tsx?t=1755719321591',
  statusCode: 200,
  duration: '2ms',
  ip: '127.0.0.1',
  response: undefined
}
2025-08-20T19:48:42.246Z [INFO]: Request completed {
  method: 'GET',
  url: '/src/lib/api.ts?t=1755719321591',
  statusCode: 200,
  duration: '2ms',
  ip: '127.0.0.1',
  response: undefined
}
2025-08-20T19:48:43.664Z [INFO]: Request completed {
  method: 'GET',
  url: '/api/businesses',
  statusCode: 200,
  duration: '261ms',
  ip: '127.0.0.1',
  response: undefined
}
2025-08-20T19:48:43.707Z [INFO]: Request completed {
  method: 'GET',
  url: '/?businessId=biz_vm6cc68ua&branchId=branch_bvogi766p',
  statusCode: 200,
  duration: '38ms',
  ip: '127.0.0.1',
  response: undefined
}
2025-08-20T19:48:43.714Z [INFO]: Request completed {
  method: 'GET',
  url: '/api/accounts',
  statusCode: 200,
  duration: '282ms',
  ip: '127.0.0.1',
  response: undefined
}
2025-08-20T19:48:43.721Z [INFO]: Request completed {
  method: 'GET',
  url: '/api/cashbook',
  statusCode: 200,
  duration: '288ms',
  ip: '127.0.0.1',
  response: undefined
}
2025-08-20T19:48:43.726Z [INFO]: Request completed {
  method: 'GET',
  url: '/api/branches/business/biz_vm6cc68ua',
  statusCode: 200,
  duration: '301ms',
  ip: '127.0.0.1',
  response: undefined
}
2025-08-20T19:48:43.999Z [INFO]: Request completed {
  method: 'GET',
  url: '/api/items',
  statusCode: 200,
  duration: '270ms',
  ip: '127.0.0.1',
  response: undefined
}
2025-08-20T19:48:44.009Z [INFO]: Request completed {
  method: 'GET',
  url: '/api/items',
  statusCode: 304,
  duration: '272ms',
  ip: '127.0.0.1',
  response: undefined
}
2025-08-20T19:48:44.014Z [INFO]: Request completed {
  method: 'GET',
  url: '/api/accounts',
  statusCode: 304,
  duration: '280ms',
  ip: '127.0.0.1',
  response: undefined
}
2025-08-20T19:48:45.595Z [INFO]: Request completed {
  method: 'GET',
  url: '/src/pages/admin/Login.tsx?t=1755719325572',
  statusCode: 200,
  duration: '3ms',
  ip: '127.0.0.1',
  response: undefined
}
2025-08-20T19:48:45.607Z [INFO]: Request completed {
  method: 'GET',
  url: '/src/pages/admin/Branches.tsx?t=1755719325572',
  statusCode: 200,
  duration: '7ms',
  ip: '127.0.0.1',
  response: undefined
}
2025-08-20T19:48:45.636Z [INFO]: Request completed {
  method: 'GET',
  url: '/src/pages/business/Accounts.tsx?t=1755719325572',
  statusCode: 200,
  duration: '3ms',
  ip: '127.0.0.1',
  response: undefined
}
2025-08-20T19:48:45.640Z [INFO]: Request completed {
  method: 'GET',
  url: '/src/pages/business/Invoices.tsx?t=1755719325572',
  statusCode: 200,
  duration: '2ms',
  ip: '127.0.0.1',
  response: undefined
}
2025-08-20T19:48:45.745Z [INFO]: Request completed {
  method: 'GET',
  url: '/src/index.css?t=1755719325572&v=Bcur3Y4nEOP3eY80NshIu',
  statusCode: 200,
  duration: '157ms',
  ip: '127.0.0.1',
  response: undefined
}
2025-08-20T19:48:45.750Z [INFO]: Request completed {
  method: 'GET',
  url: '/src/pages/business/Login.tsx?t=1755719325572',
  statusCode: 200,
  duration: '3ms',
  ip: '127.0.0.1',
  response: undefined
}
2025-08-20T19:48:45.755Z [INFO]: Request completed {
  method: 'GET',
  url: '/src/pages/business/Settings.tsx?t=1755719325572',
  statusCode: 200,
  duration: '4ms',
  ip: '127.0.0.1',
  response: undefined
}
2025-08-20T19:48:45.773Z [INFO]: Request completed {
  method: 'GET',
  url: '/src/pages/business/Reports.tsx?t=1755719325572',
  statusCode: 200,
  duration: '3ms',
  ip: '127.0.0.1',
  response: undefined
}
2025-08-20T19:48:45.777Z [INFO]: Request completed {
  method: 'GET',
  url: '/src/pages/business/Cashbook.tsx?t=1755719325572',
  statusCode: 200,
  duration: '2ms',
  ip: '127.0.0.1',
  response: undefined
}
2025-08-20T19:48:45.799Z [INFO]: Request completed {
  method: 'GET',
  url: '/src/pages/business/Inventory.tsx?t=1755719325572',
  statusCode: 200,
  duration: '2ms',
  ip: '127.0.0.1',
  response: undefined
}
2025-08-20T19:48:45.805Z [INFO]: Request completed {
  method: 'GET',
  url: '/src/pages/business/Dashboard.tsx?t=1755719325572',
  statusCode: 200,
  duration: '3ms',
  ip: '127.0.0.1',
  response: undefined
}
2025-08-20T19:48:45.811Z [INFO]: Request completed {
  method: 'GET',
  url: '/src/components/layout/LedgerLayout.tsx?t=1755719325572',
  statusCode: 200,
  duration: '4ms',
  ip: '127.0.0.1',
  response: undefined
}
2025-08-20T19:48:45.819Z [INFO]: Request completed {
  method: 'GET',
  url: '/src/components/modals/CreateInvoiceModal.tsx?t=1755719325572',
  statusCode: 200,
  duration: '2ms',
  ip: '127.0.0.1',
  response: undefined
}
2025-08-20T19:48:45.836Z [INFO]: Request completed {
  method: 'GET',
  url: '/src/lib/api.ts?t=1755719325572',
  statusCode: 200,
  duration: '4ms',
  ip: '127.0.0.1',
  response: undefined
}
2025-08-20T19:48:45.850Z [INFO]: Request completed {
  method: 'GET',
  url: '/src/pages/admin/Login.tsx?t=1755719325760',
  statusCode: 200,
  duration: '3ms',
  ip: '127.0.0.1',
  response: undefined
}
2025-08-20T19:48:45.881Z [INFO]: Request completed {
  method: 'GET',
  url: '/src/pages/admin/Branches.tsx?t=1755719325760',
  statusCode: 200,
  duration: '3ms',
  ip: '127.0.0.1',
  response: undefined
}
2025-08-20T19:48:45.888Z [INFO]: Request completed {
  method: 'GET',
  url: '/src/pages/business/Accounts.tsx?t=1755719325760',
  statusCode: 200,
  duration: '3ms',
  ip: '127.0.0.1',
  response: undefined
}
2025-08-20T19:48:45.981Z [INFO]: Request completed {
  method: 'GET',
  url: '/src/index.css?t=1755719325760&v=Bcur3Y4nEOP3eY80NshIu',
  statusCode: 200,
  duration: '138ms',
  ip: '127.0.0.1',
  response: undefined
}
2025-08-20T19:48:45.986Z [INFO]: Request completed {
  method: 'GET',
  url: '/src/pages/business/Invoices.tsx?t=1755719325760',
  statusCode: 200,
  duration: '2ms',
  ip: '127.0.0.1',
  response: undefined
}
2025-08-20T19:48:45.991Z [INFO]: Request completed {
  method: 'GET',
  url: '/src/pages/business/Login.tsx?t=1755719325760',
  statusCode: 200,
  duration: '4ms',
  ip: '127.0.0.1',
  response: undefined
}
2025-08-20T19:48:46.017Z [INFO]: Request completed {
  method: 'GET',
  url: '/src/pages/business/Settings.tsx?t=1755719325760',
  statusCode: 200,
  duration: '5ms',
  ip: '127.0.0.1',
  response: undefined
}
2025-08-20T19:48:46.023Z [INFO]: Request completed {
  method: 'GET',
  url: '/src/pages/business/Reports.tsx?t=1755719325760',
  statusCode: 200,
  duration: '3ms',
  ip: '127.0.0.1',
  response: undefined
}
2025-08-20T19:48:46.038Z [INFO]: Request completed {
  method: 'GET',
  url: '/src/pages/business/Cashbook.tsx?t=1755719325760',
  statusCode: 200,
  duration: '4ms',
  ip: '127.0.0.1',
  response: undefined
}
2025-08-20T19:48:46.043Z [INFO]: Request completed {
  method: 'GET',
  url: '/src/pages/business/Inventory.tsx?t=1755719325760',
  statusCode: 200,
  duration: '4ms',
  ip: '127.0.0.1',
  response: undefined
}
2025-08-20T19:48:46.050Z [INFO]: Request completed {
  method: 'GET',
  url: '/src/pages/business/Dashboard.tsx?t=1755719325760',
  statusCode: 200,
  duration: '5ms',
  ip: '127.0.0.1',
  response: undefined
}
2025-08-20T19:48:46.063Z [INFO]: Request completed {
  method: 'GET',
  url: '/src/components/layout/LedgerLayout.tsx?t=1755719325760',
  statusCode: 200,
  duration: '7ms',
  ip: '127.0.0.1',
  response: undefined
}
2025-08-20T19:48:46.070Z [INFO]: Request completed {
  method: 'GET',
  url: '/src/components/modals/CreateInvoiceModal.tsx?t=1755719325760',
  statusCode: 200,
  duration: '3ms',
  ip: '127.0.0.1',
  response: undefined
}
2025-08-20T19:48:46.075Z [INFO]: Request completed {
  method: 'GET',
  url: '/src/lib/api.ts?t=1755719325760',
  statusCode: 200,
  duration: '3ms',
  ip: '127.0.0.1',
  response: undefined
}
2025-08-20T19:48:46.197Z [INFO]: Request completed {
  method: 'GET',
  url: '/src/index.css?t=1755719325883&v=Bcur3Y4nEOP3eY80NshIu',
  statusCode: 200,
  duration: '105ms',
  ip: '127.0.0.1',
  response: undefined
}
2025-08-20T19:48:46.202Z [INFO]: Request completed {
  method: 'GET',
  url: '/src/pages/admin/Login.tsx?t=1755719325883',
  statusCode: 200,
  duration: '2ms',
  ip: '127.0.0.1',
  response: undefined
}
2025-08-20T19:48:46.206Z [INFO]: Request completed {
  method: 'GET',
  url: '/src/pages/admin/Branches.tsx?t=1755719325883',
  statusCode: 200,
  duration: '2ms',
  ip: '127.0.0.1',
  response: undefined
}
2025-08-20T19:48:46.216Z [INFO]: Request completed {
  method: 'GET',
  url: '/src/pages/business/Accounts.tsx?t=1755719325883',
  statusCode: 200,
  duration: '3ms',
  ip: '127.0.0.1',
  response: undefined
}
2025-08-20T19:48:46.228Z [INFO]: Request completed {
  method: 'GET',
  url: '/src/pages/business/Invoices.tsx?t=1755719325883',
  statusCode: 200,
  duration: '3ms',
  ip: '127.0.0.1',
  response: undefined
}
2025-08-20T19:48:46.235Z [INFO]: Request completed {
  method: 'GET',
  url: '/src/pages/business/Login.tsx?t=1755719325883',
  statusCode: 200,
  duration: '4ms',
  ip: '127.0.0.1',
  response: undefined
}
2025-08-20T19:48:46.240Z [INFO]: Request completed {
  method: 'GET',
  url: '/src/pages/business/Settings.tsx?t=1755719325883',
  statusCode: 200,
  duration: '3ms',
  ip: '127.0.0.1',
  response: undefined
}
2025-08-20T19:48:46.258Z [INFO]: Request completed {
  method: 'GET',
  url: '/src/pages/business/Reports.tsx?t=1755719325883',
  statusCode: 200,
  duration: '2ms',
  ip: '127.0.0.1',
  response: undefined
}
2025-08-20T19:48:46.261Z [INFO]: Request completed {
  method: 'GET',
  url: '/src/pages/business/Cashbook.tsx?t=1755719325883',
  statusCode: 200,
  duration: '2ms',
  ip: '127.0.0.1',
  response: undefined
}
2025-08-20T19:48:46.266Z [INFO]: Request completed {
  method: 'GET',
  url: '/src/pages/business/Inventory.tsx?t=1755719325883',
  statusCode: 200,
  duration: '3ms',
  ip: '127.0.0.1',
  response: undefined
}
2025-08-20T19:48:46.279Z [INFO]: Request completed {
  method: 'GET',
  url: '/src/pages/business/Dashboard.tsx?t=1755719325883',
  statusCode: 200,
  duration: '3ms',
  ip: '127.0.0.1',
  response: undefined
}
2025-08-20T19:48:46.289Z [INFO]: Request completed {
  method: 'GET',
  url: '/src/components/layout/LedgerLayout.tsx?t=1755719325883',
  statusCode: 200,
  duration: '3ms',
  ip: '127.0.0.1',
  response: undefined
}
2025-08-20T19:48:46.294Z [INFO]: Request completed {
  method: 'GET',
  url: '/src/components/modals/CreateInvoiceModal.tsx?t=1755719325883',
  statusCode: 200,
  duration: '2ms',
  ip: '127.0.0.1',
  response: undefined
}
2025-08-20T19:48:46.299Z [INFO]: Request completed {
  method: 'GET',
  url: '/src/lib/api.ts?t=1755719325883',
  statusCode: 200,
  duration: '2ms',
  ip: '127.0.0.1',
  response: undefined
}
2025-08-20T19:48:47.460Z [INFO]: Request completed {
  method: 'GET',
  url: '/?businessId=biz_vm6cc68ua&branchId=branch_bvogi766p',
  statusCode: 200,
  duration: '26ms',
  ip: '127.0.0.1',
  response: undefined
}
2025-08-20T19:48:47.669Z [INFO]: Request completed {
  method: 'GET',
  url: '/api/businesses',
  statusCode: 200,
  duration: '275ms',
  ip: '127.0.0.1',
  response: undefined
}
2025-08-20T19:48:47.690Z [INFO]: Request completed {
  method: 'GET',
  url: '/api/branches/business/biz_vm6cc68ua',
  statusCode: 200,
  duration: '283ms',
  ip: '127.0.0.1',
  response: undefined
}
2025-08-20T19:48:47.703Z [INFO]: Request completed {
  method: 'GET',
  url: '/api/accounts',
  statusCode: 200,
  duration: '284ms',
  ip: '127.0.0.1',
  response: undefined
}
2025-08-20T19:48:47.706Z [INFO]: Request completed {
  method: 'GET',
  url: '/api/cashbook',
  statusCode: 200,
  duration: '280ms',
  ip: '127.0.0.1',
  response: undefined
}
2025-08-20T19:48:49.226Z [INFO]: Request completed {
  method: 'GET',
  url: '/api/items',
  statusCode: 200,
  duration: '1786ms',
  ip: '127.0.0.1',
  response: undefined
}
2025-08-20T19:48:49.405Z [INFO]: Request completed {
  method: 'GET',
  url: '/@vite/client',
  statusCode: 304,
  duration: '2ms',
  ip: '127.0.0.1',
  response: undefined
}
2025-08-20T19:48:49.422Z [INFO]: Request completed {
  method: 'GET',
  url: '/src/main.tsx?v=tlLN-LuPibofd5gA4sZ_J',
  statusCode: 200,
  duration: '14ms',
  ip: '127.0.0.1',
  response: undefined
}
2025-08-20T19:48:49.436Z [INFO]: Request completed {
  method: 'GET',
  url: '/.well-known/appspecific/com.chrome.devtools.json',
  statusCode: 404,
  duration: '2ms',
  ip: '127.0.0.1',
  response: undefined
}
2025-08-20T19:48:52.426Z [INFO]: Request completed {
  method: 'GET',
  url: '/@react-refresh',
  statusCode: 304,
  duration: '1ms',
  ip: '127.0.0.1',
  response: undefined
}
2025-08-20T19:48:52.431Z [INFO]: Request completed {
  method: 'GET',
  url: '/@fs/C:/ledgerApp/node_modules/vite/dist/client/env.mjs',
  statusCode: 304,
  duration: '3ms',
  ip: '127.0.0.1',
  response: undefined
}
2025-08-20T19:48:52.446Z [INFO]: Request completed {
  method: 'GET',
  url: '/src/App.tsx?t=1755719325883&v=tlLN-LuPibofd5gA4sZ_J',
  statusCode: 200,
  duration: '4ms',
  ip: '127.0.0.1',
  response: undefined
}
2025-08-20T19:48:52.451Z [INFO]: Request completed {
  method: 'GET',
  url: '/src/index.css?t=1755719325883&v=tlLN-LuPibofd5gA4sZ_J',
  statusCode: 200,
  duration: '3ms',
  ip: '127.0.0.1',
  response: undefined
}
2025-08-20T19:48:52.498Z [INFO]: Request completed {
  method: 'GET',
  url: '/src/components/ui/toaster.tsx',
  statusCode: 304,
  duration: '2ms',
  ip: '127.0.0.1',
  response: undefined
}
2025-08-20T19:48:52.502Z [INFO]: Request completed {
  method: 'GET',
  url: '/src/components/ui/tooltip.tsx',
  statusCode: 304,
  duration: '2ms',
  ip: '127.0.0.1',
  response: undefined
}
2025-08-20T19:48:52.507Z [INFO]: Request completed {
  method: 'GET',
  url: '/src/components/layout/BusinessAppShell.tsx?t=1755719325883',
  statusCode: 200,
  duration: '2ms',
  ip: '127.0.0.1',
  response: undefined
}
2025-08-20T19:48:52.512Z [INFO]: Request completed {
  method: 'GET',
  url: '/src/lib/auth-store.ts',
  statusCode: 304,
  duration: '3ms',
  ip: '127.0.0.1',
  response: undefined
}
2025-08-20T19:48:52.519Z [INFO]: Request completed {
  method: 'GET',
  url: '/src/lib/queryClient.ts',
  statusCode: 304,
  duration: '3ms',
  ip: '127.0.0.1',
  response: undefined
}
2025-08-20T19:48:52.523Z [INFO]: Request completed {
  method: 'GET',
  url: '/src/pages/admin/UsersRoles.tsx',
  statusCode: 304,
  duration: '2ms',
  ip: '127.0.0.1',
  response: undefined
}
2025-08-20T19:48:52.528Z [INFO]: Request completed {
  method: 'GET',
  url: '/src/pages/admin/AppSettings.tsx',
  statusCode: 304,
  duration: '1ms',
  ip: '127.0.0.1',
  response: undefined
}
2025-08-20T19:48:52.532Z [INFO]: Request completed {
  method: 'GET',
  url: '/src/pages/admin/Audit.tsx',
  statusCode: 304,
  duration: '2ms',
  ip: '127.0.0.1',
  response: undefined
}
2025-08-20T19:48:52.536Z [INFO]: Request completed {
  method: 'GET',
  url: '/src/pages/admin/Feedback.tsx',
  statusCode: 304,
  duration: '2ms',
  ip: '127.0.0.1',
  response: undefined
}
2025-08-20T19:48:52.538Z [INFO]: Request completed {
  method: 'GET',
  url: '/src/pages/admin/Diagnostics.tsx',
  statusCode: 304,
  duration: '2ms',
  ip: '127.0.0.1',
  response: undefined
}
2025-08-20T19:48:52.542Z [INFO]: Request completed {
  method: 'GET',
  url: '/src/components/layout/SuperAdminAppShell.tsx',
  statusCode: 304,
  duration: '2ms',
  ip: '127.0.0.1',
  response: undefined
}
2025-08-20T19:48:52.547Z [INFO]: Request completed {
  method: 'GET',
  url: '/src/pages/admin/Dashboard.tsx',
  statusCode: 304,
  duration: '3ms',
  ip: '127.0.0.1',
  response: undefined
}
2025-08-20T19:48:52.549Z [INFO]: Request completed {
  method: 'GET',
  url: '/src/pages/admin/Businesses.tsx',
  statusCode: 304,
  duration: '2ms',
  ip: '127.0.0.1',
  response: undefined
}
2025-08-20T19:48:52.553Z [INFO]: Request completed {
  method: 'GET',
  url: '/src/components/ui/button.tsx',
  statusCode: 304,
  duration: '2ms',
  ip: '127.0.0.1',
  response: undefined
}
2025-08-20T19:48:52.556Z [INFO]: Request completed {
  method: 'GET',
  url: '/src/components/ui/input.tsx',
  statusCode: 304,
  duration: '1ms',
  ip: '127.0.0.1',
  response: undefined
}
2025-08-20T19:48:52.561Z [INFO]: Request completed {
  method: 'GET',
  url: '/src/components/ui/alert.tsx',
  statusCode: 304,
  duration: '3ms',
  ip: '127.0.0.1',
  response: undefined
}
2025-08-20T19:48:52.566Z [INFO]: Request completed {
  method: 'GET',
  url: '/src/components/ui/skeleton.tsx',
  statusCode: 304,
  duration: '2ms',
  ip: '127.0.0.1',
  response: undefined
}
2025-08-20T19:48:52.570Z [INFO]: Request completed {
  method: 'GET',
  url: '/src/components/modals/CashEntryModal.tsx',
  statusCode: 304,
  duration: '2ms',
  ip: '127.0.0.1',
  response: undefined
}
2025-08-20T19:48:52.572Z [INFO]: Request completed {
  method: 'GET',
  url: '/src/components/reports/StatementGenerator.tsx',
  statusCode: 304,
  duration: '2ms',
  ip: '127.0.0.1',
  response: undefined
}
2025-08-20T19:48:52.577Z [INFO]: Request completed {
  method: 'GET',
  url: '/src/components/ui/label.tsx',
  statusCode: 304,
  duration: '1ms',
  ip: '127.0.0.1',
  response: undefined
}
2025-08-20T19:48:52.583Z [INFO]: Request completed {
  method: 'GET',
  url: '/src/components/ui/card.tsx',
  statusCode: 304,
  duration: '3ms',
  ip: '127.0.0.1',
  response: undefined
}
2025-08-20T19:48:52.585Z [INFO]: Request completed {
  method: 'GET',
  url: '/src/lib/design-tokens.ts',
  statusCode: 304,
  duration: '1ms',
  ip: '127.0.0.1',
  response: undefined
}
2025-08-20T19:48:52.588Z [INFO]: Request completed {
  method: 'GET',
  url: '/src/hooks/use-toast.ts',
  statusCode: 304,
  duration: '1ms',
  ip: '127.0.0.1',
  response: undefined
}
2025-08-20T19:48:52.591Z [INFO]: Request completed {
  method: 'GET',
  url: '/src/components/ui/badge.tsx',
  statusCode: 304,
  duration: '2ms',
  ip: '127.0.0.1',
  response: undefined
}
2025-08-20T19:48:52.595Z [INFO]: Request completed {
  method: 'GET',
  url: '/src/components/modals/BulkOperationsModal.tsx',
  statusCode: 304,
  duration: '2ms',
  ip: '127.0.0.1',
  response: undefined
}
2025-08-20T19:48:52.599Z [INFO]: Request completed {
  method: 'GET',
  url: '/src/components/ui/dialog.tsx',
  statusCode: 304,
  duration: '2ms',
  ip: '127.0.0.1',
  response: undefined
}
2025-08-20T19:48:52.603Z [INFO]: Request completed {
  method: 'GET',
  url: '/src/components/ui/select.tsx',
  statusCode: 304,
  duration: '2ms',
  ip: '127.0.0.1',
  response: undefined
}
2025-08-20T19:48:52.606Z [INFO]: Request completed {
  method: 'GET',
  url: '/src/components/ui/switch.tsx',
  statusCode: 304,
  duration: '1ms',
  ip: '127.0.0.1',
  response: undefined
}
2025-08-20T19:48:52.612Z [INFO]: Request completed {
  method: 'GET',
  url: '/src/components/ui/toast.tsx',
  statusCode: 304,
  duration: '3ms',
  ip: '127.0.0.1',
  response: undefined
}
2025-08-20T19:48:52.620Z [INFO]: Request completed {
  method: 'GET',
  url: '/src/components/ui/form.tsx',
  statusCode: 304,
  duration: '3ms',
  ip: '127.0.0.1',
  response: undefined
}
2025-08-20T19:48:52.625Z [INFO]: Request completed {
  method: 'GET',
  url: '/src/components/ui/textarea.tsx',
  statusCode: 304,
  duration: '3ms',
  ip: '127.0.0.1',
  response: undefined
}
2025-08-20T19:48:52.635Z [INFO]: Request completed {
  method: 'GET',
  url: '/src/components/ui/tabs.tsx',
  statusCode: 304,
  duration: '3ms',
  ip: '127.0.0.1',
  response: undefined
}
2025-08-20T19:48:52.638Z [INFO]: Request completed {
  method: 'GET',
  url: '/src/components/ui/sheet.tsx',
  statusCode: 304,
  duration: '1ms',
  ip: '127.0.0.1',
  response: undefined
}
2025-08-20T19:48:52.650Z [INFO]: Request completed {
  method: 'GET',
  url: '/src/components/layout/AppHeader.tsx',
  statusCode: 304,
  duration: '8ms',
  ip: '127.0.0.1',
  response: undefined
}
2025-08-20T19:48:52.654Z [INFO]: Request completed {
  method: 'GET',
  url: '/src/components/layout/SidebarNav.tsx',
  statusCode: 304,
  duration: '1ms',
  ip: '127.0.0.1',
  response: undefined
}
2025-08-20T19:48:52.658Z [INFO]: Request completed {
  method: 'GET',
  url: '/src/components/layout/MobileNavDrawer.tsx',
  statusCode: 304,
  duration: '2ms',
  ip: '127.0.0.1',
  response: undefined
}
2025-08-20T19:48:52.665Z [INFO]: Request completed {
  method: 'GET',
  url: '/src/components/layout/MobileBottomNav.tsx',
  statusCode: 304,
  duration: '3ms',
  ip: '127.0.0.1',
  response: undefined
}
2025-08-20T19:48:52.669Z [INFO]: Request completed {
  method: 'GET',
  url: '/src/components/layout/Breadcrumb.tsx',
  statusCode: 304,
  duration: '2ms',
  ip: '127.0.0.1',
  response: undefined
}
2025-08-20T19:48:52.674Z [INFO]: Request completed {
  method: 'GET',
  url: '/src/components/ui/table.tsx',
  statusCode: 304,
  duration: '2ms',
  ip: '127.0.0.1',
  response: undefined
}
2025-08-20T19:48:52.683Z [INFO]: Request completed {
  method: 'GET',
  url: '/src/components/ui/loading.tsx',
  statusCode: 304,
  duration: '7ms',
  ip: '127.0.0.1',
  response: undefined
}
2025-08-20T19:48:52.688Z [INFO]: Request completed {
  method: 'GET',
  url: '/src/lib/photo-utils.ts',
  statusCode: 304,
  duration: '2ms',
  ip: '127.0.0.1',
  response: undefined
}
2025-08-20T19:48:52.695Z [INFO]: Request completed {
  method: 'GET',
  url: '/src/components/ui/progress.tsx',
  statusCode: 304,
  duration: '2ms',
  ip: '127.0.0.1',
  response: undefined
}
2025-08-20T19:48:52.702Z [INFO]: Request completed {
  method: 'GET',
  url: '/src/lib/utils.ts',
  statusCode: 304,
  duration: '3ms',
  ip: '127.0.0.1',
  response: undefined
}
2025-08-20T19:48:52.706Z [INFO]: Request completed {
  method: 'GET',
  url: '/src/components/ui/scroll-area.tsx',
  statusCode: 304,
  duration: '2ms',
  ip: '127.0.0.1',
  response: undefined
}
2025-08-20T19:48:52.951Z [INFO]: Request completed {
  method: 'GET',
  url: '/',
  statusCode: 200,
  duration: '13ms',
  ip: '127.0.0.1',
  response: undefined
}
2025-08-20T19:48:53.134Z [INFO]: Request completed {
  method: 'GET',
  url: '/api/businesses',
  statusCode: 200,
  duration: '262ms',
  ip: '127.0.0.1',
  response: undefined
}
2025-08-20T19:48:53.184Z [INFO]: Request completed {
  method: 'GET',
  url: '/?businessId=biz_vm6cc68ua',
  statusCode: 200,
  duration: '13ms',
  ip: '127.0.0.1',
  response: undefined
}
2025-08-20T19:48:53.441Z [INFO]: Request completed {
  method: 'GET',
  url: '/api/cashbook',
  statusCode: 200,
  duration: '271ms',
  ip: '127.0.0.1',
  response: undefined
}
2025-08-20T19:48:53.449Z [INFO]: Request completed {
  method: 'GET',
  url: '/api/branches/business/biz_vm6cc68ua',
  statusCode: 200,
  duration: '285ms',
  ip: '127.0.0.1',
  response: undefined
}
2025-08-20T19:48:53.456Z [INFO]: Request completed {
  method: 'GET',
  url: '/api/items',
  statusCode: 200,
  duration: '282ms',
  ip: '127.0.0.1',
  response: undefined
}
2025-08-20T19:48:53.496Z [INFO]: Request completed {
  method: 'GET',
  url: '/?businessId=biz_vm6cc68ua&branchId=branch_bvogi766p',
  statusCode: 200,
  duration: '12ms',
  ip: '127.0.0.1',
  response: undefined
}
2025-08-20T19:48:53.761Z [INFO]: Request completed {
  method: 'GET',
  url: '/api/accounts',
  statusCode: 200,
  duration: '283ms',
  ip: '127.0.0.1',
  response: undefined
}
2025-08-20T19:48:53.769Z [INFO]: Request completed {
  method: 'GET',
  url: '/api/items',
  statusCode: 200,
  duration: '279ms',
  ip: '127.0.0.1',
  response: undefined
}
2025-08-20T19:48:53.778Z [INFO]: Request completed {
  method: 'GET',
  url: '/api/cashbook',
  statusCode: 200,
  duration: '294ms',
  ip: '127.0.0.1',
  response: undefined
}
2025-08-20T19:48:53.805Z [INFO]: Request completed {
  method: 'GET',
  url: '/api/accounts',
  statusCode: 200,
  duration: '638ms',
  ip: '127.0.0.1',
  response: undefined
}
2025-08-20T19:48:55.361Z [INFO]: Request completed {
  method: 'GET',
  url: '/sw.js',
  statusCode: 304,
  duration: '4ms',
  ip: '127.0.0.1',
  response: undefined
}
2025-08-20T19:48:59.476Z [INFO]: Request completed {
  method: 'GET',
  url: '/api/businesses',
  statusCode: 200,
  duration: '293ms',
  ip: '127.0.0.1',
  response: undefined
}
2025-08-20T19:48:59.545Z [INFO]: Request completed {
  method: 'GET',
  url: '/?businessId=biz_vm6cc68ua',
  statusCode: 200,
  duration: '20ms',
  ip: '127.0.0.1',
  response: undefined
}
2025-08-20T19:48:59.778Z [INFO]: Request completed {
  method: 'GET',
  url: '/api/branches/business/biz_vm6cc68ua',
  statusCode: 200,
  duration: '275ms',
  ip: '127.0.0.1',
  response: undefined
}
2025-08-20T19:48:59.788Z [INFO]: Request completed {
  method: 'GET',
  url: '/api/accounts',
  statusCode: 200,
  duration: '274ms',
  ip: '127.0.0.1',
  response: undefined
}
2025-08-20T19:48:59.813Z [INFO]: Request completed {
  method: 'GET',
  url: '/api/cashbook',
  statusCode: 200,
  duration: '294ms',
  ip: '127.0.0.1',
  response: undefined
}
2025-08-20T19:48:59.825Z [INFO]: Request completed {
  method: 'GET',
  url: '/api/items',
  statusCode: 200,
  duration: '276ms',
  ip: '127.0.0.1',
  response: undefined
}
2025-08-20T19:48:59.836Z [INFO]: Request completed {
  method: 'GET',
  url: '/?businessId=biz_vm6cc68ua&branchId=branch_bvogi766p',
  statusCode: 200,
  duration: '17ms',
  ip: '127.0.0.1',
  response: undefined
}
2025-08-20T19:49:00.090Z [INFO]: Request completed {
  method: 'GET',
  url: '/api/accounts',
  statusCode: 200,
  duration: '287ms',
  ip: '127.0.0.1',
  response: undefined
}
2025-08-20T19:49:00.092Z [INFO]: Request completed {
  method: 'GET',
  url: '/api/cashbook',
  statusCode: 200,
  duration: '278ms',
  ip: '127.0.0.1',
  response: undefined
}
2025-08-20T19:49:00.095Z [INFO]: Request completed {
  method: 'GET',
  url: '/api/items',
  statusCode: 200,
  duration: '268ms',
  ip: '127.0.0.1',
  response: undefined
}
2025-08-20T19:50:38.068Z [INFO]: Request completed {
  method: 'GET',
  url: '/?businessId=biz_vm6cc68ua&branchId=branch_fwbwgam0m',
  statusCode: 200,
  duration: '44ms',
  ip: '127.0.0.1',
  response: undefined
}
2025-08-20T19:50:38.343Z [INFO]: Request completed {
  method: 'GET',
  url: '/api/items',
  statusCode: 200,
  duration: '315ms',
  ip: '127.0.0.1',
  response: undefined
}
2025-08-20T19:50:38.349Z [INFO]: Request completed {
  method: 'GET',
  url: '/api/cashbook',
  statusCode: 200,
  duration: '331ms',
  ip: '127.0.0.1',
  response: undefined
}
2025-08-20T19:50:38.355Z [INFO]: Request completed {
  method: 'GET',
  url: '/api/accounts',
  statusCode: 200,
  duration: '341ms',
  ip: '127.0.0.1',
  response: undefined
}
2025-08-20T19:50:42.243Z [INFO]: Request completed {
  method: 'GET',
  url: '/?businessId=biz_vm6cc68ua&branchId=branch_ubxu3xjyi',
  statusCode: 200,
  duration: '29ms',
  ip: '127.0.0.1',
  response: undefined
}
2025-08-20T19:50:42.478Z [INFO]: Request completed {
  method: 'GET',
  url: '/api/cashbook',
  statusCode: 200,
  duration: '270ms',
  ip: '127.0.0.1',
  response: undefined
}
2025-08-20T19:50:42.487Z [INFO]: Request completed {
  method: 'GET',
  url: '/api/accounts',
  statusCode: 200,
  duration: '283ms',
  ip: '127.0.0.1',
  response: undefined
}
2025-08-20T19:50:42.508Z [INFO]: Request completed {
  method: 'GET',
  url: '/api/items',
  statusCode: 200,
  duration: '288ms',
  ip: '127.0.0.1',
  response: undefined
}
2025-08-20T19:53:37.850Z [INFO]: Request completed {
  method: 'GET',
  url: '/api/accounts',
  statusCode: 200,
  duration: '264ms',
  ip: '127.0.0.1',
  response: undefined
}
2025-08-20T19:53:37.855Z [INFO]: Request completed {
  method: 'GET',
  url: '/api/items',
  statusCode: 200,
  duration: '265ms',
  ip: '127.0.0.1',
  response: undefined
}
2025-08-20T19:53:37.860Z [INFO]: Request completed {
  method: 'GET',
  url: '/api/businesses',
  statusCode: 200,
  duration: '286ms',
  ip: '127.0.0.1',
  response: undefined
}
2025-08-20T19:53:37.864Z [INFO]: Request completed {
  method: 'GET',
  url: '/api/accounts',
  statusCode: 200,
  duration: '268ms',
  ip: '127.0.0.1',
  response: undefined
}
2025-08-20T19:53:37.868Z [INFO]: Request completed {
  method: 'GET',
  url: '/api/accounts',
  statusCode: 200,
  duration: '276ms',
  ip: '127.0.0.1',
  response: undefined
}
2025-08-20T19:53:38.139Z [INFO]: Request completed {
  method: 'GET',
  url: '/api/businesses',
  statusCode: 200,
  duration: '268ms',
  ip: '127.0.0.1',
  response: undefined
}
2025-08-20T19:53:38.212Z [INFO]: Request completed {
  method: 'GET',
  url: '/?businessId=biz_vm6cc68ua',
  statusCode: 200,
  duration: '17ms',
  ip: '127.0.0.1',
  response: undefined
}
2025-08-20T19:53:38.457Z [INFO]: Request completed {
  method: 'GET',
  url: '/api/branches/business/biz_vm6cc68ua',
  statusCode: 200,
  duration: '279ms',
  ip: '127.0.0.1',
  response: undefined
}
2025-08-20T19:53:38.468Z [INFO]: Request completed {
  method: 'GET',
  url: '/api/accounts',
  statusCode: 200,
  duration: '280ms',
  ip: '127.0.0.1',
  response: undefined
}
2025-08-20T19:53:38.471Z [INFO]: Request completed {
  method: 'GET',
  url: '/api/cashbook',
  statusCode: 200,
  duration: '279ms',
  ip: '127.0.0.1',
  response: undefined
}
2025-08-20T19:53:38.480Z [INFO]: Request completed {
  method: 'GET',
  url: '/api/items',
  statusCode: 200,
  duration: '282ms',
  ip: '127.0.0.1',
  response: undefined
}
2025-08-20T19:53:38.503Z [INFO]: Request completed {
  method: 'GET',
  url: '/?businessId=biz_vm6cc68ua&branchId=branch_bvogi766p',
  statusCode: 200,
  duration: '14ms',
  ip: '127.0.0.1',
  response: undefined
}
2025-08-20T19:53:38.771Z [INFO]: Request completed {
  method: 'GET',
  url: '/api/accounts',
  statusCode: 200,
  duration: '288ms',
  ip: '127.0.0.1',
  response: undefined
}
2025-08-20T19:53:38.787Z [INFO]: Request completed {
  method: 'GET',
  url: '/api/items',
  statusCode: 200,
  duration: '287ms',
  ip: '127.0.0.1',
  response: undefined
}
2025-08-20T19:53:38.793Z [INFO]: Request completed {
  method: 'GET',
  url: '/api/cashbook',
  statusCode: 200,
  duration: '306ms',
  ip: '127.0.0.1',
  response: undefined
}
2025-08-20T19:53:39.706Z [INFO]: Request completed {
  method: 'GET',
  url: '/api/businesses',
  statusCode: 200,
  duration: '305ms',
  ip: '127.0.0.1',
  response: undefined
}
2025-08-20T19:53:39.754Z [INFO]: Request completed {
  method: 'GET',
  url: '/?businessId=biz_vm6cc68ua',
  statusCode: 200,
  duration: '14ms',
  ip: '127.0.0.1',
  response: undefined
}
2025-08-20T19:53:40.013Z [INFO]: Request completed {
  method: 'GET',
  url: '/api/cashbook',
  statusCode: 200,
  duration: '274ms',
  ip: '127.0.0.1',
  response: undefined
}
2025-08-20T19:53:40.019Z [INFO]: Request completed {
  method: 'GET',
  url: '/api/accounts',
  statusCode: 200,
  duration: '281ms',
  ip: '127.0.0.1',
  response: undefined
}
2025-08-20T19:53:40.022Z [INFO]: Request completed {
  method: 'GET',
  url: '/api/branches/business/biz_vm6cc68ua',
  statusCode: 200,
  duration: '294ms',
  ip: '127.0.0.1',
  response: undefined
}
2025-08-20T19:53:40.035Z [INFO]: Request completed {
  method: 'GET',
  url: '/api/items',
  statusCode: 200,
  duration: '292ms',
  ip: '127.0.0.1',
  response: undefined
}
2025-08-20T19:53:40.066Z [INFO]: Request completed {
  method: 'GET',
  url: '/?businessId=biz_vm6cc68ua&branchId=branch_bvogi766p',
  statusCode: 200,
  duration: '13ms',
  ip: '127.0.0.1',
  response: undefined
}
2025-08-20T19:53:40.334Z [INFO]: Request completed {
  method: 'GET',
  url: '/api/items',
  statusCode: 200,
  duration: '280ms',
  ip: '127.0.0.1',
  response: undefined
}
2025-08-20T19:53:40.337Z [INFO]: Request completed {
  method: 'GET',
  url: '/api/accounts',
  statusCode: 200,
  duration: '292ms',
  ip: '127.0.0.1',
  response: undefined
}
2025-08-20T19:53:40.346Z [INFO]: Request completed {
  method: 'GET',
  url: '/api/cashbook',
  statusCode: 200,
  duration: '298ms',
  ip: '127.0.0.1',
  response: undefined
}
2025-08-20T19:53:40.787Z [INFO]: Request completed {
  method: 'GET',
  url: '/api/businesses',
  statusCode: 200,
  duration: '272ms',
  ip: '127.0.0.1',
  response: undefined
}
2025-08-20T19:53:40.835Z [INFO]: Request completed {
  method: 'GET',
  url: '/?businessId=biz_vm6cc68ua',
  statusCode: 200,
  duration: '16ms',
  ip: '127.0.0.1',
  response: undefined
}
2025-08-20T19:53:41.094Z [INFO]: Request completed {
  method: 'GET',
  url: '/api/items',
  statusCode: 200,
  duration: '270ms',
  ip: '127.0.0.1',
  response: undefined
}
2025-08-20T19:53:41.106Z [INFO]: Request completed {
  method: 'GET',
  url: '/api/cashbook',
  statusCode: 200,
  duration: '287ms',
  ip: '127.0.0.1',
  response: undefined
}
2025-08-20T19:53:41.118Z [INFO]: Request completed {
  method: 'GET',
  url: '/api/branches/business/biz_vm6cc68ua',
  statusCode: 200,
  duration: '311ms',
  ip: '127.0.0.1',
  response: undefined
}
2025-08-20T19:53:41.124Z [INFO]: Request completed {
  method: 'GET',
  url: '/api/accounts',
  statusCode: 200,
  duration: '309ms',
  ip: '127.0.0.1',
  response: undefined
}
2025-08-20T19:53:41.163Z [INFO]: Request completed {
  method: 'GET',
  url: '/?businessId=biz_vm6cc68ua&branchId=branch_bvogi766p',
  statusCode: 200,
  duration: '11ms',
  ip: '127.0.0.1',
  response: undefined
}
2025-08-20T19:53:41.417Z [INFO]: Request completed {
  method: 'GET',
  url: '/api/items',
  statusCode: 200,
  duration: '262ms',
  ip: '127.0.0.1',
  response: undefined
}
2025-08-20T19:53:41.421Z [INFO]: Request completed {
  method: 'GET',
  url: '/api/accounts',
  statusCode: 200,
  duration: '274ms',
  ip: '127.0.0.1',
  response: undefined
}
2025-08-20T19:53:41.425Z [INFO]: Request completed {
  method: 'GET',
  url: '/api/cashbook',
  statusCode: 200,
  duration: '275ms',
  ip: '127.0.0.1',
  response: undefined
}
2025-08-20T19:54:10.416Z [INFO]: Request completed {
  method: 'GET',
  url: '/src/components/layout/LedgerLayout.tsx?t=1755719650263',
  statusCode: 200,
  duration: '142ms',
  ip: '127.0.0.1',
  response: undefined
}
2025-08-20T19:54:10.608Z [INFO]: Request completed {
  method: 'GET',
  url: '/src/index.css?t=1755719650263&v=Bcur3Y4nEOP3eY80NshIu',
  statusCode: 200,
  duration: '185ms',
  ip: '127.0.0.1',
  response: undefined
}
2025-08-20T19:54:11.699Z [INFO]: Request completed {
  method: 'GET',
  url: '/api/businesses',
  statusCode: 200,
  duration: '293ms',
  ip: '127.0.0.1',
  response: undefined
}
2025-08-20T19:54:12.006Z [INFO]: Request completed {
  method: 'GET',
  url: '/api/accounts',
  statusCode: 200,
  duration: '269ms',
  ip: '127.0.0.1',
  response: undefined
}
2025-08-20T19:54:12.021Z [INFO]: Request completed {
  method: 'GET',
  url: '/api/branches/business/biz_vm6cc68ua',
  statusCode: 200,
  duration: '288ms',
  ip: '127.0.0.1',
  response: undefined
}
2025-08-20T19:54:12.034Z [INFO]: Request completed {
  method: 'GET',
  url: '/?businessId=biz_vm6cc68ua',
  statusCode: 200,
  duration: '10ms',
  ip: '127.0.0.1',
  response: undefined
}
2025-08-20T19:54:12.094Z [INFO]: Request completed {
  method: 'GET',
  url: '/?businessId=biz_vm6cc68ua&branchId=branch_bvogi766p',
  statusCode: 200,
  duration: '11ms',
  ip: '127.0.0.1',
  response: undefined
}
2025-08-20T19:54:12.302Z [INFO]: Request completed {
  method: 'GET',
  url: '/api/cashbook',
  statusCode: 200,
  duration: '295ms',
  ip: '127.0.0.1',
  response: undefined
}
2025-08-20T19:54:12.340Z [INFO]: Request completed {
  method: 'GET',
  url: '/api/items',
  statusCode: 200,
  duration: '302ms',
  ip: '127.0.0.1',
  response: undefined
}
2025-08-20T19:54:12.351Z [INFO]: Request completed {
  method: 'GET',
  url: '/api/accounts',
  statusCode: 200,
  duration: '275ms',
  ip: '127.0.0.1',
  response: undefined
}
2025-08-20T19:54:12.355Z [INFO]: Request completed {
  method: 'GET',
  url: '/api/cashbook',
  statusCode: 200,
  duration: '276ms',
  ip: '127.0.0.1',
  response: undefined
}
2025-08-20T19:54:12.372Z [INFO]: Request completed {
  method: 'GET',
  url: '/api/items',
  statusCode: 200,
  duration: '277ms',
  ip: '127.0.0.1',
  response: undefined
}
2025-08-20T19:55:27.288Z [INFO]: Request completed {
  method: 'GET',
  url: '/src/pages/admin/Login.tsx?t=1755719726946',
  statusCode: 200,
  duration: '3ms',
  ip: '127.0.0.1',
  response: undefined
}
2025-08-20T19:55:27.296Z [INFO]: Request completed {
  method: 'GET',
  url: '/src/pages/admin/Branches.tsx?t=1755719726946',
  statusCode: 200,
  duration: '5ms',
  ip: '127.0.0.1',
  response: undefined
}
2025-08-20T19:55:27.339Z [INFO]: Request completed {
  method: 'GET',
  url: '/src/pages/business/Accounts.tsx?t=1755719726946',
  statusCode: 200,
  duration: '2ms',
  ip: '127.0.0.1',
  response: undefined
}
2025-08-20T19:55:27.344Z [INFO]: Request completed {
  method: 'GET',
  url: '/src/pages/business/Invoices.tsx?t=1755719726946',
  statusCode: 200,
  duration: '3ms',
  ip: '127.0.0.1',
  response: undefined
}
2025-08-20T19:55:27.356Z [INFO]: Request completed {
  method: 'GET',
  url: '/src/pages/business/Login.tsx?t=1755719726946',
  statusCode: 200,
  duration: '5ms',
  ip: '127.0.0.1',
  response: undefined
}
2025-08-20T19:55:27.362Z [INFO]: Request completed {
  method: 'GET',
  url: '/src/pages/business/Settings.tsx?t=1755719726946',
  statusCode: 200,
  duration: '5ms',
  ip: '127.0.0.1',
  response: undefined
}
2025-08-20T19:55:27.549Z [INFO]: Request completed {
  method: 'GET',
  url: '/src/index.css?t=1755719726946&v=Bcur3Y4nEOP3eY80NshIu',
  statusCode: 200,
  duration: '265ms',
  ip: '127.0.0.1',
  response: undefined
}
2025-08-20T19:55:27.556Z [INFO]: Request completed {
  method: 'GET',
  url: '/src/pages/business/Reports.tsx?t=1755719726946',
  statusCode: 200,
  duration: '5ms',
  ip: '127.0.0.1',
  response: undefined
}
2025-08-20T19:55:27.561Z [INFO]: Request completed {
  method: 'GET',
  url: '/src/pages/business/Cashbook.tsx?t=1755719726946',
  statusCode: 200,
  duration: '3ms',
  ip: '127.0.0.1',
  response: undefined
}
2025-08-20T19:55:27.568Z [INFO]: Request completed {
  method: 'GET',
  url: '/src/pages/business/Inventory.tsx?t=1755719726946',
  statusCode: 200,
  duration: '4ms',
  ip: '127.0.0.1',
  response: undefined
}
2025-08-20T19:55:27.577Z [INFO]: Request completed {
  method: 'GET',
  url: '/src/pages/business/Dashboard.tsx?t=1755719726946',
  statusCode: 200,
  duration: '7ms',
  ip: '127.0.0.1',
  response: undefined
}
2025-08-20T19:55:27.585Z [INFO]: Request completed {
  method: 'GET',
  url: '/src/components/layout/LedgerLayout.tsx?t=1755719726946',
  statusCode: 200,
  duration: '7ms',
  ip: '127.0.0.1',
  response: undefined
}
2025-08-20T19:55:27.589Z [INFO]: Request completed {
  method: 'GET',
  url: '/src/components/modals/CreateInvoiceModal.tsx?t=1755719726946',
  statusCode: 200,
  duration: '3ms',
  ip: '127.0.0.1',
  response: undefined
}
2025-08-20T19:55:27.605Z [INFO]: Request completed {
  method: 'GET',
  url: '/src/lib/api.ts?t=1755719726946',
  statusCode: 200,
  duration: '2ms',
  ip: '127.0.0.1',
  response: undefined
}
2025-08-20T19:55:28.664Z [INFO]: Request completed {
  method: 'GET',
  url: '/api/businesses',
  statusCode: 200,
  duration: '259ms',
  ip: '127.0.0.1',
  response: undefined
}
2025-08-20T19:55:28.698Z [INFO]: Request completed {
  method: 'GET',
  url: '/api/items',
  statusCode: 200,
  duration: '272ms',
  ip: '127.0.0.1',
  response: undefined
}
2025-08-20T19:55:28.703Z [INFO]: Request completed {
  method: 'GET',
  url: '/api/accounts',
  statusCode: 200,
  duration: '283ms',
  ip: '127.0.0.1',
  response: undefined
}
2025-08-20T19:55:28.717Z [INFO]: Request completed {
  method: 'GET',
  url: '/api/branches/business/biz_vm6cc68ua',
  statusCode: 200,
  duration: '281ms',
  ip: '127.0.0.1',
  response: undefined
}
2025-08-20T19:55:28.731Z [INFO]: Request completed {
  method: 'GET',
  url: '/?businessId=biz_vm6cc68ua&branchId=branch_bvogi766p',
  statusCode: 200,
  duration: '21ms',
  ip: '127.0.0.1',
  response: undefined
}
2025-08-20T19:55:28.940Z [INFO]: Request completed {
  method: 'GET',
  url: '/api/accounts',
  statusCode: 200,
  duration: '274ms',
  ip: '127.0.0.1',
  response: undefined
}
2025-08-20T19:55:28.969Z [INFO]: Request completed {
  method: 'GET',
  url: '/api/cashbook',
  statusCode: 200,
  duration: '261ms',
  ip: '127.0.0.1',
  response: undefined
}
2025-08-20T19:55:29.006Z [INFO]: Request completed {
  method: 'GET',
  url: '/api/items',
  statusCode: 200,
  duration: '273ms',
  ip: '127.0.0.1',
  response: undefined
}
2025-08-20T19:55:30.179Z [INFO]: Request completed {
  method: 'GET',
  url: '/src/pages/admin/Login.tsx?t=1755719730156',
  statusCode: 200,
  duration: '5ms',
  ip: '127.0.0.1',
  response: undefined
}
2025-08-20T19:55:30.188Z [INFO]: Request completed {
  method: 'GET',
  url: '/src/pages/admin/Branches.tsx?t=1755719730156',
  statusCode: 200,
  duration: '6ms',
  ip: '127.0.0.1',
  response: undefined
}
2025-08-20T19:55:30.214Z [INFO]: Request completed {
  method: 'GET',
  url: '/src/pages/business/Accounts.tsx?t=1755719730156',
  statusCode: 200,
  duration: '2ms',
  ip: '127.0.0.1',
  response: undefined
}
2025-08-20T19:55:30.219Z [INFO]: Request completed {
  method: 'GET',
  url: '/src/pages/business/Invoices.tsx?t=1755719730156',
  statusCode: 200,
  duration: '3ms',
  ip: '127.0.0.1',
  response: undefined
}
2025-08-20T19:55:30.317Z [INFO]: Request completed {
  method: 'GET',
  url: '/src/index.css?t=1755719730156&v=Bcur3Y4nEOP3eY80NshIu',
  statusCode: 200,
  duration: '146ms',
  ip: '127.0.0.1',
  response: undefined
}
2025-08-20T19:55:30.322Z [INFO]: Request completed {
  method: 'GET',
  url: '/src/pages/business/Login.tsx?t=1755719730156',
  statusCode: 200,
  duration: '3ms',
  ip: '127.0.0.1',
  response: undefined
}
2025-08-20T19:55:30.327Z [INFO]: Request completed {
  method: 'GET',
  url: '/src/pages/business/Settings.tsx?t=1755719730156',
  statusCode: 200,
  duration: '3ms',
  ip: '127.0.0.1',
  response: undefined
}
2025-08-20T19:55:30.333Z [INFO]: Request completed {
  method: 'GET',
  url: '/src/pages/business/Reports.tsx?t=1755719730156',
  statusCode: 200,
  duration: '3ms',
  ip: '127.0.0.1',
  response: undefined
}
2025-08-20T19:55:30.345Z [INFO]: Request completed {
  method: 'GET',
  url: '/src/pages/business/Cashbook.tsx?t=1755719730156',
  statusCode: 200,
  duration: '3ms',
  ip: '127.0.0.1',
  response: undefined
}
2025-08-20T19:55:30.351Z [INFO]: Request completed {
  method: 'GET',
  url: '/src/pages/business/Inventory.tsx?t=1755719730156',
  statusCode: 200,
  duration: '2ms',
  ip: '127.0.0.1',
  response: undefined
}
2025-08-20T19:55:30.364Z [INFO]: Request completed {
  method: 'GET',
  url: '/src/pages/business/Dashboard.tsx?t=1755719730156',
  statusCode: 200,
  duration: '5ms',
  ip: '127.0.0.1',
  response: undefined
}
2025-08-20T19:55:30.371Z [INFO]: Request completed {
  method: 'GET',
  url: '/src/components/layout/LedgerLayout.tsx?t=1755719730156',
  statusCode: 200,
  duration: '5ms',
  ip: '127.0.0.1',
  response: undefined
}
2025-08-20T19:55:30.374Z [INFO]: Request completed {
  method: 'GET',
  url: '/src/components/modals/CreateInvoiceModal.tsx?t=1755719730156',
  statusCode: 200,
  duration: '2ms',
  ip: '127.0.0.1',
  response: undefined
}
2025-08-20T19:55:30.406Z [INFO]: Request completed {
  method: 'GET',
  url: '/src/lib/api.ts?t=1755719730156',
  statusCode: 200,
  duration: '2ms',
  ip: '127.0.0.1',
  response: undefined
}
2025-08-20T19:55:31.477Z [INFO]: Request completed {
  method: 'GET',
  url: '/?businessId=biz_vm6cc68ua&branchId=branch_bvogi766p',
  statusCode: 200,
  duration: '21ms',
  ip: '127.0.0.1',
  response: undefined
}
2025-08-20T19:55:31.710Z [INFO]: Request completed {
  method: 'GET',
  url: '/api/businesses',
  statusCode: 200,
  duration: '273ms',
  ip: '127.0.0.1',
  response: undefined
}
2025-08-20T19:55:31.722Z [INFO]: Request completed {
  method: 'GET',
  url: '/api/branches/business/biz_vm6cc68ua',
  statusCode: 200,
  duration: '280ms',
  ip: '127.0.0.1',
  response: undefined
}
2025-08-20T19:55:31.728Z [INFO]: Request completed {
  method: 'GET',
  url: '/api/cashbook',
  statusCode: 200,
  duration: '274ms',
  ip: '127.0.0.1',
  response: undefined
}
2025-08-20T19:55:31.734Z [INFO]: Request completed {
  method: 'GET',
  url: '/api/accounts',
  statusCode: 200,
  duration: '285ms',
  ip: '127.0.0.1',
  response: undefined
}
2025-08-20T19:55:31.739Z [INFO]: Request completed {
  method: 'GET',
  url: '/api/items',
  statusCode: 200,
  duration: '278ms',
  ip: '127.0.0.1',
  response: undefined
}
2025-08-20T19:56:01.537Z [INFO]: Request completed {
  method: 'GET',
  url: '/src/pages/admin/Login.tsx?t=1755719761195',
  statusCode: 200,
  duration: '4ms',
  ip: '127.0.0.1',
  response: undefined
}
2025-08-20T19:56:01.546Z [INFO]: Request completed {
  method: 'GET',
  url: '/src/pages/admin/Branches.tsx?t=1755719761195',
  statusCode: 200,
  duration: '5ms',
  ip: '127.0.0.1',
  response: undefined
}
2025-08-20T19:56:01.575Z [INFO]: Request completed {
  method: 'GET',
  url: '/src/pages/business/Accounts.tsx?t=1755719761195',
  statusCode: 200,
  duration: '6ms',
  ip: '127.0.0.1',
  response: undefined
}
2025-08-20T19:56:01.584Z [INFO]: Request completed {
  method: 'GET',
  url: '/src/pages/business/Invoices.tsx?t=1755719761195',
  statusCode: 200,
  duration: '6ms',
  ip: '127.0.0.1',
  response: undefined
}
2025-08-20T19:56:01.695Z [INFO]: Request completed {
  method: 'GET',
  url: '/src/index.css?t=1755719761195&v=Bcur3Y4nEOP3eY80NshIu',
  statusCode: 200,
  duration: '166ms',
  ip: '127.0.0.1',
  response: undefined
}
2025-08-20T19:56:01.700Z [INFO]: Request completed {
  method: 'GET',
  url: '/src/pages/business/Login.tsx?t=1755719761195',
  statusCode: 200,
  duration: '4ms',
  ip: '127.0.0.1',
  response: undefined
}
2025-08-20T19:56:01.705Z [INFO]: Request completed {
  method: 'GET',
  url: '/src/pages/business/Settings.tsx?t=1755719761195',
  statusCode: 200,
  duration: '3ms',
  ip: '127.0.0.1',
  response: undefined
}
2025-08-20T19:56:01.718Z [INFO]: Request completed {
  method: 'GET',
  url: '/src/pages/business/Reports.tsx?t=1755719761195',
  statusCode: 200,
  duration: '3ms',
  ip: '127.0.0.1',
  response: undefined
}
2025-08-20T19:56:01.723Z [INFO]: Request completed {
  method: 'GET',
  url: '/src/pages/business/Cashbook.tsx?t=1755719761195',
  statusCode: 200,
  duration: '3ms',
  ip: '127.0.0.1',
  response: undefined
}
2025-08-20T19:56:01.730Z [INFO]: Request completed {
  method: 'GET',
  url: '/src/pages/business/Inventory.tsx?t=1755719761195',
  statusCode: 200,
  duration: '5ms',
  ip: '127.0.0.1',
  response: undefined
}
2025-08-20T19:56:01.743Z [INFO]: Request completed {
  method: 'GET',
  url: '/src/pages/business/Dashboard.tsx?t=1755719761195',
  statusCode: 200,
  duration: '4ms',
  ip: '127.0.0.1',
  response: undefined
}
2025-08-20T19:56:01.749Z [INFO]: Request completed {
  method: 'GET',
  url: '/src/components/layout/LedgerLayout.tsx?t=1755719761195',
  statusCode: 200,
  duration: '4ms',
  ip: '127.0.0.1',
  response: undefined
}
2025-08-20T19:56:01.754Z [INFO]: Request completed {
  method: 'GET',
  url: '/src/components/modals/CreateInvoiceModal.tsx?t=1755719761195',
  statusCode: 200,
  duration: '2ms',
  ip: '127.0.0.1',
  response: undefined
}
2025-08-20T19:56:01.773Z [INFO]: Request completed {
  method: 'GET',
  url: '/src/lib/api.ts?t=1755719761195',
  statusCode: 200,
  duration: '1ms',
  ip: '127.0.0.1',
  response: undefined
}
2025-08-20T19:56:02.719Z [INFO]: Request completed {
  method: 'GET',
  url: '/?businessId=biz_vm6cc68ua&branchId=branch_bvogi766p',
  statusCode: 200,
  duration: '18ms',
  ip: '127.0.0.1',
  response: undefined
}
2025-08-20T19:56:02.722Z [INFO]: Request completed {
  method: 'GET',
  url: '/api/businesses',
  statusCode: 200,
  duration: '340ms',
  ip: '127.0.0.1',
  response: undefined
}
2025-08-20T19:56:02.726Z [INFO]: Request completed {
  method: 'GET',
  url: '/api/branches/business/biz_vm6cc68ua',
  statusCode: 200,
  duration: '334ms',
  ip: '127.0.0.1',
  response: undefined
}
2025-08-20T19:56:02.729Z [INFO]: Request completed {
  method: 'GET',
  url: '/api/accounts',
  statusCode: 200,
  duration: '331ms',
  ip: '127.0.0.1',
  response: undefined
}
2025-08-20T19:56:02.732Z [INFO]: Request completed {
  method: 'GET',
  url: '/api/cashbook',
  statusCode: 200,
  duration: '331ms',
  ip: '127.0.0.1',
  response: undefined
}
2025-08-20T19:56:02.983Z [INFO]: Request completed {
  method: 'GET',
  url: '/api/items',
  statusCode: 200,
  duration: '277ms',
  ip: '127.0.0.1',
  response: undefined
}
2025-08-20T19:56:04.378Z [INFO]: Request completed {
  method: 'GET',
  url: '/.well-known/appspecific/com.chrome.devtools.json',
  statusCode: 404,
  duration: '2ms',
  ip: '127.0.0.1',
  response: undefined
}
2025-08-20T19:56:08.129Z [INFO]: Request completed {
  method: 'GET',
  url: '/api/businesses',
  statusCode: 200,
  duration: '260ms',
  ip: '127.0.0.1',
  response: undefined
}
2025-08-20T19:56:08.178Z [INFO]: Request completed {
  method: 'GET',
  url: '/?businessId=biz_vm6cc68ua',
  statusCode: 200,
  duration: '13ms',
  ip: '127.0.0.1',
  response: undefined
}
2025-08-20T19:56:08.417Z [INFO]: Request completed {
  method: 'GET',
  url: '/api/cashbook',
  statusCode: 200,
  duration: '255ms',
  ip: '127.0.0.1',
  response: undefined
}
2025-08-20T19:56:08.422Z [INFO]: Request completed {
  method: 'GET',
  url: '/api/accounts',
  statusCode: 200,
  duration: '264ms',
  ip: '127.0.0.1',
  response: undefined
}
2025-08-20T19:56:08.431Z [INFO]: Request completed {
  method: 'GET',
  url: '/api/branches/business/biz_vm6cc68ua',
  statusCode: 200,
  duration: '278ms',
  ip: '127.0.0.1',
  response: undefined
}
2025-08-20T19:56:08.449Z [INFO]: Request completed {
  method: 'GET',
  url: '/api/items',
  statusCode: 200,
  duration: '280ms',
  ip: '127.0.0.1',
  response: undefined
}
2025-08-20T19:56:08.473Z [INFO]: Request completed {
  method: 'GET',
  url: '/?businessId=biz_vm6cc68ua&branchId=branch_bvogi766p',
  statusCode: 200,
  duration: '11ms',
  ip: '127.0.0.1',
  response: undefined
}
2025-08-20T19:56:08.716Z [INFO]: Request completed {
  method: 'GET',
  url: '/api/accounts',
  statusCode: 200,
  duration: '261ms',
  ip: '127.0.0.1',
  response: undefined
}
2025-08-20T19:56:08.744Z [INFO]: Request completed {
  method: 'GET',
  url: '/api/items',
  statusCode: 200,
  duration: '279ms',
  ip: '127.0.0.1',
  response: undefined
}
2025-08-20T19:56:09.592Z [INFO]: Request completed {
  method: 'GET',
  url: '/api/cashbook',
  statusCode: 200,
  duration: '1135ms',
  ip: '127.0.0.1',
  response: undefined
}
2025-08-20T19:56:10.614Z [INFO]: Request completed {
  method: 'GET',
  url: '/sw.js',
  statusCode: 304,
  duration: '3ms',
  ip: '127.0.0.1',
  response: undefined
}
